NONE: path set: ./altsound.log
NONE: New log level set: DEBUG
DEBUG: BEGIN AltsoundInit()
DEBUG: BEGIN AltsoundIniProcessor::parse_altsound_ini()
INFO: Parsed "record_sound_cmds": true
INFO: Parsed "rom_volume_ctrl": false
INFO: Parsed "format": g-sound
INFO: Parsed "logging_level": debug
NONE: New log level set: DEBUG
DEBUG: BEGIN AltsoundIniProcessor::parseDuckingProfile()
DEBUG: END AltsoundIniProcessor::parseDuckingProfile()
DEBUG: BEGIN AltsoundIniProcessor::parseDuckingProfile()
DEBUG: END AltsoundIniProcessor::parseDuckingProfile()
DEBUG: BEGIN AltsoundIniProcessor::parseDuckingProfile()
DEBUG: END AltsoundIniProcessor::parseDuckingProfile()
DEBUG: END parse_altsound_ini()
INFO: g-sound processor created
DEBUG: BEGIN GSoundProcessor::init()
DEBUG: BEGIN GSoundProcessor::loadSamples()
DEBUG: BEGIN GSoundCsvParser::parse()
DEBUG: ID = 0x0049, TYPE = overlay, GAIN = 0.60, DUCK_PRF = 1, FNAME = /home/superhac/tables/Guns N Roses (Data East 1994)/pinmame/altsound/gnr_300/0x0049-end_of_missions.ogg
DEBUG: ID = 0x0050, TYPE = overlay, GAIN = 0.50, DUCK_PRF = 1, FNAME = /home/superhac/tables/Guns N Roses (Data East 1994)/pinmame/altsound/gnr_300/0x0050-door_open.ogg
DEBUG: ID = 0x005c, TYPE = overlay, GAIN = 0.80, DUCK_PRF = 1, FNAME = /home/superhac/tables/Guns N Roses (Data East 1994)/pinmame/altsound/gnr_300/0x005c-jackpot.ogg
DEBUG: ID = 0x005f, TYPE = overlay, GAIN = 0.50, DUCK_PRF = 1, FNAME = /home/superhac/tables/Guns N Roses (Data East 1994)/pinmame/altsound/gnr_300/0x005f-dcs_sound.ogg
DEBUG: ID = 0x0064, TYPE = overlay, GAIN = 0.50, DUCK_PRF = 1, FNAME = /home/superhac/tables/Guns N Roses (Data East 1994)/pinmame/altsound/gnr_300/0x0064-welcome_to_the_jungle_disapear.ogg
DEBUG: ID = 0x0076, TYPE = overlay, GAIN = 0.80, DUCK_PRF = 1, FNAME = /home/superhac/tables/Guns N Roses (Data East 1994)/pinmame/altsound/gnr_300/0x0076-jackpot.ogg
DEBUG: ID = 0x0078, TYPE = overlay, GAIN = 0.80, DUCK_PRF = 1, FNAME = /home/superhac/tables/Guns N Roses (Data East 1994)/pinmame/altsound/gnr_300/0x0078-jackpot.ogg
DEBUG: ID = 0x0099, TYPE = solo, GAIN = 0.80, DUCK_PRF = 1, FNAME = /home/superhac/tables/Guns N Roses (Data East 1994)/pinmame/altsound/gnr_300/0x0099-ball_lose_in_a_middle.ogg
DEBUG: ID = 0x009a, TYPE = overlay, GAIN = 0.80, DUCK_PRF = 1, FNAME = /home/superhac/tables/Guns N Roses (Data East 1994)/pinmame/altsound/gnr_300/0x009a-ball_lose_to_the_left.ogg
DEBUG: ID = 0x0071, TYPE = overlay, GAIN = 0.80, DUCK_PRF = 1, FNAME = /home/superhac/tables/Guns N Roses (Data East 1994)/pinmame/altsound/gnr_300/0x0071-extra_ball.ogg
DEBUG: ID = 0x009b, TYPE = overlay, GAIN = 0.40, DUCK_PRF = 2, FNAME = /home/superhac/tables/Guns N Roses (Data East 1994)/pinmame/altsound/gnr_300/0x009b-ball_select_start_mission.ogg
DEBUG: ID = 0x00ec, TYPE = overlay, GAIN = 0.70, DUCK_PRF = 1, FNAME = /home/superhac/tables/Guns N Roses (Data East 1994)/pinmame/altsound/gnr_300/0x00ec-very_fast_drums.ogg
DEBUG: ID = 0x0001, TYPE = music, GAIN = 0.80, DUCK_PRF = 1, FNAME = /home/superhac/tables/Guns N Roses (Data East 1994)/pinmame/altsound/gnr_300/0x0001-multiball_mission.ogg
DEBUG: ID = 0x0002, TYPE = music, GAIN = 0.90, DUCK_PRF = 1, FNAME = /home/superhac/tables/Guns N Roses (Data East 1994)/pinmame/altsound/gnr_300/0x0002-launch_ball_music.ogg
DEBUG: ID = 0x0003, TYPE = music, GAIN = 0.80, DUCK_PRF = 1, FNAME = /home/superhac/tables/Guns N Roses (Data East 1994)/pinmame/altsound/gnr_300/0x0003-multiball_ready.ogg
DEBUG: ID = 0x0004, TYPE = music, GAIN = 0.99, DUCK_PRF = 1, FNAME = /home/superhac/tables/Guns N Roses (Data East 1994)/pinmame/altsound/gnr_300/0x0004-launch_multiball_music.ogg
DEBUG: ID = 0x0005, TYPE = music, GAIN = 0.95, DUCK_PRF = 1, FNAME = /home/superhac/tables/Guns N Roses (Data East 1994)/pinmame/altsound/gnr_300/0x0005-nighttrain_mission.ogg
DEBUG: ID = 0x0006, TYPE = music, GAIN = 0.90, DUCK_PRF = 1, FNAME = /home/superhac/tables/Guns N Roses (Data East 1994)/pinmame/altsound/gnr_300/0x0006-welcome_to_the_jungle_music_waiting_launch_ball_.ogg
DEBUG: ID = 0x0007, TYPE = music, GAIN = 0.80, DUCK_PRF = 1, FNAME = /home/superhac/tables/Guns N Roses (Data East 1994)/pinmame/altsound/gnr_300/0x0007-duff_mission.ogg
DEBUG: ID = 0x0008, TYPE = music, GAIN = 0.80, DUCK_PRF = 1, FNAME = /home/superhac/tables/Guns N Roses (Data East 1994)/pinmame/altsound/gnr_300/0x0008-paradise_city_mission.ogg
DEBUG: ID = 0x000a, TYPE = music, GAIN = 0.80, DUCK_PRF = 1, FNAME = /home/superhac/tables/Guns N Roses (Data East 1994)/pinmame/altsound/gnr_300/0x000a-aint_going_down_music_mission.ogg
DEBUG: ID = 0x000b, TYPE = music, GAIN = 0.80, DUCK_PRF = 1, FNAME = /home/superhac/tables/Guns N Roses (Data East 1994)/pinmame/altsound/gnr_300/0x000b-aient_going_down_mission.ogg
DEBUG: ID = 0x000c, TYPE = music, GAIN = 0.80, DUCK_PRF = 1, FNAME = /home/superhac/tables/Guns N Roses (Data East 1994)/pinmame/altsound/gnr_300/0x000c-aint_going_down_mission.ogg
DEBUG: ID = 0x000e, TYPE = sfx, GAIN = 0.80, DUCK_PRF = 1, FNAME = /home/superhac/tables/Guns N Roses (Data East 1994)/pinmame/altsound/gnr_300/0x000e-end_of_ball.ogg
DEBUG: ID = 0x000f, TYPE = music, GAIN = 0.90, DUCK_PRF = 1, FNAME = /home/superhac/tables/Guns N Roses (Data East 1994)/pinmame/altsound/gnr_300/0x000f-welcome_to_the_jungle_music.ogg
DEBUG: ID = 0x0010, TYPE = music, GAIN = 0.80, DUCK_PRF = 1, FNAME = /home/superhac/tables/Guns N Roses (Data East 1994)/pinmame/altsound/gnr_300/0x0010-start_ball.ogg
DEBUG: ID = 0x0011, TYPE = music, GAIN = 0.80, DUCK_PRF = 1, FNAME = /home/superhac/tables/Guns N Roses (Data East 1994)/pinmame/altsound/gnr_300/0x0011-ain_t_going_down_theme.ogg
DEBUG: ID = 0x0012, TYPE = music, GAIN = 0.80, DUCK_PRF = 1, FNAME = /home/superhac/tables/Guns N Roses (Data East 1994)/pinmame/altsound/gnr_300/0x0012-solo_mission.ogg
DEBUG: ID = 0x0014, TYPE = music, GAIN = 0.80, DUCK_PRF = 1, FNAME = /home/superhac/tables/Guns N Roses (Data East 1994)/pinmame/altsound/gnr_300/0x0014-duff_mission.ogg
DEBUG: ID = 0x0016, TYPE = music, GAIN = 0.99, DUCK_PRF = 1, FNAME = /home/superhac/tables/Guns N Roses (Data East 1994)/pinmame/altsound/gnr_300/0x0016-slash_solo_mission.ogg
DEBUG: ID = 0x001a, TYPE = music, GAIN = 0.90, DUCK_PRF = 1, FNAME = /home/superhac/tables/Guns N Roses (Data East 1994)/pinmame/altsound/gnr_300/0x001a-slash_solo_mission.ogg
DEBUG: ID = 0x001c, TYPE = music, GAIN = 0.80, DUCK_PRF = 1, FNAME = /home/superhac/tables/Guns N Roses (Data East 1994)/pinmame/altsound/gnr_300/0x001c-rocket_queen_mission.ogg
DEBUG: ID = 0x001e, TYPE = music, GAIN = 0.99, DUCK_PRF = 1, FNAME = /home/superhac/tables/Guns N Roses (Data East 1994)/pinmame/altsound/gnr_300/0x001e-axl_multiball.ogg
DEBUG: ID = 0x002e, TYPE = music, GAIN = 0.80, DUCK_PRF = 1, FNAME = /home/superhac/tables/Guns N Roses (Data East 1994)/pinmame/altsound/gnr_300/0x002e-recorded_song.ogg
DEBUG: ID = 0x0030, TYPE = music, GAIN = 0.55, DUCK_PRF = 1, FNAME = /home/superhac/tables/Guns N Roses (Data East 1994)/pinmame/altsound/gnr_300/0x0030-dizzy_mission.ogg
DEBUG: ID = 0x0032, TYPE = music, GAIN = 0.80, DUCK_PRF = 1, FNAME = /home/superhac/tables/Guns N Roses (Data East 1994)/pinmame/altsound/gnr_300/0x0032-press_fire.ogg
DEBUG: ID = 0x0034, TYPE = music, GAIN = 0.60, DUCK_PRF = 1, FNAME = /home/superhac/tables/Guns N Roses (Data East 1994)/pinmame/altsound/gnr_300/0x0034-gilby_mission.ogg
DEBUG: ID = 0x0036, TYPE = music, GAIN = 0.99, DUCK_PRF = 1, FNAME = /home/superhac/tables/Guns N Roses (Data East 1994)/pinmame/altsound/gnr_300/0x0036-duff_mission.ogg
DEBUG: ID = 0x0038, TYPE = music, GAIN = 0.90, DUCK_PRF = 1, FNAME = /home/superhac/tables/Guns N Roses (Data East 1994)/pinmame/altsound/gnr_300/0x0038-coma_mission.ogg
DEBUG: ID = 0x003a, TYPE = music, GAIN = 0.65, DUCK_PRF = 1, FNAME = /home/superhac/tables/Guns N Roses (Data East 1994)/pinmame/altsound/gnr_300/0x003a-dime_store_rock.ogg
DEBUG: ID = 0x003e, TYPE = music, GAIN = 0.99, DUCK_PRF = 1, FNAME = /home/superhac/tables/Guns N Roses (Data East 1994)/pinmame/altsound/gnr_300/0x003e-snake_mission.ogg
DEBUG: ID = 0x00eb, TYPE = music, GAIN = 0.80, DUCK_PRF = 1, FNAME = /home/superhac/tables/Guns N Roses (Data East 1994)/pinmame/altsound/gnr_300/0x00eb-intro_drums.ogg
DEBUG: ID = 0x00f0, TYPE = music, GAIN = 0.80, DUCK_PRF = 1, FNAME = /home/superhac/tables/Guns N Roses (Data East 1994)/pinmame/altsound/gnr_300/0x00f0-sound_test_right.ogg
DEBUG: ID = 0x00f1, TYPE = music, GAIN = 0.80, DUCK_PRF = 1, FNAME = /home/superhac/tables/Guns N Roses (Data East 1994)/pinmame/altsound/gnr_300/0x00f1-sound_test_left.ogg
DEBUG: ID = 0x00f2, TYPE = music, GAIN = 0.80, DUCK_PRF = 1, FNAME = /home/superhac/tables/Guns N Roses (Data East 1994)/pinmame/altsound/gnr_300/0x00f2-sound_test_left_and_right.ogg
DEBUG: ID = 0x00f4, TYPE = music, GAIN = 0.90, DUCK_PRF = 1, FNAME = /home/superhac/tables/Guns N Roses (Data East 1994)/pinmame/altsound/gnr_300/0x00f4-intro_drums_2.ogg
DEBUG: ID = 0x00f5, TYPE = music, GAIN = 0.80, DUCK_PRF = 1, FNAME = /home/superhac/tables/Guns N Roses (Data East 1994)/pinmame/altsound/gnr_300/0x00f5-rocket_queen_mission.ogg
DEBUG: ID = 0x00f6, TYPE = music, GAIN = 0.99, DUCK_PRF = 1, FNAME = /home/superhac/tables/Guns N Roses (Data East 1994)/pinmame/altsound/gnr_300/0x00f6-axl_multiball.ogg
DEBUG: ID = 0x00f7, TYPE = music, GAIN = 0.70, DUCK_PRF = 1, FNAME = /home/superhac/tables/Guns N Roses (Data East 1994)/pinmame/altsound/gnr_300/0x00f7-dizzy_mission.ogg
DEBUG: ID = 0x00f8, TYPE = music, GAIN = 0.70, DUCK_PRF = 1, FNAME = /home/superhac/tables/Guns N Roses (Data East 1994)/pinmame/altsound/gnr_300/0x00f8-dizzy_mission.ogg
DEBUG: ID = 0x00f9, TYPE = music, GAIN = 0.80, DUCK_PRF = 1, FNAME = /home/superhac/tables/Guns N Roses (Data East 1994)/pinmame/altsound/gnr_300/0x00f9-press_fire.ogg
DEBUG: ID = 0x00fa, TYPE = music, GAIN = 0.99, DUCK_PRF = 1, FNAME = /home/superhac/tables/Guns N Roses (Data East 1994)/pinmame/altsound/gnr_300/0x00fa-duff_mission.ogg
DEBUG: ID = 0x00fb, TYPE = music, GAIN = 0.99, DUCK_PRF = 1, FNAME = /home/superhac/tables/Guns N Roses (Data East 1994)/pinmame/altsound/gnr_300/0x00fb-mission.ogg
DEBUG: ID = 0x00fc, TYPE = music, GAIN = 0.90, DUCK_PRF = 1, FNAME = /home/superhac/tables/Guns N Roses (Data East 1994)/pinmame/altsound/gnr_300/0x00fc-coma_mission.ogg
DEBUG: ID = 0x00fd, TYPE = music, GAIN = 0.70, DUCK_PRF = 1, FNAME = /home/superhac/tables/Guns N Roses (Data East 1994)/pinmame/altsound/gnr_300/0x00fd-dizzy_mission.ogg
DEBUG: ID = 0x0040, TYPE = sfx, GAIN = 0.65, DUCK_PRF = 1, FNAME = /home/superhac/tables/Guns N Roses (Data East 1994)/pinmame/altsound/gnr_300/0x0040-matt_mission.ogg
DEBUG: ID = 0x004c, TYPE = sfx, GAIN = 0.65, DUCK_PRF = 1, FNAME = /home/superhac/tables/Guns N Roses (Data East 1994)/pinmame/altsound/gnr_300/0x004c-chimes.ogg
DEBUG: ID = 0x004f, TYPE = sfx, GAIN = 0.65, DUCK_PRF = 1, FNAME = /home/superhac/tables/Guns N Roses (Data East 1994)/pinmame/altsound/gnr_300/0x004f-bell_ring.ogg
DEBUG: ID = 0x0051, TYPE = overlay, GAIN = 0.65, DUCK_PRF = 1, FNAME = /home/superhac/tables/Guns N Roses (Data East 1994)/pinmame/altsound/gnr_300/0x0051-encore.ogg
DEBUG: ID = 0x0052, TYPE = sfx, GAIN = 0.65, DUCK_PRF = 1, FNAME = /home/superhac/tables/Guns N Roses (Data East 1994)/pinmame/altsound/gnr_300/0x0052-end_of_multiball.ogg
DEBUG: ID = 0x0054, TYPE = sfx, GAIN = 0.65, DUCK_PRF = 1, FNAME = /home/superhac/tables/Guns N Roses (Data East 1994)/pinmame/altsound/gnr_300/0x0054-hi_hat.ogg
DEBUG: ID = 0x0055, TYPE = sfx, GAIN = 0.65, DUCK_PRF = 1, FNAME = /home/superhac/tables/Guns N Roses (Data East 1994)/pinmame/altsound/gnr_300/0x0055-jam.ogg
DEBUG: ID = 0x0056, TYPE = sfx, GAIN = 0.65, DUCK_PRF = 1, FNAME = /home/superhac/tables/Guns N Roses (Data East 1994)/pinmame/altsound/gnr_300/0x0056-fuzz.ogg
DEBUG: ID = 0x0057, TYPE = sfx, GAIN = 0.65, DUCK_PRF = 1, FNAME = /home/superhac/tables/Guns N Roses (Data East 1994)/pinmame/altsound/gnr_300/0x0057-ramp.ogg
DEBUG: ID = 0x0058, TYPE = sfx, GAIN = 0.65, DUCK_PRF = 1, FNAME = /home/superhac/tables/Guns N Roses (Data East 1994)/pinmame/altsound/gnr_300/0x0058-ring.ogg
DEBUG: ID = 0x0059, TYPE = sfx, GAIN = 0.65, DUCK_PRF = 1, FNAME = /home/superhac/tables/Guns N Roses (Data East 1994)/pinmame/altsound/gnr_300/0x0059-level_up.ogg
DEBUG: ID = 0x005a, TYPE = sfx, GAIN = 0.65, DUCK_PRF = 1, FNAME = /home/superhac/tables/Guns N Roses (Data East 1994)/pinmame/altsound/gnr_300/0x005a-fire.ogg
DEBUG: ID = 0x005b, TYPE = sfx, GAIN = 0.65, DUCK_PRF = 1, FNAME = /home/superhac/tables/Guns N Roses (Data East 1994)/pinmame/altsound/gnr_300/0x005b-bling.ogg
DEBUG: ID = 0x005d, TYPE = sfx, GAIN = 0.65, DUCK_PRF = 1, FNAME = /home/superhac/tables/Guns N Roses (Data East 1994)/pinmame/altsound/gnr_300/0x005d-boom_up.ogg
DEBUG: ID = 0x005e, TYPE = sfx, GAIN = 0.65, DUCK_PRF = 1, FNAME = /home/superhac/tables/Guns N Roses (Data East 1994)/pinmame/altsound/gnr_300/0x005e-drainoid.ogg
DEBUG: ID = 0x0060, TYPE = solo, GAIN = 0.70, DUCK_PRF = 1, FNAME = /home/superhac/tables/Guns N Roses (Data East 1994)/pinmame/altsound/gnr_300/0x0060-tilt.ogg
DEBUG: ID = 0x0061, TYPE = solo, GAIN = 0.70, DUCK_PRF = 1, FNAME = /home/superhac/tables/Guns N Roses (Data East 1994)/pinmame/altsound/gnr_300/0x0061-tilt.ogg
DEBUG: ID = 0x0063, TYPE = overlay, GAIN = 0.65, DUCK_PRF = 1, FNAME = /home/superhac/tables/Guns N Roses (Data East 1994)/pinmame/altsound/gnr_300/0x0063-drainoid2.ogg
DEBUG: ID = 0x0065, TYPE = overlay, GAIN = 0.65, DUCK_PRF = 1, FNAME = /home/superhac/tables/Guns N Roses (Data East 1994)/pinmame/altsound/gnr_300/0x0065-guns_n_crypt.ogg
DEBUG: ID = 0x0067, TYPE = overlay, GAIN = 0.65, DUCK_PRF = 1, FNAME = /home/superhac/tables/Guns N Roses (Data East 1994)/pinmame/altsound/gnr_300/0x0067-jackpot.ogg
DEBUG: ID = 0x0068, TYPE = overlay, GAIN = 0.65, DUCK_PRF = 1, FNAME = /home/superhac/tables/Guns N Roses (Data East 1994)/pinmame/altsound/gnr_300/0x0068-echo_shot.ogg
DEBUG: ID = 0x0069, TYPE = overlay, GAIN = 0.65, DUCK_PRF = 1, FNAME = /home/superhac/tables/Guns N Roses (Data East 1994)/pinmame/altsound/gnr_300/0x0069-door_open.ogg
DEBUG: ID = 0x006a, TYPE = sfx, GAIN = 0.30, DUCK_PRF = 1, FNAME = /home/superhac/tables/Guns N Roses (Data East 1994)/pinmame/altsound/gnr_300/0x006a-raining.ogg
DEBUG: ID = 0x006b, TYPE = overlay, GAIN = 0.65, DUCK_PRF = 1, FNAME = /home/superhac/tables/Guns N Roses (Data East 1994)/pinmame/altsound/gnr_300/0x006b-drums_win.ogg
DEBUG: ID = 0x006d, TYPE = overlay, GAIN = 0.65, DUCK_PRF = 1, FNAME = /home/superhac/tables/Guns N Roses (Data East 1994)/pinmame/altsound/gnr_300/0x006d-muliball.ogg
DEBUG: ID = 0x006e, TYPE = overlay, GAIN = 0.65, DUCK_PRF = 1, FNAME = /home/superhac/tables/Guns N Roses (Data East 1994)/pinmame/altsound/gnr_300/0x006e-jackpot.ogg
DEBUG: ID = 0x006f, TYPE = overlay, GAIN = 0.65, DUCK_PRF = 1, FNAME = /home/superhac/tables/Guns N Roses (Data East 1994)/pinmame/altsound/gnr_300/0x006f-cymbal_bass_drum.ogg
DEBUG: ID = 0x0072, TYPE = overlay, GAIN = 0.65, DUCK_PRF = 1, FNAME = /home/superhac/tables/Guns N Roses (Data East 1994)/pinmame/altsound/gnr_300/0x0072-replay.ogg
DEBUG: ID = 0x0073, TYPE = overlay, GAIN = 0.65, DUCK_PRF = 1, FNAME = /home/superhac/tables/Guns N Roses (Data East 1994)/pinmame/altsound/gnr_300/0x0073-jackpot.ogg
DEBUG: ID = 0x0074, TYPE = overlay, GAIN = 0.65, DUCK_PRF = 1, FNAME = /home/superhac/tables/Guns N Roses (Data East 1994)/pinmame/altsound/gnr_300/0x0074-jackpot.ogg
DEBUG: ID = 0x0075, TYPE = overlay, GAIN = 0.65, DUCK_PRF = 1, FNAME = /home/superhac/tables/Guns N Roses (Data East 1994)/pinmame/altsound/gnr_300/0x0075-boom_chimes.ogg
DEBUG: ID = 0x0077, TYPE = overlay, GAIN = 0.65, DUCK_PRF = 1, FNAME = /home/superhac/tables/Guns N Roses (Data East 1994)/pinmame/altsound/gnr_300/0x0077-chimes_win.ogg
DEBUG: ID = 0x0079, TYPE = overlay, GAIN = 0.65, DUCK_PRF = 1, FNAME = /home/superhac/tables/Guns N Roses (Data East 1994)/pinmame/altsound/gnr_300/0x0079-jackpot.ogg
DEBUG: ID = 0x007a, TYPE = overlay, GAIN = 0.65, DUCK_PRF = 1, FNAME = /home/superhac/tables/Guns N Roses (Data East 1994)/pinmame/altsound/gnr_300/0x007a-big_shot_echo.ogg
DEBUG: ID = 0x007b, TYPE = sfx, GAIN = 0.40, DUCK_PRF = 1, FNAME = /home/superhac/tables/Guns N Roses (Data East 1994)/pinmame/altsound/gnr_300/0x007b-push_button.ogg
DEBUG: ID = 0x007c, TYPE = sfx, GAIN = 0.40, DUCK_PRF = 1, FNAME = /home/superhac/tables/Guns N Roses (Data East 1994)/pinmame/altsound/gnr_300/0x007c-setup_button.ogg
DEBUG: ID = 0x007d, TYPE = sfx, GAIN = 0.40, DUCK_PRF = 1, FNAME = /home/superhac/tables/Guns N Roses (Data East 1994)/pinmame/altsound/gnr_300/0x007d-setup_validation.ogg
DEBUG: ID = 0x007e, TYPE = sfx, GAIN = 0.40, DUCK_PRF = 1, FNAME = /home/superhac/tables/Guns N Roses (Data East 1994)/pinmame/altsound/gnr_300/0x007e-setup_button.ogg
DEBUG: ID = 0x007e, TYPE = sfx, GAIN = 0.40, DUCK_PRF = 1, FNAME = /home/superhac/tables/Guns N Roses (Data East 1994)/pinmame/altsound/gnr_300/0x007e-setup_button1.ogg
DEBUG: ID = 0x0080, TYPE = sfx, GAIN = 0.60, DUCK_PRF = 1, FNAME = /home/superhac/tables/Guns N Roses (Data East 1994)/pinmame/altsound/gnr_300/0x0080-shot_gun_down.ogg
DEBUG: ID = 0x0081, TYPE = overlay, GAIN = 0.80, DUCK_PRF = 1, FNAME = /home/superhac/tables/Guns N Roses (Data East 1994)/pinmame/altsound/gnr_300/0x0081-bells_up_down.ogg
DEBUG: ID = 0x0082, TYPE = overlay, GAIN = 0.60, DUCK_PRF = 1, FNAME = /home/superhac/tables/Guns N Roses (Data East 1994)/pinmame/altsound/gnr_300/0x0082-end_missions.ogg
DEBUG: ID = 0x0083, TYPE = overlay, GAIN = 0.65, DUCK_PRF = 1, FNAME = /home/superhac/tables/Guns N Roses (Data East 1994)/pinmame/altsound/gnr_300/0x0083-snakepit.ogg
DEBUG: ID = 0x0084, TYPE = overlay, GAIN = 0.65, DUCK_PRF = 1, FNAME = /home/superhac/tables/Guns N Roses (Data East 1994)/pinmame/altsound/gnr_300/0x0084-loop.ogg
DEBUG: ID = 0x0085, TYPE = overlay, GAIN = 0.65, DUCK_PRF = 1, FNAME = /home/superhac/tables/Guns N Roses (Data East 1994)/pinmame/altsound/gnr_300/0x0085-alarm_shot.ogg
DEBUG: ID = 0x0086, TYPE = sfx, GAIN = 0.65, DUCK_PRF = 1, FNAME = /home/superhac/tables/Guns N Roses (Data East 1994)/pinmame/altsound/gnr_300/0x0086-explosion_up.ogg
DEBUG: ID = 0x0087, TYPE = overlay, GAIN = 0.65, DUCK_PRF = 1, FNAME = /home/superhac/tables/Guns N Roses (Data East 1994)/pinmame/altsound/gnr_300/0x0087-mystery.ogg
DEBUG: ID = 0x0088, TYPE = sfx, GAIN = 0.65, DUCK_PRF = 1, FNAME = /home/superhac/tables/Guns N Roses (Data East 1994)/pinmame/altsound/gnr_300/0x0088-cymbal.ogg
DEBUG: ID = 0x0089, TYPE = sfx, GAIN = 0.65, DUCK_PRF = 1, FNAME = /home/superhac/tables/Guns N Roses (Data East 1994)/pinmame/altsound/gnr_300/0x0089-cymbal.ogg
DEBUG: ID = 0x008a, TYPE = sfx, GAIN = 0.65, DUCK_PRF = 1, FNAME = /home/superhac/tables/Guns N Roses (Data East 1994)/pinmame/altsound/gnr_300/0x008a-cymbal.ogg
DEBUG: ID = 0x008b, TYPE = sfx, GAIN = 0.65, DUCK_PRF = 1, FNAME = /home/superhac/tables/Guns N Roses (Data East 1994)/pinmame/altsound/gnr_300/0x008b-cymbal.ogg
DEBUG: ID = 0x008c, TYPE = sfx, GAIN = 0.65, DUCK_PRF = 1, FNAME = /home/superhac/tables/Guns N Roses (Data East 1994)/pinmame/altsound/gnr_300/0x008c-loop.ogg
DEBUG: ID = 0x008d, TYPE = sfx, GAIN = 0.60, DUCK_PRF = 1, FNAME = /home/superhac/tables/Guns N Roses (Data East 1994)/pinmame/altsound/gnr_300/0x008d-ramp_start.ogg
DEBUG: ID = 0x008e, TYPE = overlay, GAIN = 0.65, DUCK_PRF = 1, FNAME = /home/superhac/tables/Guns N Roses (Data East 1994)/pinmame/altsound/gnr_300/0x008e-jackpot.ogg
DEBUG: ID = 0x008f, TYPE = overlay, GAIN = 0.80, DUCK_PRF = 1, FNAME = /home/superhac/tables/Guns N Roses (Data East 1994)/pinmame/altsound/gnr_300/0x008f-ball_lost.ogg
DEBUG: ID = 0x0090, TYPE = sfx, GAIN = 0.65, DUCK_PRF = 1, FNAME = /home/superhac/tables/Guns N Roses (Data East 1994)/pinmame/altsound/gnr_300/0x0090-lottery.ogg
DEBUG: ID = 0x0091, TYPE = sfx, GAIN = 0.65, DUCK_PRF = 1, FNAME = /home/superhac/tables/Guns N Roses (Data East 1994)/pinmame/altsound/gnr_300/0x0091-lotery.ogg
DEBUG: ID = 0x0092, TYPE = sfx, GAIN = 0.65, DUCK_PRF = 1, FNAME = /home/superhac/tables/Guns N Roses (Data East 1994)/pinmame/altsound/gnr_300/0x0092-lotery.ogg
DEBUG: ID = 0x0093, TYPE = sfx, GAIN = 0.65, DUCK_PRF = 1, FNAME = /home/superhac/tables/Guns N Roses (Data East 1994)/pinmame/altsound/gnr_300/0x0093-lotery.ogg
DEBUG: ID = 0x0094, TYPE = sfx, GAIN = 0.65, DUCK_PRF = 1, FNAME = /home/superhac/tables/Guns N Roses (Data East 1994)/pinmame/altsound/gnr_300/0x0094-lotery.ogg
DEBUG: ID = 0x0095, TYPE = sfx, GAIN = 0.65, DUCK_PRF = 1, FNAME = /home/superhac/tables/Guns N Roses (Data East 1994)/pinmame/altsound/gnr_300/0x0095-lotery.ogg
DEBUG: ID = 0x0096, TYPE = sfx, GAIN = 0.65, DUCK_PRF = 1, FNAME = /home/superhac/tables/Guns N Roses (Data East 1994)/pinmame/altsound/gnr_300/0x0096-lotery.ogg
DEBUG: ID = 0x0097, TYPE = sfx, GAIN = 0.65, DUCK_PRF = 1, FNAME = /home/superhac/tables/Guns N Roses (Data East 1994)/pinmame/altsound/gnr_300/0x0097-lotery.ogg
DEBUG: ID = 0x0098, TYPE = sfx, GAIN = 0.65, DUCK_PRF = 1, FNAME = /home/superhac/tables/Guns N Roses (Data East 1994)/pinmame/altsound/gnr_300/0x0098-ramp_up.ogg
DEBUG: ID = 0x009e, TYPE = sfx, GAIN = 0.65, DUCK_PRF = 1, FNAME = /home/superhac/tables/Guns N Roses (Data East 1994)/pinmame/altsound/gnr_300/0x009e-cymbal.ogg
DEBUG: ID = 0x009f, TYPE = sfx, GAIN = 0.65, DUCK_PRF = 1, FNAME = /home/superhac/tables/Guns N Roses (Data East 1994)/pinmame/altsound/gnr_300/0x009f-ramp_down.ogg
DEBUG: ID = 0x00a0, TYPE = sfx, GAIN = 0.65, DUCK_PRF = 1, FNAME = /home/superhac/tables/Guns N Roses (Data East 1994)/pinmame/altsound/gnr_300/0x00a0-simple_stereo.ogg
DEBUG: ID = 0x00a1, TYPE = sfx, GAIN = 0.65, DUCK_PRF = 1, FNAME = /home/superhac/tables/Guns N Roses (Data East 1994)/pinmame/altsound/gnr_300/0x00a1-simple_stereo_2.ogg
DEBUG: ID = 0x00a2, TYPE = sfx, GAIN = 0.65, DUCK_PRF = 1, FNAME = /home/superhac/tables/Guns N Roses (Data East 1994)/pinmame/altsound/gnr_300/0x00a2-setup_button.ogg
DEBUG: ID = 0x00a3, TYPE = sfx, GAIN = 0.65, DUCK_PRF = 1, FNAME = /home/superhac/tables/Guns N Roses (Data East 1994)/pinmame/altsound/gnr_300/0x00a3-effect_left.ogg
DEBUG: ID = 0x00a4, TYPE = sfx, GAIN = 0.65, DUCK_PRF = 1, FNAME = /home/superhac/tables/Guns N Roses (Data East 1994)/pinmame/altsound/gnr_300/0x00a4-effect_right.ogg
DEBUG: ID = 0x00a8, TYPE = sfx, GAIN = 0.65, DUCK_PRF = 1, FNAME = /home/superhac/tables/Guns N Roses (Data East 1994)/pinmame/altsound/gnr_300/0x00a8-loud_explosion.ogg
DEBUG: ID = 0x00a9, TYPE = sfx, GAIN = 0.70, DUCK_PRF = 1, FNAME = /home/superhac/tables/Guns N Roses (Data East 1994)/pinmame/altsound/gnr_300/0x00a9-motor_bike.ogg
DEBUG: ID = 0x00ab, TYPE = sfx, GAIN = 0.60, DUCK_PRF = 1, FNAME = /home/superhac/tables/Guns N Roses (Data East 1994)/pinmame/altsound/gnr_300/0x00ab-ball_fire.ogg
DEBUG: ID = 0x00ac, TYPE = sfx, GAIN = 0.65, DUCK_PRF = 1, FNAME = /home/superhac/tables/Guns N Roses (Data East 1994)/pinmame/altsound/gnr_300/0x00ac-cymbal.ogg
DEBUG: ID = 0x00ad, TYPE = sfx, GAIN = 0.65, DUCK_PRF = 1, FNAME = /home/superhac/tables/Guns N Roses (Data East 1994)/pinmame/altsound/gnr_300/0x00ad-bell.ogg
DEBUG: ID = 0x00ae, TYPE = sfx, GAIN = 0.50, DUCK_PRF = 1, FNAME = /home/superhac/tables/Guns N Roses (Data East 1994)/pinmame/altsound/gnr_300/0x00ae-bike_change_lane.ogg
DEBUG: ID = 0x00b0, TYPE = sfx, GAIN = 0.50, DUCK_PRF = 1, FNAME = /home/superhac/tables/Guns N Roses (Data East 1994)/pinmame/altsound/gnr_300/0x00b0-matt_mission.ogg
DEBUG: ID = 0x00b1, TYPE = sfx, GAIN = 0.50, DUCK_PRF = 1, FNAME = /home/superhac/tables/Guns N Roses (Data East 1994)/pinmame/altsound/gnr_300/0x00b1-matt_mission.ogg
DEBUG: ID = 0x00b2, TYPE = sfx, GAIN = 0.50, DUCK_PRF = 1, FNAME = /home/superhac/tables/Guns N Roses (Data East 1994)/pinmame/altsound/gnr_300/0x00b2-matt_mission.ogg
DEBUG: ID = 0x00b3, TYPE = sfx, GAIN = 0.50, DUCK_PRF = 1, FNAME = /home/superhac/tables/Guns N Roses (Data East 1994)/pinmame/altsound/gnr_300/0x00b3-matt_mission.ogg
DEBUG: ID = 0x00b4, TYPE = sfx, GAIN = 0.50, DUCK_PRF = 1, FNAME = /home/superhac/tables/Guns N Roses (Data East 1994)/pinmame/altsound/gnr_300/0x00b4-matt_mission.ogg
DEBUG: ID = 0x00bb, TYPE = overlay, GAIN = 0.65, DUCK_PRF = 1, FNAME = /home/superhac/tables/Guns N Roses (Data East 1994)/pinmame/altsound/gnr_300/0x00bb-mission_lock.ogg
DEBUG: ID = 0x00c6, TYPE = overlay, GAIN = 0.65, DUCK_PRF = 1, FNAME = /home/superhac/tables/Guns N Roses (Data East 1994)/pinmame/altsound/gnr_300/0x00c6-gilby_bike.ogg
DEBUG: ID = 0x00de, TYPE = overlay, GAIN = 0.65, DUCK_PRF = 1, FNAME = /home/superhac/tables/Guns N Roses (Data East 1994)/pinmame/altsound/gnr_300/0x00de-mystery_loop.ogg
DEBUG: ID = 0x00e0, TYPE = overlay, GAIN = 0.65, DUCK_PRF = 1, FNAME = /home/superhac/tables/Guns N Roses (Data East 1994)/pinmame/altsound/gnr_300/0x00e0-loading_up.ogg
DEBUG: ID = 0x00e8, TYPE = overlay, GAIN = 0.65, DUCK_PRF = 1, FNAME = /home/superhac/tables/Guns N Roses (Data East 1994)/pinmame/altsound/gnr_300/0x00e8-alarm_tada.ogg
DEBUG: ID = 0x00ed, TYPE = overlay, GAIN = 0.65, DUCK_PRF = 1, FNAME = /home/superhac/tables/Guns N Roses (Data East 1994)/pinmame/altsound/gnr_300/0x00ed-big_horn.ogg
DEBUG: ID = 0x00ee, TYPE = overlay, GAIN = 0.65, DUCK_PRF = 1, FNAME = /home/superhac/tables/Guns N Roses (Data East 1994)/pinmame/altsound/gnr_300/0x00ee-loud_explosion_reverb.ogg
DEBUG: ID = 0x00ef, TYPE = overlay, GAIN = 0.65, DUCK_PRF = 1, FNAME = /home/superhac/tables/Guns N Roses (Data East 1994)/pinmame/altsound/gnr_300/0x00ef-big_win.ogg
DEBUG: ID = 0x0070, TYPE = overlay, GAIN = 0.95, DUCK_PRF = 1, FNAME = /home/superhac/tables/Guns N Roses (Data East 1994)/pinmame/altsound/gnr_300/0x0070-jackpot.ogg
DEBUG: ID = 0x009c, TYPE = sfx, GAIN = 0.80, DUCK_PRF = 1, FNAME = /home/superhac/tables/Guns N Roses (Data East 1994)/pinmame/altsound/gnr_300/0x009c-ball_loose.ogg
DEBUG: ID = 0x009d, TYPE = sfx, GAIN = 0.80, DUCK_PRF = 1, FNAME = /home/superhac/tables/Guns N Roses (Data East 1994)/pinmame/altsound/gnr_300/0x009d-haha1.ogg
DEBUG: ID = 0x009d, TYPE = sfx, GAIN = 0.80, DUCK_PRF = 1, FNAME = /home/superhac/tables/Guns N Roses (Data East 1994)/pinmame/altsound/gnr_300/0x009d-haha2.ogg
DEBUG: ID = 0x00a5, TYPE = callout, GAIN = 0.80, DUCK_PRF = 1, FNAME = /home/superhac/tables/Guns N Roses (Data East 1994)/pinmame/altsound/gnr_300/0x00a5-mistery.ogg
DEBUG: ID = 0x00a6, TYPE = callout, GAIN = 0.80, DUCK_PRF = 1, FNAME = /home/superhac/tables/Guns N Roses (Data East 1994)/pinmame/altsound/gnr_300/0x00a6-coma_is_lite.ogg
DEBUG: ID = 0x00a7, TYPE = callout, GAIN = 0.70, DUCK_PRF = 1, FNAME = /home/superhac/tables/Guns N Roses (Data East 1994)/pinmame/altsound/gnr_300/0x00a7-you_re_in_a_jungle_baby.ogg
DEBUG: ID = 0x00b8, TYPE = callout, GAIN = 0.80, DUCK_PRF = 1, FNAME = /home/superhac/tables/Guns N Roses (Data East 1994)/pinmame/altsound/gnr_300/0x00b8-coma_is_lite.ogg
DEBUG: ID = 0x00b9, TYPE = callout, GAIN = 0.80, DUCK_PRF = 1, FNAME = /home/superhac/tables/Guns N Roses (Data East 1994)/pinmame/altsound/gnr_300/0x00b9-you_re_in_a_jungle_baby.ogg
DEBUG: ID = 0x00ba, TYPE = callout, GAIN = 0.80, DUCK_PRF = 1, FNAME = /home/superhac/tables/Guns N Roses (Data East 1994)/pinmame/altsound/gnr_300/0x00ba-you_gonna_die.ogg
DEBUG: ID = 0x00bc, TYPE = sfx, GAIN = 0.85, DUCK_PRF = 1, FNAME = /home/superhac/tables/Guns N Roses (Data East 1994)/pinmame/altsound/gnr_300/0x00bc-crowd.ogg
DEBUG: ID = 0x00bd, TYPE = callout, GAIN = 0.99, DUCK_PRF = 1, FNAME = /home/superhac/tables/Guns N Roses (Data East 1994)/pinmame/altsound/gnr_300/0x00bd-mistery.ogg
DEBUG: ID = 0x00be, TYPE = callout, GAIN = 0.80, DUCK_PRF = 1, FNAME = /home/superhac/tables/Guns N Roses (Data East 1994)/pinmame/altsound/gnr_300/0x00be-rock_n_roll.ogg
DEBUG: ID = 0x00bf, TYPE = callout, GAIN = 0.80, DUCK_PRF = 1, FNAME = /home/superhac/tables/Guns N Roses (Data East 1994)/pinmame/altsound/gnr_300/0x00bf-riot.oggqq
DEBUG: ID = 0x00c0, TYPE = callout, GAIN = 0.80, DUCK_PRF = 1, FNAME = /home/superhac/tables/Guns N Roses (Data East 1994)/pinmame/altsound/gnr_300/0x00c0-use_the_snakepit.ogg
DEBUG: ID = 0x00c1, TYPE = callout, GAIN = 0.80, DUCK_PRF = 1, FNAME = /home/superhac/tables/Guns N Roses (Data East 1994)/pinmame/altsound/gnr_300/0x00c1-snakepit_is_lite.ogg
DEBUG: ID = 0x00c2, TYPE = callout, GAIN = 0.80, DUCK_PRF = 1, FNAME = /home/superhac/tables/Guns N Roses (Data East 1994)/pinmame/altsound/gnr_300/0x00c2-whhoooo_.ogg
DEBUG: ID = 0x00c3, TYPE = callout, GAIN = 0.80, DUCK_PRF = 1, FNAME = /home/superhac/tables/Guns N Roses (Data East 1994)/pinmame/altsound/gnr_300/0x00c3-oh_dude.ogg
DEBUG: ID = 0x00c4, TYPE = callout, GAIN = 0.80, DUCK_PRF = 1, FNAME = /home/superhac/tables/Guns N Roses (Data East 1994)/pinmame/altsound/gnr_300/0x00c4-yaahoooo_.ogg
DEBUG: ID = 0x00c5, TYPE = callout, GAIN = 0.80, DUCK_PRF = 1, FNAME = /home/superhac/tables/Guns N Roses (Data East 1994)/pinmame/altsound/gnr_300/0x00c5-huuuggg_.ogg
DEBUG: ID = 0x0031, TYPE = music, GAIN = 0.90, DUCK_PRF = 1, FNAME = /home/superhac/tables/Guns N Roses (Data East 1994)/pinmame/altsound/gnr_300/0x0031-welcome_to_the_jungle_music.ogg
DEBUG: ID = 0x001d, TYPE = music, GAIN = 0.90, DUCK_PRF = 1, FNAME = /home/superhac/tables/Guns N Roses (Data East 1994)/pinmame/altsound/gnr_300/0x001d--welcomeinstrumental.ogg
DEBUG: ID = 0x001f, TYPE = music, GAIN = 0.90, DUCK_PRF = 1, FNAME = /home/superhac/tables/Guns N Roses (Data East 1994)/pinmame/altsound/gnr_300/0x001F-welcome_to_the_jungle_music.ogg
DEBUG: ID = 0x001b, TYPE = music, GAIN = 0.80, DUCK_PRF = 1, FNAME = /home/superhac/tables/Guns N Roses (Data East 1994)/pinmame/altsound/gnr_300/0x001b-welcomeinstrumental.ogg
DEBUG: ID = 0x00db, TYPE = music, GAIN = 0.90, DUCK_PRF = 1, FNAME = /home/superhac/tables/Guns N Roses (Data East 1994)/pinmame/altsound/gnr_300/0x00db-welcomeinstrumental.ogg
DEBUG: ID = 0x003f, TYPE = music, GAIN = 0.90, DUCK_PRF = 1, FNAME = /home/superhac/tables/Guns N Roses (Data East 1994)/pinmame/altsound/gnr_300/0x003F-welcome_to_the_jungle_music.ogg
DEBUG: ID = 0x0013, TYPE = music, GAIN = 0.90, DUCK_PRF = 1, FNAME = /home/superhac/tables/Guns N Roses (Data East 1994)/pinmame/altsound/gnr_300/0x0013-welcomeinstrumental.ogg
DEBUG: ID = 0x0037, TYPE = music, GAIN = 0.90, DUCK_PRF = 1, FNAME = /home/superhac/tables/Guns N Roses (Data East 1994)/pinmame/altsound/gnr_300/0x0037-welcomeinstrumental.ogg
DEBUG: ID = 0x0039, TYPE = music, GAIN = 0.90, DUCK_PRF = 1, FNAME = /home/superhac/tables/Guns N Roses (Data East 1994)/pinmame/altsound/gnr_300/0x0039-welcomeinstrumental.ogg
DEBUG: ID = 0x00af, TYPE = overlay, GAIN = 0.60, DUCK_PRF = 1, FNAME = /home/superhac/tables/Guns N Roses (Data East 1994)/pinmame/altsound/gnr_300/0x00AF-Drumfill.ogg
DEBUG: ID = 0x00af, TYPE = overlay, GAIN = 0.70, DUCK_PRF = 1, FNAME = /home/superhac/tables/Guns N Roses (Data East 1994)/pinmame/altsound/gnr_300/no_audio.ogg
DEBUG: ID = 0x00af, TYPE = overlay, GAIN = 0.60, DUCK_PRF = 1, FNAME = /home/superhac/tables/Guns N Roses (Data East 1994)/pinmame/altsound/gnr_300/0x00AF-Drumfill1.ogg
DEBUG: ID = 0x00af, TYPE = overlay, GAIN = 0.70, DUCK_PRF = 1, FNAME = /home/superhac/tables/Guns N Roses (Data East 1994)/pinmame/altsound/gnr_300/no_audio.ogg
DEBUG: ID = 0x00af, TYPE = overlay, GAIN = 0.60, DUCK_PRF = 1, FNAME = /home/superhac/tables/Guns N Roses (Data East 1994)/pinmame/altsound/gnr_300/0x00AF-Drumfill4.ogg
DEBUG: ID = 0x00af, TYPE = overlay, GAIN = 0.70, DUCK_PRF = 1, FNAME = /home/superhac/tables/Guns N Roses (Data East 1994)/pinmame/altsound/gnr_300/no_audio.ogg
DEBUG: ID = 0x00af, TYPE = overlay, GAIN = 0.60, DUCK_PRF = 1, FNAME = /home/superhac/tables/Guns N Roses (Data East 1994)/pinmame/altsound/gnr_300/0x00AF-Drumfill5.ogg
DEBUG: ID = 0x00c7, TYPE = overlay, GAIN = 0.70, DUCK_PRF = 1, FNAME = /home/superhac/tables/Guns N Roses (Data East 1994)/pinmame/altsound/gnr_300/no_audio.ogg
DEBUG: END GSoundCsvParser::parse()
    INFO: SUCCESS GSoundCsvParser::parse()
DEBUG: END GSoundProcessor::init()
    INFO: SUCCESS: GSoundProcessor::loadSamples()
    DEBUG: BEGIN startLogging()
        INFO: Creating sound command log: /home/superhac/tables/Guns N Roses (Data East 1994)/pinmame/altsound/cmdlog.txt
    DEBUG: BEGIN dir_exists()
    INFO: Directory: /home/superhac/tables/Guns N Roses (Data East 1994)/pinmame/altsound/gnr_300/ exists
    INFO: END dir_exists()
    DEBUG: END startLogging()
    INFO: SUCCESS startLogging()
DEBUG: END GSoundProcessor::init()
DEBUG: END AltsoundInit()
DEBUG: BEGIN AltsoundSetHardwareGen()
DEBUG: MAME_GEN: 0x0000000004000
DEBUG: END AltsoundSetHardwareGen()
DEBUG: BEGIN AltsoundProcessCommand()
DEBUG: Master Volume (Post Attenuation): 1.00
DEBUG: BEGIN altsound_preprocess_commands()
DEBUG: MAME_GEN: 0x0000000004000
DEBUG: Hardware Generation: DEDMD16, DEDMD32, DEDMD64, DE
DEBUG: END altsound_preprocess_commands()
DEBUG: Command incomplete: 0000
DEBUG: END AltsoundProcessCommand
DEBUG: BEGIN AltsoundProcessCommand()
DEBUG: Master Volume (Post Attenuation): 1.00
DEBUG: BEGIN altsound_preprocess_commands()
DEBUG: MAME_GEN: 0x0000000004000
DEBUG: Hardware Generation: DEDMD16, DEDMD32, DEDMD64, DE
DEBUG: END altsound_preprocess_commands()
DEBUG: Command complete. Processing...
    DEBUG: BEGIN GSoundProcessor::handleCmd()
        DEBUG: Acquiring mutex
        DEBUG: BEGIN GSoundProcessor::getSample()
        INFO: No sample(s) found for ID: 0020
        DEBUG: END GSoundProcessor::getSample()
        ERROR: FAILED GSoundProcessor::get_sample()
    DEBUG: END GSoundProcessor::handleCmd()
WARNING: FAILED processor::handleCmd()
DEBUG: BEGIN altsound_postprocess_commands()
DEBUG: MAME_GEN: 0x0000000004000
DEBUG: END postprocess_commands()
DEBUG: END alt_sound_handle()
DEBUG: BEGIN AltsoundProcessCommand()
DEBUG: Master Volume (Post Attenuation): 1.00
DEBUG: BEGIN altsound_preprocess_commands()
DEBUG: MAME_GEN: 0x0000000004000
DEBUG: Hardware Generation: DEDMD16, DEDMD32, DEDMD64, DE
DEBUG: END altsound_preprocess_commands()
DEBUG: Command complete. Processing...
    DEBUG: BEGIN GSoundProcessor::handleCmd()
        DEBUG: Acquiring mutex
        DEBUG: BEGIN GSoundProcessor::getSample()
        INFO: Found 1 sample(s) for ID: 000F
        INFO: Sample: gnr_300/0x000f-welcome_to_the_jungle_music.ogg
        DEBUG: END GSoundProcessor::getSample()
        DEBUG: BEGIN GSoundProcessor::processStream()
            DEBUG: BEGIN AltsoundProcessorBase::createStream()
                INFO: BEGIN: AltsoundProcessorBase::findFreeChannel()
                    INFO: Found free channel: 00
                DEBUG: END: AltsoundProcessorBase::findFreeChannel()
                INFO: Successfully created stream(2147483649) on channel(00)
            DEBUG: END: AltsoundProcessorBase::createStream()
        DEBUG: BEGIN: GSoundProcessor::processBehaviors()
            DEBUG: Processing MUSIC behaviors on OVERLAY streams
            DEBUG: Processing MUSIC behaviors on SOLO streams
            DEBUG: Processing MUSIC behaviors on SFX streams
            DEBUG: Processing MUSIC behaviors on CALLOUT streams
            DEBUG: Processing MUSIC behaviors on MUSIC streams
        DEBUG: BEGIN: GSoundProcessor::stopExclusiveStream()
            INFO: No active MUSIC stream
        DEBUG: END: GSoundProcessor::stopExclusiveStream()
        DEBUG: BEGIN GSoundProcessor::printBehaviorData()
        DEBUG: Printing duck_vol_map:
        DEBUG: Stream Type: OVERLAY
        DEBUG: Stream Type: SOLO
        DEBUG: Stream Type: SFX
        DEBUG: Stream Type: CALLOUT
        DEBUG: Stream Type: MUSIC
        DEBUG: Printing paused_status_map:
        DEBUG: Stream Type: OVERLAY
        DEBUG: Stream Type: SOLO
        DEBUG: Stream Type: SFX
        DEBUG: Stream Type: CALLOUT
        DEBUG: Stream Type: MUSIC
        DEBUG: END GSoundProcessor::printBehaviorData()
        DEBUG: END GSoundProcessor::processBehaviors()
        DEBUG: END GSoundProcessor::processStream()
        INFO: BEGIN GSoundProcessor::adjustStreamVolumes()
        DEBUG: BEGIN GSoundProcessor::findLowestDuckVolume()
            DEBUG: MUSIC duck_vol_map is empty()
        DEBUG: END GSoundProcessor::findLowestDuckVolume()
            DEBUG: MUSIC ducking volume: 1.00
        DEBUG: BEGIN: AltsoundProcessorBase::setVolume()
            INFO: Setting volume for stream 2147483649
            DEBUG: SAMPLE_VOL:0.90  GLOBAL_VOL:1.00  MASTER_VOL:1.00
            INFO: SUCCESS BASS_ChannelSetAttribute(BASS_ATTRIB_VOL)
        DEBUG: END: AltsoundProcessorBase::setVolume()
            DEBUG: MUSIC stream 2147483649 gain:  0.90  group_vol:  1.00 ducked_vol:  1.00
            INFO: Num active streams: 1
        DEBUG: END GSoundProcessor::adjustStreamVolumes()
        INFO: Playing MUSIC stream: gnr_300/0x000f-welcome_to_the_jungle_music.ogg
        DEBUG: HSTREAM(2147483649)  CH(00)  CMD(000F)  SAMPLE(gnr_300/0x000f-welcome_to_the_jungle_music.ogg)
            INFO: SUCCESS MUSIC stream playback
    DEBUG: END GSoundProcessor::handleCmd()
INFO: SUCCESS processor::handleCmd()
DEBUG: BEGIN altsound_postprocess_commands()
DEBUG: MAME_GEN: 0x0000000004000
DEBUG: END postprocess_commands()
DEBUG: END AltsoundProcessCommand()
DEBUG: 
DEBUG: BEGIN AltsoundProcessCommand()
DEBUG: Master Volume (Post Attenuation): 1.00
DEBUG: BEGIN altsound_preprocess_commands()
DEBUG: MAME_GEN: 0x0000000004000
DEBUG: Hardware Generation: DEDMD16, DEDMD32, DEDMD64, DE
DEBUG: END altsound_preprocess_commands()
DEBUG: Command complete. Processing...
    DEBUG: BEGIN GSoundProcessor::handleCmd()
        DEBUG: Acquiring mutex
        DEBUG: BEGIN GSoundProcessor::getSample()
        INFO: Found 1 sample(s) for ID: 00BC
        INFO: Sample: gnr_300/0x00bc-crowd.ogg
        DEBUG: END GSoundProcessor::getSample()
        DEBUG: BEGIN GSoundProcessor::processStream()
            DEBUG: BEGIN AltsoundProcessorBase::createStream()
                INFO: BEGIN: AltsoundProcessorBase::findFreeChannel()
                    INFO: Found free channel: 01
                DEBUG: END: AltsoundProcessorBase::findFreeChannel()
                INFO: Successfully created stream(2147483651) on channel(01)
            DEBUG: END: AltsoundProcessorBase::createStream()
        DEBUG: BEGIN: GSoundProcessor::processBehaviors()
            DEBUG: Processing SFX behaviors on OVERLAY streams
            DEBUG: Processing SFX behaviors on SOLO streams
            DEBUG: Processing SFX behaviors on SFX streams
            DEBUG: Processing SFX behaviors on CALLOUT streams
            DEBUG: Processing SFX behaviors on MUSIC streams
        DEBUG: BEGIN GSoundProcessor::printBehaviorData()
        DEBUG: Printing duck_vol_map:
        DEBUG: Stream Type: OVERLAY
        DEBUG: Stream Type: SOLO
        DEBUG: Stream Type: SFX
        DEBUG: Stream Type: CALLOUT
        DEBUG: Stream Type: MUSIC
        DEBUG: Stream ID: 2147483651, Duck Volume: 0.850000
        DEBUG: Printing paused_status_map:
        DEBUG: Stream Type: OVERLAY
        DEBUG: Stream Type: SOLO
        DEBUG: Stream Type: SFX
        DEBUG: Stream Type: CALLOUT
        DEBUG: Stream Type: MUSIC
        DEBUG: END GSoundProcessor::printBehaviorData()
        DEBUG: END GSoundProcessor::processBehaviors()
        DEBUG: END GSoundProcessor::processStream()
        INFO: BEGIN GSoundProcessor::adjustStreamVolumes()
        DEBUG: BEGIN GSoundProcessor::findLowestDuckVolume()
            DEBUG: Min ducking value for MUSIC streams: 0.85
        DEBUG: END GSoundProcessor::findLowestDuckVolume()
            DEBUG: MUSIC ducking volume: 0.85
        DEBUG: BEGIN: AltsoundProcessorBase::setVolume()
            INFO: Setting volume for stream 2147483649
            DEBUG: SAMPLE_VOL:0.76  GLOBAL_VOL:1.00  MASTER_VOL:1.00
            INFO: SUCCESS BASS_ChannelSetAttribute(BASS_ATTRIB_VOL)
        DEBUG: END: AltsoundProcessorBase::setVolume()
            DEBUG: MUSIC stream 2147483649 gain:  0.90  group_vol:  1.00 ducked_vol:  0.85
        DEBUG: BEGIN GSoundProcessor::findLowestDuckVolume()
            DEBUG: SFX duck_vol_map is empty()
        DEBUG: END GSoundProcessor::findLowestDuckVolume()
            DEBUG: SFX ducking volume: 1.00
        DEBUG: BEGIN: AltsoundProcessorBase::setVolume()
            INFO: Setting volume for stream 2147483651
            DEBUG: SAMPLE_VOL:0.72  GLOBAL_VOL:1.00  MASTER_VOL:1.00
            INFO: SUCCESS BASS_ChannelSetAttribute(BASS_ATTRIB_VOL)
        DEBUG: END: AltsoundProcessorBase::setVolume()
            DEBUG: SFX stream 2147483651 gain:  0.85  group_vol:  0.85 ducked_vol:  1.00
            INFO: Num active streams: 2
        DEBUG: END GSoundProcessor::adjustStreamVolumes()
        INFO: Playing SFX stream: gnr_300/0x00bc-crowd.ogg
        DEBUG: HSTREAM(2147483651)  CH(01)  CMD(00BC)  SAMPLE(gnr_300/0x00bc-crowd.ogg)
            INFO: SUCCESS SFX stream playback
    DEBUG: END GSoundProcessor::handleCmd()
INFO: SUCCESS processor::handleCmd()
DEBUG: BEGIN altsound_postprocess_commands()
DEBUG: MAME_GEN: 0x0000000004000
DEBUG: END postprocess_commands()
DEBUG: END AltsoundProcessCommand()
DEBUG: 
DEBUG: BEGIN AltsoundProcessCommand()
DEBUG: Master Volume (Post Attenuation): 1.00
DEBUG: BEGIN altsound_preprocess_commands()
DEBUG: MAME_GEN: 0x0000000004000
DEBUG: Hardware Generation: DEDMD16, DEDMD32, DEDMD64, DE
DEBUG: END altsound_preprocess_commands()
DEBUG: Command complete. Processing...
    DEBUG: BEGIN GSoundProcessor::handleCmd()
        DEBUG: Acquiring mutex
        DEBUG: BEGIN GSoundProcessor::getSample()
        INFO: No sample(s) found for ID: 0020
        DEBUG: END GSoundProcessor::getSample()
        ERROR: FAILED GSoundProcessor::get_sample()
    DEBUG: END GSoundProcessor::handleCmd()
WARNING: FAILED processor::handleCmd()
DEBUG: BEGIN altsound_postprocess_commands()
DEBUG: MAME_GEN: 0x0000000004000
DEBUG: END postprocess_commands()
DEBUG: END alt_sound_handle()
DEBUG: 
BEGIN: GSoundProcessor::common_callback()
    INFO: HSYNC: 2147483652  HSTREAM: 2147483651
    DEBUG: Acquiring mutex
DEBUG: BEGIN: GSoundProcessor::postProcessBehaviors()
    DEBUG: Post-processing SFX behaviors on OVERLAY streams
    DEBUG: Post-processing SFX ducking impact on OVERLAY streams
    DEBUG: Post-processing SFX behaviors on SOLO streams
    DEBUG: Post-processing SFX ducking impact on SOLO streams
    DEBUG: Post-processing SFX behaviors on SFX streams
    DEBUG: Post-processing SFX ducking impact on SFX streams
    DEBUG: Post-processing SFX behaviors on CALLOUT streams
    DEBUG: Post-processing SFX ducking impact on CALLOUT streams
    DEBUG: Post-processing SFX behaviors on MUSIC streams
    DEBUG: Post-processing SFX ducking impact on MUSIC streams
    DEBUG: Erasing ducking impact from SFX stream: 2147483651
DEBUG: BEGIN GSoundProcessor::printBehaviorData()
DEBUG: Printing duck_vol_map:
DEBUG: Stream Type: OVERLAY
DEBUG: Stream Type: SOLO
DEBUG: Stream Type: SFX
DEBUG: Stream Type: CALLOUT
DEBUG: Stream Type: MUSIC
DEBUG: Printing paused_status_map:
DEBUG: Stream Type: OVERLAY
DEBUG: Stream Type: SOLO
DEBUG: Stream Type: SFX
DEBUG: Stream Type: CALLOUT
DEBUG: Stream Type: MUSIC
DEBUG: END GSoundProcessor::printBehaviorData()
DEBUG: END GSoundProcessor::postProcessBehaviors()
    INFO: BEGIN AltsoundProcessorBase::freeStream()
        INFO: Successfully free'd stream(2147483651)
    DEBUG: END AltsoundProcessorBase::freeStream()
INFO: BEGIN GSoundProcessor::adjustStreamVolumes()
DEBUG: BEGIN GSoundProcessor::findLowestDuckVolume()
    DEBUG: MUSIC duck_vol_map is empty()
DEBUG: END GSoundProcessor::findLowestDuckVolume()
    DEBUG: MUSIC ducking volume: 1.00
DEBUG: BEGIN: AltsoundProcessorBase::setVolume()
    INFO: Setting volume for stream 2147483649
    DEBUG: SAMPLE_VOL:0.90  GLOBAL_VOL:1.00  MASTER_VOL:1.00
    INFO: SUCCESS BASS_ChannelSetAttribute(BASS_ATTRIB_VOL)
DEBUG: END: AltsoundProcessorBase::setVolume()
    DEBUG: MUSIC stream 2147483649 gain:  0.90  group_vol:  1.00 ducked_vol:  1.00
    INFO: Num active streams: 1
DEBUG: END GSoundProcessor::adjustStreamVolumes()
DEBUG: BEGIN GSoundProcessor::processPausedStreams()
DEBUG: BEGIN GSoundProcessor::tryResumeStream()
DEBUG: END GSoundProcessor::tryResumeStream()
DEBUG: END GSoundProcessor::processPausedStreams()
    INFO: SFX stream(2147483651) finished on ch(01)
DEBUG: END GSoundProcessor::common_callback()
DEBUG: BEGIN AltsoundProcessCommand()
DEBUG: Master Volume (Post Attenuation): 1.00
DEBUG: BEGIN altsound_preprocess_commands()
DEBUG: MAME_GEN: 0x0000000004000
DEBUG: Hardware Generation: DEDMD16, DEDMD32, DEDMD64, DE
DEBUG: END altsound_preprocess_commands()
DEBUG: Command complete. Processing...
    DEBUG: BEGIN GSoundProcessor::handleCmd()
        DEBUG: Acquiring mutex
        DEBUG: BEGIN GSoundProcessor::getSample()
        INFO: No sample(s) found for ID: 0018
        DEBUG: END GSoundProcessor::getSample()
        ERROR: FAILED GSoundProcessor::get_sample()
    DEBUG: END GSoundProcessor::handleCmd()
WARNING: FAILED processor::handleCmd()
DEBUG: BEGIN altsound_postprocess_commands()
DEBUG: MAME_GEN: 0x0000000004000
INFO: Stopping MUSIC(3)
DEBUG: BEGIN GSoundProcessor::stopMusic()
DEBUG: BEGIN: GSoundProcessor::stopExclusiveStream()
DEBUG: BEGIN: GSoundProcessor::postProcessBehaviors()
    DEBUG: Post-processing MUSIC behaviors on OVERLAY streams
    DEBUG: Post-processing MUSIC ducking impact on OVERLAY streams
    DEBUG: Post-processing MUSIC behaviors on SOLO streams
    DEBUG: Post-processing MUSIC ducking impact on SOLO streams
    DEBUG: Post-processing MUSIC behaviors on SFX streams
    DEBUG: Post-processing MUSIC ducking impact on SFX streams
    DEBUG: Post-processing MUSIC behaviors on CALLOUT streams
    DEBUG: Post-processing MUSIC ducking impact on CALLOUT streams
    DEBUG: Post-processing MUSIC behaviors on MUSIC streams
    DEBUG: Post-processing MUSIC ducking impact on MUSIC streams
DEBUG: BEGIN GSoundProcessor::printBehaviorData()
DEBUG: Printing duck_vol_map:
DEBUG: Stream Type: OVERLAY
DEBUG: Stream Type: SOLO
DEBUG: Stream Type: SFX
DEBUG: Stream Type: CALLOUT
DEBUG: Stream Type: MUSIC
DEBUG: Printing paused_status_map:
DEBUG: Stream Type: OVERLAY
DEBUG: Stream Type: SOLO
DEBUG: Stream Type: SFX
DEBUG: Stream Type: CALLOUT
DEBUG: Stream Type: MUSIC
DEBUG: END GSoundProcessor::printBehaviorData()
DEBUG: END GSoundProcessor::postProcessBehaviors()
    INFO: Current stream(gnr_300/0x000f-welcome_to_the_jungle_music.ogg): HSTREAM: 2147483649  CH: 00
DEBUG: BEGIN: AltsoundProcessorBase::stopStream()
INFO: BEGIN AltsoundProcessorBase::freeStream()
    INFO: Successfully free'd stream(2147483649)
DEBUG: END AltsoundProcessorBase::freeStream()
INFO: Successfully stopped stream(2147483649)
DEBUG: END: AltsoundProcessorBase::stopStream()
    INFO: Stopped MUSIC stream: 2147483649  Chan: 00
DEBUG: END: GSoundProcessor::stopExclusiveStream()
INFO: BEGIN GSoundProcessor::adjustStreamVolumes()
    INFO: Num active streams: 0
DEBUG: END GSoundProcessor::adjustStreamVolumes()
DEBUG: BEGIN GSoundProcessor::processPausedStreams()
DEBUG: END GSoundProcessor::processPausedStreams()
DEBUG: END GSoundProcessor::stopMusic()
DEBUG: END postprocess_commands()
DEBUG: END alt_sound_handle()
DEBUG: BEGIN AltsoundProcessCommand()
DEBUG: Master Volume (Post Attenuation): 1.00
DEBUG: BEGIN altsound_preprocess_commands()
DEBUG: MAME_GEN: 0x0000000004000
DEBUG: Hardware Generation: DEDMD16, DEDMD32, DEDMD64, DE
DEBUG: END altsound_preprocess_commands()
DEBUG: Command complete. Processing...
    DEBUG: BEGIN GSoundProcessor::handleCmd()
        DEBUG: Acquiring mutex
        DEBUG: BEGIN GSoundProcessor::getSample()
        INFO: Found 1 sample(s) for ID: 0006
        INFO: Sample: gnr_300/0x0006-welcome_to_the_jungle_music_waiting_launch_ball_.ogg
        DEBUG: END GSoundProcessor::getSample()
        DEBUG: BEGIN GSoundProcessor::processStream()
            DEBUG: BEGIN AltsoundProcessorBase::createStream()
                INFO: BEGIN: AltsoundProcessorBase::findFreeChannel()
                    INFO: Found free channel: 00
                DEBUG: END: AltsoundProcessorBase::findFreeChannel()
                INFO: Successfully created stream(2147483653) on channel(00)
            DEBUG: END: AltsoundProcessorBase::createStream()
        DEBUG: BEGIN: GSoundProcessor::processBehaviors()
            DEBUG: Processing MUSIC behaviors on OVERLAY streams
            DEBUG: Processing MUSIC behaviors on SOLO streams
            DEBUG: Processing MUSIC behaviors on SFX streams
            DEBUG: Processing MUSIC behaviors on CALLOUT streams
            DEBUG: Processing MUSIC behaviors on MUSIC streams
        DEBUG: BEGIN: GSoundProcessor::stopExclusiveStream()
            INFO: No active MUSIC stream
        DEBUG: END: GSoundProcessor::stopExclusiveStream()
        DEBUG: BEGIN GSoundProcessor::printBehaviorData()
        DEBUG: Printing duck_vol_map:
        DEBUG: Stream Type: OVERLAY
        DEBUG: Stream Type: SOLO
        DEBUG: Stream Type: SFX
        DEBUG: Stream Type: CALLOUT
        DEBUG: Stream Type: MUSIC
        DEBUG: Printing paused_status_map:
        DEBUG: Stream Type: OVERLAY
        DEBUG: Stream Type: SOLO
        DEBUG: Stream Type: SFX
        DEBUG: Stream Type: CALLOUT
        DEBUG: Stream Type: MUSIC
        DEBUG: END GSoundProcessor::printBehaviorData()
        DEBUG: END GSoundProcessor::processBehaviors()
        DEBUG: END GSoundProcessor::processStream()
        INFO: BEGIN GSoundProcessor::adjustStreamVolumes()
        DEBUG: BEGIN GSoundProcessor::findLowestDuckVolume()
            DEBUG: MUSIC duck_vol_map is empty()
        DEBUG: END GSoundProcessor::findLowestDuckVolume()
            DEBUG: MUSIC ducking volume: 1.00
        DEBUG: BEGIN: AltsoundProcessorBase::setVolume()
            INFO: Setting volume for stream 2147483653
            DEBUG: SAMPLE_VOL:0.90  GLOBAL_VOL:1.00  MASTER_VOL:1.00
            INFO: SUCCESS BASS_ChannelSetAttribute(BASS_ATTRIB_VOL)
        DEBUG: END: AltsoundProcessorBase::setVolume()
            DEBUG: MUSIC stream 2147483653 gain:  0.90  group_vol:  1.00 ducked_vol:  1.00
            INFO: Num active streams: 1
        DEBUG: END GSoundProcessor::adjustStreamVolumes()
        INFO: Playing MUSIC stream: gnr_300/0x0006-welcome_to_the_jungle_music_waiting_launch_ball_.ogg
        DEBUG: HSTREAM(2147483653)  CH(00)  CMD(0006)  SAMPLE(gnr_300/0x0006-welcome_to_the_jungle_music_waiting_launch_ball_.ogg)
            INFO: SUCCESS MUSIC stream playback
    DEBUG: END GSoundProcessor::handleCmd()
INFO: SUCCESS processor::handleCmd()
DEBUG: BEGIN altsound_postprocess_commands()
DEBUG: MAME_GEN: 0x0000000004000
DEBUG: END postprocess_commands()
DEBUG: END AltsoundProcessCommand()
DEBUG: 
DEBUG: BEGIN AltsoundProcessCommand()
DEBUG: Master Volume (Post Attenuation): 1.00
DEBUG: BEGIN altsound_preprocess_commands()
DEBUG: MAME_GEN: 0x0000000004000
DEBUG: Hardware Generation: DEDMD16, DEDMD32, DEDMD64, DE
DEBUG: END altsound_preprocess_commands()
DEBUG: Command complete. Processing...
    DEBUG: BEGIN GSoundProcessor::handleCmd()
        DEBUG: Acquiring mutex
        DEBUG: BEGIN GSoundProcessor::getSample()
        INFO: Found 1 sample(s) for ID: 00BC
        INFO: Sample: gnr_300/0x00bc-crowd.ogg
        DEBUG: END GSoundProcessor::getSample()
        DEBUG: BEGIN GSoundProcessor::processStream()
            DEBUG: BEGIN AltsoundProcessorBase::createStream()
                INFO: BEGIN: AltsoundProcessorBase::findFreeChannel()
                    INFO: Found free channel: 01
                DEBUG: END: AltsoundProcessorBase::findFreeChannel()
                INFO: Successfully created stream(2147483655) on channel(01)
            DEBUG: END: AltsoundProcessorBase::createStream()
        DEBUG: BEGIN: GSoundProcessor::processBehaviors()
            DEBUG: Processing SFX behaviors on OVERLAY streams
            DEBUG: Processing SFX behaviors on SOLO streams
            DEBUG: Processing SFX behaviors on SFX streams
            DEBUG: Processing SFX behaviors on CALLOUT streams
            DEBUG: Processing SFX behaviors on MUSIC streams
        DEBUG: BEGIN GSoundProcessor::printBehaviorData()
        DEBUG: Printing duck_vol_map:
        DEBUG: Stream Type: OVERLAY
        DEBUG: Stream Type: SOLO
        DEBUG: Stream Type: SFX
        DEBUG: Stream Type: CALLOUT
        DEBUG: Stream Type: MUSIC
        DEBUG: Stream ID: 2147483655, Duck Volume: 0.850000
        DEBUG: Printing paused_status_map:
        DEBUG: Stream Type: OVERLAY
        DEBUG: Stream Type: SOLO
        DEBUG: Stream Type: SFX
        DEBUG: Stream Type: CALLOUT
        DEBUG: Stream Type: MUSIC
        DEBUG: END GSoundProcessor::printBehaviorData()
        DEBUG: END GSoundProcessor::processBehaviors()
        DEBUG: END GSoundProcessor::processStream()
        INFO: BEGIN GSoundProcessor::adjustStreamVolumes()
        DEBUG: BEGIN GSoundProcessor::findLowestDuckVolume()
            DEBUG: Min ducking value for MUSIC streams: 0.85
        DEBUG: END GSoundProcessor::findLowestDuckVolume()
            DEBUG: MUSIC ducking volume: 0.85
        DEBUG: BEGIN: AltsoundProcessorBase::setVolume()
            INFO: Setting volume for stream 2147483653
            DEBUG: SAMPLE_VOL:0.76  GLOBAL_VOL:1.00  MASTER_VOL:1.00
            INFO: SUCCESS BASS_ChannelSetAttribute(BASS_ATTRIB_VOL)
        DEBUG: END: AltsoundProcessorBase::setVolume()
            DEBUG: MUSIC stream 2147483653 gain:  0.90  group_vol:  1.00 ducked_vol:  0.85
        DEBUG: BEGIN GSoundProcessor::findLowestDuckVolume()
            DEBUG: SFX duck_vol_map is empty()
        DEBUG: END GSoundProcessor::findLowestDuckVolume()
            DEBUG: SFX ducking volume: 1.00
        DEBUG: BEGIN: AltsoundProcessorBase::setVolume()
            INFO: Setting volume for stream 2147483655
            DEBUG: SAMPLE_VOL:0.72  GLOBAL_VOL:1.00  MASTER_VOL:1.00
            INFO: SUCCESS BASS_ChannelSetAttribute(BASS_ATTRIB_VOL)
        DEBUG: END: AltsoundProcessorBase::setVolume()
            DEBUG: SFX stream 2147483655 gain:  0.85  group_vol:  0.85 ducked_vol:  1.00
            INFO: Num active streams: 2
        DEBUG: END GSoundProcessor::adjustStreamVolumes()
        INFO: Playing SFX stream: gnr_300/0x00bc-crowd.ogg
        DEBUG: HSTREAM(2147483655)  CH(01)  CMD(00BC)  SAMPLE(gnr_300/0x00bc-crowd.ogg)
            INFO: SUCCESS SFX stream playback
    DEBUG: END GSoundProcessor::handleCmd()
INFO: SUCCESS processor::handleCmd()
DEBUG: BEGIN altsound_postprocess_commands()
DEBUG: MAME_GEN: 0x0000000004000
DEBUG: END postprocess_commands()
DEBUG: END AltsoundProcessCommand()
DEBUG: 
DEBUG: BEGIN AltsoundProcessCommand()
DEBUG: Master Volume (Post Attenuation): 1.00
DEBUG: BEGIN altsound_preprocess_commands()
DEBUG: MAME_GEN: 0x0000000004000
DEBUG: Hardware Generation: DEDMD16, DEDMD32, DEDMD64, DE
DEBUG: END altsound_preprocess_commands()
DEBUG: Command complete. Processing...
    DEBUG: BEGIN GSoundProcessor::handleCmd()
        DEBUG: Acquiring mutex
        DEBUG: BEGIN GSoundProcessor::getSample()
        INFO: Found 1 sample(s) for ID: 005A
        INFO: Sample: gnr_300/0x005a-fire.ogg
        DEBUG: END GSoundProcessor::getSample()
        DEBUG: BEGIN GSoundProcessor::processStream()
            DEBUG: BEGIN AltsoundProcessorBase::createStream()
                INFO: BEGIN: AltsoundProcessorBase::findFreeChannel()
                    INFO: Found free channel: 02
                DEBUG: END: AltsoundProcessorBase::findFreeChannel()
                INFO: Successfully created stream(2147483657) on channel(02)
            DEBUG: END: AltsoundProcessorBase::createStream()
        DEBUG: BEGIN: GSoundProcessor::processBehaviors()
            DEBUG: Processing SFX behaviors on OVERLAY streams
            DEBUG: Processing SFX behaviors on SOLO streams
            DEBUG: Processing SFX behaviors on SFX streams
            DEBUG: Processing SFX behaviors on CALLOUT streams
            DEBUG: Processing SFX behaviors on MUSIC streams
        DEBUG: BEGIN GSoundProcessor::printBehaviorData()
        DEBUG: Printing duck_vol_map:
        DEBUG: Stream Type: OVERLAY
        DEBUG: Stream Type: SOLO
        DEBUG: Stream Type: SFX
        DEBUG: Stream Type: CALLOUT
        DEBUG: Stream Type: MUSIC
        DEBUG: Stream ID: 2147483657, Duck Volume: 0.850000
        DEBUG: Stream ID: 2147483655, Duck Volume: 0.850000
        DEBUG: Printing paused_status_map:
        DEBUG: Stream Type: OVERLAY
        DEBUG: Stream Type: SOLO
        DEBUG: Stream Type: SFX
        DEBUG: Stream Type: CALLOUT
        DEBUG: Stream Type: MUSIC
        DEBUG: END GSoundProcessor::printBehaviorData()
        DEBUG: END GSoundProcessor::processBehaviors()
        DEBUG: END GSoundProcessor::processStream()
        INFO: BEGIN GSoundProcessor::adjustStreamVolumes()
        DEBUG: BEGIN GSoundProcessor::findLowestDuckVolume()
            DEBUG: Min ducking value for MUSIC streams: 0.85
        DEBUG: END GSoundProcessor::findLowestDuckVolume()
            DEBUG: MUSIC ducking volume: 0.85
        DEBUG: BEGIN: AltsoundProcessorBase::setVolume()
            INFO: Setting volume for stream 2147483653
            DEBUG: SAMPLE_VOL:0.76  GLOBAL_VOL:1.00  MASTER_VOL:1.00
            INFO: SUCCESS BASS_ChannelSetAttribute(BASS_ATTRIB_VOL)
        DEBUG: END: AltsoundProcessorBase::setVolume()
            DEBUG: MUSIC stream 2147483653 gain:  0.90  group_vol:  1.00 ducked_vol:  0.85
        DEBUG: BEGIN GSoundProcessor::findLowestDuckVolume()
            DEBUG: SFX duck_vol_map is empty()
        DEBUG: END GSoundProcessor::findLowestDuckVolume()
            DEBUG: SFX ducking volume: 1.00
        DEBUG: BEGIN: AltsoundProcessorBase::setVolume()
            INFO: Setting volume for stream 2147483655
            DEBUG: SAMPLE_VOL:0.72  GLOBAL_VOL:1.00  MASTER_VOL:1.00
            INFO: SUCCESS BASS_ChannelSetAttribute(BASS_ATTRIB_VOL)
        DEBUG: END: AltsoundProcessorBase::setVolume()
            DEBUG: SFX stream 2147483655 gain:  0.85  group_vol:  0.85 ducked_vol:  1.00
        DEBUG: BEGIN GSoundProcessor::findLowestDuckVolume()
            DEBUG: SFX duck_vol_map is empty()
        DEBUG: END GSoundProcessor::findLowestDuckVolume()
            DEBUG: SFX ducking volume: 1.00
        DEBUG: BEGIN: AltsoundProcessorBase::setVolume()
            INFO: Setting volume for stream 2147483657
            DEBUG: SAMPLE_VOL:0.55  GLOBAL_VOL:1.00  MASTER_VOL:1.00
            INFO: SUCCESS BASS_ChannelSetAttribute(BASS_ATTRIB_VOL)
        DEBUG: END: AltsoundProcessorBase::setVolume()
            DEBUG: SFX stream 2147483657 gain:  0.65  group_vol:  0.85 ducked_vol:  1.00
            INFO: Num active streams: 3
        DEBUG: END GSoundProcessor::adjustStreamVolumes()
        INFO: Playing SFX stream: gnr_300/0x005a-fire.ogg
        DEBUG: HSTREAM(2147483657)  CH(02)  CMD(005A)  SAMPLE(gnr_300/0x005a-fire.ogg)
            INFO: SUCCESS SFX stream playback
    DEBUG: END GSoundProcessor::handleCmd()
INFO: SUCCESS processor::handleCmd()
DEBUG: BEGIN altsound_postprocess_commands()
DEBUG: MAME_GEN: 0x0000000004000
DEBUG: END postprocess_commands()
DEBUG: END AltsoundProcessCommand()
DEBUG: 
DEBUG: BEGIN AltsoundProcessCommand()
DEBUG: Master Volume (Post Attenuation): 1.00
DEBUG: BEGIN altsound_preprocess_commands()
DEBUG: MAME_GEN: 0x0000000004000
DEBUG: Hardware Generation: DEDMD16, DEDMD32, DEDMD64, DE
DEBUG: END altsound_preprocess_commands()
DEBUG: Command complete. Processing...
    DEBUG: BEGIN GSoundProcessor::handleCmd()
        DEBUG: Acquiring mutex
        DEBUG: BEGIN GSoundProcessor::getSample()
        INFO: Found 1 sample(s) for ID: 0002
        INFO: Sample: gnr_300/0x0002-launch_ball_music.ogg
        DEBUG: END GSoundProcessor::getSample()
        DEBUG: BEGIN GSoundProcessor::processStream()
            DEBUG: BEGIN AltsoundProcessorBase::createStream()
                INFO: BEGIN: AltsoundProcessorBase::findFreeChannel()
                    INFO: Found free channel: 03
                DEBUG: END: AltsoundProcessorBase::findFreeChannel()
                INFO: Successfully created stream(2147483659) on channel(03)
            DEBUG: END: AltsoundProcessorBase::createStream()
        DEBUG: BEGIN: GSoundProcessor::processBehaviors()
            DEBUG: Processing MUSIC behaviors on OVERLAY streams
            DEBUG: Processing MUSIC behaviors on SOLO streams
            DEBUG: Processing MUSIC behaviors on SFX streams
            DEBUG: Processing MUSIC behaviors on CALLOUT streams
            DEBUG: Processing MUSIC behaviors on MUSIC streams
        DEBUG: BEGIN: GSoundProcessor::stopExclusiveStream()
        DEBUG: BEGIN: GSoundProcessor::postProcessBehaviors()
            DEBUG: Post-processing MUSIC behaviors on OVERLAY streams
            DEBUG: Post-processing MUSIC ducking impact on OVERLAY streams
            DEBUG: Post-processing MUSIC behaviors on SOLO streams
            DEBUG: Post-processing MUSIC ducking impact on SOLO streams
            DEBUG: Post-processing MUSIC behaviors on SFX streams
            DEBUG: Post-processing MUSIC ducking impact on SFX streams
            DEBUG: Post-processing MUSIC behaviors on CALLOUT streams
            DEBUG: Post-processing MUSIC ducking impact on CALLOUT streams
            DEBUG: Post-processing MUSIC behaviors on MUSIC streams
            DEBUG: Post-processing MUSIC ducking impact on MUSIC streams
        DEBUG: BEGIN GSoundProcessor::printBehaviorData()
        DEBUG: Printing duck_vol_map:
        DEBUG: Stream Type: OVERLAY
        DEBUG: Stream Type: SOLO
        DEBUG: Stream Type: SFX
        DEBUG: Stream Type: CALLOUT
        DEBUG: Stream Type: MUSIC
        DEBUG: Stream ID: 2147483657, Duck Volume: 0.850000
        DEBUG: Stream ID: 2147483655, Duck Volume: 0.850000
        DEBUG: Printing paused_status_map:
        DEBUG: Stream Type: OVERLAY
        DEBUG: Stream Type: SOLO
        DEBUG: Stream Type: SFX
        DEBUG: Stream Type: CALLOUT
        DEBUG: Stream Type: MUSIC
        DEBUG: END GSoundProcessor::printBehaviorData()
        DEBUG: END GSoundProcessor::postProcessBehaviors()
            INFO: Current stream(gnr_300/0x0006-welcome_to_the_jungle_music_waiting_launch_ball_.ogg): HSTREAM: 2147483653  CH: 00
        DEBUG: BEGIN: AltsoundProcessorBase::stopStream()
        INFO: BEGIN AltsoundProcessorBase::freeStream()
            INFO: Successfully free'd stream(2147483653)
        DEBUG: END AltsoundProcessorBase::freeStream()
        INFO: Successfully stopped stream(2147483653)
        DEBUG: END: AltsoundProcessorBase::stopStream()
            INFO: Stopped MUSIC stream: 2147483653  Chan: 00
        DEBUG: END: GSoundProcessor::stopExclusiveStream()
        DEBUG: BEGIN GSoundProcessor::printBehaviorData()
        DEBUG: Printing duck_vol_map:
        DEBUG: Stream Type: OVERLAY
        DEBUG: Stream Type: SOLO
        DEBUG: Stream Type: SFX
        DEBUG: Stream Type: CALLOUT
        DEBUG: Stream Type: MUSIC
        DEBUG: Stream ID: 2147483657, Duck Volume: 0.850000
        DEBUG: Stream ID: 2147483655, Duck Volume: 0.850000
        DEBUG: Printing paused_status_map:
        DEBUG: Stream Type: OVERLAY
        DEBUG: Stream Type: SOLO
        DEBUG: Stream Type: SFX
        DEBUG: Stream Type: CALLOUT
        DEBUG: Stream Type: MUSIC
        DEBUG: END GSoundProcessor::printBehaviorData()
        DEBUG: END GSoundProcessor::processBehaviors()
        DEBUG: END GSoundProcessor::processStream()
        INFO: BEGIN GSoundProcessor::adjustStreamVolumes()
        DEBUG: BEGIN GSoundProcessor::findLowestDuckVolume()
            DEBUG: SFX duck_vol_map is empty()
        DEBUG: END GSoundProcessor::findLowestDuckVolume()
            DEBUG: SFX ducking volume: 1.00
        DEBUG: BEGIN: AltsoundProcessorBase::setVolume()
            INFO: Setting volume for stream 2147483655
            DEBUG: SAMPLE_VOL:0.72  GLOBAL_VOL:1.00  MASTER_VOL:1.00
            INFO: SUCCESS BASS_ChannelSetAttribute(BASS_ATTRIB_VOL)
        DEBUG: END: AltsoundProcessorBase::setVolume()
            DEBUG: SFX stream 2147483655 gain:  0.85  group_vol:  0.85 ducked_vol:  1.00
        DEBUG: BEGIN GSoundProcessor::findLowestDuckVolume()
            DEBUG: SFX duck_vol_map is empty()
        DEBUG: END GSoundProcessor::findLowestDuckVolume()
            DEBUG: SFX ducking volume: 1.00
        DEBUG: BEGIN: AltsoundProcessorBase::setVolume()
            INFO: Setting volume for stream 2147483657
            DEBUG: SAMPLE_VOL:0.55  GLOBAL_VOL:1.00  MASTER_VOL:1.00
            INFO: SUCCESS BASS_ChannelSetAttribute(BASS_ATTRIB_VOL)
        DEBUG: END: AltsoundProcessorBase::setVolume()
            DEBUG: SFX stream 2147483657 gain:  0.65  group_vol:  0.85 ducked_vol:  1.00
        DEBUG: BEGIN GSoundProcessor::findLowestDuckVolume()
            DEBUG: Min ducking value for MUSIC streams: 0.85
        DEBUG: END GSoundProcessor::findLowestDuckVolume()
            DEBUG: MUSIC ducking volume: 0.85
        DEBUG: BEGIN: AltsoundProcessorBase::setVolume()
            INFO: Setting volume for stream 2147483659
            DEBUG: SAMPLE_VOL:0.76  GLOBAL_VOL:1.00  MASTER_VOL:1.00
            INFO: SUCCESS BASS_ChannelSetAttribute(BASS_ATTRIB_VOL)
        DEBUG: END: AltsoundProcessorBase::setVolume()
            DEBUG: MUSIC stream 2147483659 gain:  0.90  group_vol:  1.00 ducked_vol:  0.85
            INFO: Num active streams: 3
        DEBUG: END GSoundProcessor::adjustStreamVolumes()
        INFO: Playing MUSIC stream: gnr_300/0x0002-launch_ball_music.ogg
        DEBUG: HSTREAM(2147483659)  CH(03)  CMD(0002)  SAMPLE(gnr_300/0x0002-launch_ball_music.ogg)
            INFO: SUCCESS MUSIC stream playback
    DEBUG: END GSoundProcessor::handleCmd()
INFO: SUCCESS processor::handleCmd()
DEBUG: BEGIN altsound_postprocess_commands()
DEBUG: MAME_GEN: 0x0000000004000
DEBUG: END postprocess_commands()
DEBUG: END AltsoundProcessCommand()
DEBUG: 
DEBUG: BEGIN AltsoundProcessCommand()
DEBUG: Master Volume (Post Attenuation): 1.00
DEBUG: BEGIN altsound_preprocess_commands()
DEBUG: MAME_GEN: 0x0000000004000
DEBUG: Hardware Generation: DEDMD16, DEDMD32, DEDMD64, DE
DEBUG: END altsound_preprocess_commands()
DEBUG: Command complete. Processing...
    DEBUG: BEGIN GSoundProcessor::handleCmd()
        DEBUG: Acquiring mutex
        DEBUG: BEGIN GSoundProcessor::getSample()
        INFO: Found 1 sample(s) for ID: 00EC
        INFO: Sample: gnr_300/0x00ec-very_fast_drums.ogg
        DEBUG: END GSoundProcessor::getSample()
        DEBUG: BEGIN GSoundProcessor::processStream()
            DEBUG: BEGIN AltsoundProcessorBase::createStream()
                INFO: BEGIN: AltsoundProcessorBase::findFreeChannel()
                    INFO: Found free channel: 00
                DEBUG: END: AltsoundProcessorBase::findFreeChannel()
                INFO: Successfully created stream(2147483661) on channel(00)
            DEBUG: END: AltsoundProcessorBase::createStream()
        DEBUG: BEGIN: GSoundProcessor::processBehaviors()
            DEBUG: Processing OVERLAY behaviors on OVERLAY streams
        DEBUG: BEGIN: GSoundProcessor::stopExclusiveStream()
            INFO: No active OVERLAY stream
        DEBUG: END: GSoundProcessor::stopExclusiveStream()
            DEBUG: Processing OVERLAY behaviors on SOLO streams
            DEBUG: Processing OVERLAY behaviors on SFX streams
            DEBUG: Processing OVERLAY behaviors on CALLOUT streams
            DEBUG: Processing OVERLAY behaviors on MUSIC streams
        DEBUG: BEGIN GSoundProcessor::printBehaviorData()
        DEBUG: Printing duck_vol_map:
        DEBUG: Stream Type: OVERLAY
        DEBUG: Stream Type: SOLO
        DEBUG: Stream Type: SFX
        DEBUG: Stream ID: 2147483661, Duck Volume: 0.900000
        DEBUG: Stream Type: CALLOUT
        DEBUG: Stream Type: MUSIC
        DEBUG: Stream ID: 2147483661, Duck Volume: 0.700000
        DEBUG: Stream ID: 2147483657, Duck Volume: 0.850000
        DEBUG: Stream ID: 2147483655, Duck Volume: 0.850000
        DEBUG: Printing paused_status_map:
        DEBUG: Stream Type: OVERLAY
        DEBUG: Stream Type: SOLO
        DEBUG: Stream Type: SFX
        DEBUG: Stream Type: CALLOUT
        DEBUG: Stream Type: MUSIC
        DEBUG: END GSoundProcessor::printBehaviorData()
        DEBUG: END GSoundProcessor::processBehaviors()
        DEBUG: END GSoundProcessor::processStream()
        INFO: BEGIN GSoundProcessor::adjustStreamVolumes()
        DEBUG: BEGIN GSoundProcessor::findLowestDuckVolume()
            DEBUG: OVERLAY duck_vol_map is empty()
        DEBUG: END GSoundProcessor::findLowestDuckVolume()
            DEBUG: OVERLAY ducking volume: 1.00
        DEBUG: BEGIN: AltsoundProcessorBase::setVolume()
            INFO: Setting volume for stream 2147483661
            DEBUG: SAMPLE_VOL:0.70  GLOBAL_VOL:1.00  MASTER_VOL:1.00
            INFO: SUCCESS BASS_ChannelSetAttribute(BASS_ATTRIB_VOL)
        DEBUG: END: AltsoundProcessorBase::setVolume()
            DEBUG: OVERLAY stream 2147483661 gain:  0.70  group_vol:  1.00 ducked_vol:  1.00
        DEBUG: BEGIN GSoundProcessor::findLowestDuckVolume()
            DEBUG: Min ducking value for SFX streams: 0.90
        DEBUG: END GSoundProcessor::findLowestDuckVolume()
            DEBUG: SFX ducking volume: 0.90
        DEBUG: BEGIN: AltsoundProcessorBase::setVolume()
            INFO: Setting volume for stream 2147483655
            DEBUG: SAMPLE_VOL:0.65  GLOBAL_VOL:1.00  MASTER_VOL:1.00
            INFO: SUCCESS BASS_ChannelSetAttribute(BASS_ATTRIB_VOL)
        DEBUG: END: AltsoundProcessorBase::setVolume()
            DEBUG: SFX stream 2147483655 gain:  0.85  group_vol:  0.85 ducked_vol:  0.90
        DEBUG: BEGIN GSoundProcessor::findLowestDuckVolume()
            DEBUG: Min ducking value for SFX streams: 0.90
        DEBUG: END GSoundProcessor::findLowestDuckVolume()
            DEBUG: SFX ducking volume: 0.90
        DEBUG: BEGIN: AltsoundProcessorBase::setVolume()
            INFO: Setting volume for stream 2147483657
            DEBUG: SAMPLE_VOL:0.50  GLOBAL_VOL:1.00  MASTER_VOL:1.00
            INFO: SUCCESS BASS_ChannelSetAttribute(BASS_ATTRIB_VOL)
        DEBUG: END: AltsoundProcessorBase::setVolume()
            DEBUG: SFX stream 2147483657 gain:  0.65  group_vol:  0.85 ducked_vol:  0.90
        DEBUG: BEGIN GSoundProcessor::findLowestDuckVolume()
            DEBUG: Min ducking value for MUSIC streams: 0.70
        DEBUG: END GSoundProcessor::findLowestDuckVolume()
            DEBUG: MUSIC ducking volume: 0.70
        DEBUG: BEGIN: AltsoundProcessorBase::setVolume()
            INFO: Setting volume for stream 2147483659
            DEBUG: SAMPLE_VOL:0.63  GLOBAL_VOL:1.00  MASTER_VOL:1.00
            INFO: SUCCESS BASS_ChannelSetAttribute(BASS_ATTRIB_VOL)
        DEBUG: END: AltsoundProcessorBase::setVolume()
            DEBUG: MUSIC stream 2147483659 gain:  0.90  group_vol:  1.00 ducked_vol:  0.70
            INFO: Num active streams: 4
        DEBUG: END GSoundProcessor::adjustStreamVolumes()
        INFO: Playing OVERLAY stream: gnr_300/0x00ec-very_fast_drums.ogg
        DEBUG: HSTREAM(2147483661)  CH(00)  CMD(00EC)  SAMPLE(gnr_300/0x00ec-very_fast_drums.ogg)
            INFO: SUCCESS OVERLAY stream playback
    DEBUG: END GSoundProcessor::handleCmd()
INFO: SUCCESS processor::handleCmd()
DEBUG: BEGIN altsound_postprocess_commands()
DEBUG: MAME_GEN: 0x0000000004000
DEBUG: END postprocess_commands()
DEBUG: END AltsoundProcessCommand()
DEBUG: 
DEBUG: 
BEGIN: GSoundProcessor::common_callback()
    INFO: HSYNC: 2147483658  HSTREAM: 2147483657
    DEBUG: Acquiring mutex
DEBUG: BEGIN: GSoundProcessor::postProcessBehaviors()
    DEBUG: Post-processing SFX behaviors on OVERLAY streams
    DEBUG: Post-processing SFX ducking impact on OVERLAY streams
    DEBUG: Post-processing SFX behaviors on SOLO streams
    DEBUG: Post-processing SFX ducking impact on SOLO streams
    DEBUG: Post-processing SFX behaviors on SFX streams
    DEBUG: Post-processing SFX ducking impact on SFX streams
    DEBUG: Post-processing SFX behaviors on CALLOUT streams
    DEBUG: Post-processing SFX ducking impact on CALLOUT streams
    DEBUG: Post-processing SFX behaviors on MUSIC streams
    DEBUG: Post-processing SFX ducking impact on MUSIC streams
    DEBUG: Erasing ducking impact from SFX stream: 2147483657
DEBUG: BEGIN GSoundProcessor::printBehaviorData()
DEBUG: Printing duck_vol_map:
DEBUG: Stream Type: OVERLAY
DEBUG: Stream Type: SOLO
DEBUG: Stream Type: SFX
DEBUG: Stream ID: 2147483661, Duck Volume: 0.900000
DEBUG: Stream Type: CALLOUT
DEBUG: Stream Type: MUSIC
DEBUG: Stream ID: 2147483661, Duck Volume: 0.700000
DEBUG: Stream ID: 2147483655, Duck Volume: 0.850000
DEBUG: Printing paused_status_map:
DEBUG: Stream Type: OVERLAY
DEBUG: Stream Type: SOLO
DEBUG: Stream Type: SFX
DEBUG: Stream Type: CALLOUT
DEBUG: Stream Type: MUSIC
DEBUG: END GSoundProcessor::printBehaviorData()
DEBUG: END GSoundProcessor::postProcessBehaviors()
    INFO: BEGIN AltsoundProcessorBase::freeStream()
        INFO: Successfully free'd stream(2147483657)
    DEBUG: END AltsoundProcessorBase::freeStream()
INFO: BEGIN GSoundProcessor::adjustStreamVolumes()
DEBUG: BEGIN GSoundProcessor::findLowestDuckVolume()
    DEBUG: OVERLAY duck_vol_map is empty()
DEBUG: END GSoundProcessor::findLowestDuckVolume()
    DEBUG: OVERLAY ducking volume: 1.00
DEBUG: BEGIN: AltsoundProcessorBase::setVolume()
    INFO: Setting volume for stream 2147483661
    DEBUG: SAMPLE_VOL:0.70  GLOBAL_VOL:1.00  MASTER_VOL:1.00
    INFO: SUCCESS BASS_ChannelSetAttribute(BASS_ATTRIB_VOL)
DEBUG: END: AltsoundProcessorBase::setVolume()
    DEBUG: OVERLAY stream 2147483661 gain:  0.70  group_vol:  1.00 ducked_vol:  1.00
DEBUG: BEGIN GSoundProcessor::findLowestDuckVolume()
    DEBUG: Min ducking value for SFX streams: 0.90
DEBUG: END GSoundProcessor::findLowestDuckVolume()
    DEBUG: SFX ducking volume: 0.90
DEBUG: BEGIN: AltsoundProcessorBase::setVolume()
    INFO: Setting volume for stream 2147483655
    DEBUG: SAMPLE_VOL:0.65  GLOBAL_VOL:1.00  MASTER_VOL:1.00
    INFO: SUCCESS BASS_ChannelSetAttribute(BASS_ATTRIB_VOL)
DEBUG: END: AltsoundProcessorBase::setVolume()
    DEBUG: SFX stream 2147483655 gain:  0.85  group_vol:  0.85 ducked_vol:  0.90
DEBUG: BEGIN GSoundProcessor::findLowestDuckVolume()
    DEBUG: Min ducking value for MUSIC streams: 0.70
DEBUG: END GSoundProcessor::findLowestDuckVolume()
    DEBUG: MUSIC ducking volume: 0.70
DEBUG: BEGIN: AltsoundProcessorBase::setVolume()
    INFO: Setting volume for stream 2147483659
    DEBUG: SAMPLE_VOL:0.63  GLOBAL_VOL:1.00  MASTER_VOL:1.00
    INFO: SUCCESS BASS_ChannelSetAttribute(BASS_ATTRIB_VOL)
DEBUG: END: AltsoundProcessorBase::setVolume()
    DEBUG: MUSIC stream 2147483659 gain:  0.90  group_vol:  1.00 ducked_vol:  0.70
    INFO: Num active streams: 3
DEBUG: END GSoundProcessor::adjustStreamVolumes()
DEBUG: BEGIN GSoundProcessor::processPausedStreams()
DEBUG: BEGIN GSoundProcessor::tryResumeStream()
DEBUG: END GSoundProcessor::tryResumeStream()
DEBUG: BEGIN GSoundProcessor::tryResumeStream()
DEBUG: END GSoundProcessor::tryResumeStream()
DEBUG: BEGIN GSoundProcessor::tryResumeStream()
DEBUG: END GSoundProcessor::tryResumeStream()
DEBUG: END GSoundProcessor::processPausedStreams()
    INFO: SFX stream(2147483657) finished on ch(02)
DEBUG: END GSoundProcessor::common_callback()
DEBUG: 
BEGIN: GSoundProcessor::common_callback()
    INFO: HSYNC: 2147483656  HSTREAM: 2147483655
    DEBUG: Acquiring mutex
DEBUG: BEGIN: GSoundProcessor::postProcessBehaviors()
    DEBUG: Post-processing SFX behaviors on OVERLAY streams
    DEBUG: Post-processing SFX ducking impact on OVERLAY streams
    DEBUG: Post-processing SFX behaviors on SOLO streams
    DEBUG: Post-processing SFX ducking impact on SOLO streams
    DEBUG: Post-processing SFX behaviors on SFX streams
    DEBUG: Post-processing SFX ducking impact on SFX streams
    DEBUG: Post-processing SFX behaviors on CALLOUT streams
    DEBUG: Post-processing SFX ducking impact on CALLOUT streams
    DEBUG: Post-processing SFX behaviors on MUSIC streams
    DEBUG: Post-processing SFX ducking impact on MUSIC streams
    DEBUG: Erasing ducking impact from SFX stream: 2147483655
DEBUG: BEGIN GSoundProcessor::printBehaviorData()
DEBUG: Printing duck_vol_map:
DEBUG: Stream Type: OVERLAY
DEBUG: Stream Type: SOLO
DEBUG: Stream Type: SFX
DEBUG: Stream ID: 2147483661, Duck Volume: 0.900000
DEBUG: Stream Type: CALLOUT
DEBUG: Stream Type: MUSIC
DEBUG: Stream ID: 2147483661, Duck Volume: 0.700000
DEBUG: Printing paused_status_map:
DEBUG: Stream Type: OVERLAY
DEBUG: Stream Type: SOLO
DEBUG: Stream Type: SFX
DEBUG: Stream Type: CALLOUT
DEBUG: Stream Type: MUSIC
DEBUG: END GSoundProcessor::printBehaviorData()
DEBUG: END GSoundProcessor::postProcessBehaviors()
    INFO: BEGIN AltsoundProcessorBase::freeStream()
        INFO: Successfully free'd stream(2147483655)
    DEBUG: END AltsoundProcessorBase::freeStream()
INFO: BEGIN GSoundProcessor::adjustStreamVolumes()
DEBUG: BEGIN GSoundProcessor::findLowestDuckVolume()
    DEBUG: OVERLAY duck_vol_map is empty()
DEBUG: END GSoundProcessor::findLowestDuckVolume()
    DEBUG: OVERLAY ducking volume: 1.00
DEBUG: BEGIN: AltsoundProcessorBase::setVolume()
    INFO: Setting volume for stream 2147483661
    DEBUG: SAMPLE_VOL:0.70  GLOBAL_VOL:1.00  MASTER_VOL:1.00
    INFO: SUCCESS BASS_ChannelSetAttribute(BASS_ATTRIB_VOL)
DEBUG: END: AltsoundProcessorBase::setVolume()
    DEBUG: OVERLAY stream 2147483661 gain:  0.70  group_vol:  1.00 ducked_vol:  1.00
DEBUG: BEGIN GSoundProcessor::findLowestDuckVolume()
    DEBUG: Min ducking value for MUSIC streams: 0.70
DEBUG: END GSoundProcessor::findLowestDuckVolume()
    DEBUG: MUSIC ducking volume: 0.70
DEBUG: BEGIN: AltsoundProcessorBase::setVolume()
    INFO: Setting volume for stream 2147483659
    DEBUG: SAMPLE_VOL:0.63  GLOBAL_VOL:1.00  MASTER_VOL:1.00
    INFO: SUCCESS BASS_ChannelSetAttribute(BASS_ATTRIB_VOL)
DEBUG: END: AltsoundProcessorBase::setVolume()
    DEBUG: MUSIC stream 2147483659 gain:  0.90  group_vol:  1.00 ducked_vol:  0.70
    INFO: Num active streams: 2
DEBUG: END GSoundProcessor::adjustStreamVolumes()
DEBUG: BEGIN GSoundProcessor::processPausedStreams()
DEBUG: BEGIN GSoundProcessor::tryResumeStream()
DEBUG: END GSoundProcessor::tryResumeStream()
DEBUG: BEGIN GSoundProcessor::tryResumeStream()
DEBUG: END GSoundProcessor::tryResumeStream()
DEBUG: END GSoundProcessor::processPausedStreams()
    INFO: SFX stream(2147483655) finished on ch(01)
DEBUG: END GSoundProcessor::common_callback()
DEBUG: BEGIN AltsoundProcessCommand()
DEBUG: Master Volume (Post Attenuation): 1.00
DEBUG: BEGIN altsound_preprocess_commands()
DEBUG: MAME_GEN: 0x0000000004000
DEBUG: Hardware Generation: DEDMD16, DEDMD32, DEDMD64, DE
DEBUG: END altsound_preprocess_commands()
DEBUG: Command complete. Processing...
    DEBUG: BEGIN GSoundProcessor::handleCmd()
        DEBUG: Acquiring mutex
        DEBUG: BEGIN GSoundProcessor::getSample()
        INFO: Found 1 sample(s) for ID: 0055
        INFO: Sample: gnr_300/0x0055-jam.ogg
        DEBUG: END GSoundProcessor::getSample()
        DEBUG: BEGIN GSoundProcessor::processStream()
            DEBUG: BEGIN AltsoundProcessorBase::createStream()
                INFO: BEGIN: AltsoundProcessorBase::findFreeChannel()
                    INFO: Found free channel: 01
                DEBUG: END: AltsoundProcessorBase::findFreeChannel()
                INFO: Successfully created stream(2147483663) on channel(01)
            DEBUG: END: AltsoundProcessorBase::createStream()
        DEBUG: BEGIN: GSoundProcessor::processBehaviors()
            DEBUG: Processing SFX behaviors on OVERLAY streams
            DEBUG: Processing SFX behaviors on SOLO streams
            DEBUG: Processing SFX behaviors on SFX streams
            DEBUG: Processing SFX behaviors on CALLOUT streams
            DEBUG: Processing SFX behaviors on MUSIC streams
        DEBUG: BEGIN GSoundProcessor::printBehaviorData()
        DEBUG: Printing duck_vol_map:
        DEBUG: Stream Type: OVERLAY
        DEBUG: Stream Type: SOLO
        DEBUG: Stream Type: SFX
        DEBUG: Stream ID: 2147483661, Duck Volume: 0.900000
        DEBUG: Stream Type: CALLOUT
        DEBUG: Stream Type: MUSIC
        DEBUG: Stream ID: 2147483663, Duck Volume: 0.850000
        DEBUG: Stream ID: 2147483661, Duck Volume: 0.700000
        DEBUG: Printing paused_status_map:
        DEBUG: Stream Type: OVERLAY
        DEBUG: Stream Type: SOLO
        DEBUG: Stream Type: SFX
        DEBUG: Stream Type: CALLOUT
        DEBUG: Stream Type: MUSIC
        DEBUG: END GSoundProcessor::printBehaviorData()
        DEBUG: END GSoundProcessor::processBehaviors()
        DEBUG: END GSoundProcessor::processStream()
        INFO: BEGIN GSoundProcessor::adjustStreamVolumes()
        DEBUG: BEGIN GSoundProcessor::findLowestDuckVolume()
            DEBUG: OVERLAY duck_vol_map is empty()
        DEBUG: END GSoundProcessor::findLowestDuckVolume()
            DEBUG: OVERLAY ducking volume: 1.00
        DEBUG: BEGIN: AltsoundProcessorBase::setVolume()
            INFO: Setting volume for stream 2147483661
            DEBUG: SAMPLE_VOL:0.70  GLOBAL_VOL:1.00  MASTER_VOL:1.00
            INFO: SUCCESS BASS_ChannelSetAttribute(BASS_ATTRIB_VOL)
        DEBUG: END: AltsoundProcessorBase::setVolume()
            DEBUG: OVERLAY stream 2147483661 gain:  0.70  group_vol:  1.00 ducked_vol:  1.00
        DEBUG: BEGIN GSoundProcessor::findLowestDuckVolume()
            DEBUG: Min ducking value for SFX streams: 0.90
        DEBUG: END GSoundProcessor::findLowestDuckVolume()
            DEBUG: SFX ducking volume: 0.90
        DEBUG: BEGIN: AltsoundProcessorBase::setVolume()
            INFO: Setting volume for stream 2147483663
            DEBUG: SAMPLE_VOL:0.50  GLOBAL_VOL:1.00  MASTER_VOL:1.00
            INFO: SUCCESS BASS_ChannelSetAttribute(BASS_ATTRIB_VOL)
        DEBUG: END: AltsoundProcessorBase::setVolume()
            DEBUG: SFX stream 2147483663 gain:  0.65  group_vol:  0.85 ducked_vol:  0.90
        DEBUG: BEGIN GSoundProcessor::findLowestDuckVolume()
            DEBUG: Min ducking value for MUSIC streams: 0.70
        DEBUG: END GSoundProcessor::findLowestDuckVolume()
            DEBUG: MUSIC ducking volume: 0.70
        DEBUG: BEGIN: AltsoundProcessorBase::setVolume()
            INFO: Setting volume for stream 2147483659
            DEBUG: SAMPLE_VOL:0.63  GLOBAL_VOL:1.00  MASTER_VOL:1.00
            INFO: SUCCESS BASS_ChannelSetAttribute(BASS_ATTRIB_VOL)
        DEBUG: END: AltsoundProcessorBase::setVolume()
            DEBUG: MUSIC stream 2147483659 gain:  0.90  group_vol:  1.00 ducked_vol:  0.70
            INFO: Num active streams: 3
        DEBUG: END GSoundProcessor::adjustStreamVolumes()
        INFO: Playing SFX stream: gnr_300/0x0055-jam.ogg
        DEBUG: HSTREAM(2147483663)  CH(01)  CMD(0055)  SAMPLE(gnr_300/0x0055-jam.ogg)
            INFO: SUCCESS SFX stream playback
    DEBUG: END GSoundProcessor::handleCmd()
INFO: SUCCESS processor::handleCmd()
DEBUG: BEGIN altsound_postprocess_commands()
DEBUG: MAME_GEN: 0x0000000004000
DEBUG: END postprocess_commands()
DEBUG: END AltsoundProcessCommand()
DEBUG: 
DEBUG: 
BEGIN: GSoundProcessor::common_callback()
    INFO: HSYNC: 2147483664  HSTREAM: 2147483663
    DEBUG: Acquiring mutex
DEBUG: BEGIN: GSoundProcessor::postProcessBehaviors()
    DEBUG: Post-processing SFX behaviors on OVERLAY streams
    DEBUG: Post-processing SFX ducking impact on OVERLAY streams
    DEBUG: Post-processing SFX behaviors on SOLO streams
    DEBUG: Post-processing SFX ducking impact on SOLO streams
    DEBUG: Post-processing SFX behaviors on SFX streams
    DEBUG: Post-processing SFX ducking impact on SFX streams
    DEBUG: Post-processing SFX behaviors on CALLOUT streams
    DEBUG: Post-processing SFX ducking impact on CALLOUT streams
    DEBUG: Post-processing SFX behaviors on MUSIC streams
    DEBUG: Post-processing SFX ducking impact on MUSIC streams
    DEBUG: Erasing ducking impact from SFX stream: 2147483663
DEBUG: BEGIN GSoundProcessor::printBehaviorData()
DEBUG: Printing duck_vol_map:
DEBUG: Stream Type: OVERLAY
DEBUG: Stream Type: SOLO
DEBUG: Stream Type: SFX
DEBUG: Stream ID: 2147483661, Duck Volume: 0.900000
DEBUG: Stream Type: CALLOUT
DEBUG: Stream Type: MUSIC
DEBUG: Stream ID: 2147483661, Duck Volume: 0.700000
DEBUG: Printing paused_status_map:
DEBUG: Stream Type: OVERLAY
DEBUG: Stream Type: SOLO
DEBUG: Stream Type: SFX
DEBUG: Stream Type: CALLOUT
DEBUG: Stream Type: MUSIC
DEBUG: END GSoundProcessor::printBehaviorData()
DEBUG: END GSoundProcessor::postProcessBehaviors()
    INFO: BEGIN AltsoundProcessorBase::freeStream()
        INFO: Successfully free'd stream(2147483663)
    DEBUG: END AltsoundProcessorBase::freeStream()
INFO: BEGIN GSoundProcessor::adjustStreamVolumes()
DEBUG: BEGIN GSoundProcessor::findLowestDuckVolume()
    DEBUG: OVERLAY duck_vol_map is empty()
DEBUG: END GSoundProcessor::findLowestDuckVolume()
    DEBUG: OVERLAY ducking volume: 1.00
DEBUG: BEGIN: AltsoundProcessorBase::setVolume()
    INFO: Setting volume for stream 2147483661
    DEBUG: SAMPLE_VOL:0.70  GLOBAL_VOL:1.00  MASTER_VOL:1.00
    INFO: SUCCESS BASS_ChannelSetAttribute(BASS_ATTRIB_VOL)
DEBUG: END: AltsoundProcessorBase::setVolume()
    DEBUG: OVERLAY stream 2147483661 gain:  0.70  group_vol:  1.00 ducked_vol:  1.00
DEBUG: BEGIN GSoundProcessor::findLowestDuckVolume()
    DEBUG: Min ducking value for MUSIC streams: 0.70
DEBUG: END GSoundProcessor::findLowestDuckVolume()
    DEBUG: MUSIC ducking volume: 0.70
DEBUG: BEGIN: AltsoundProcessorBase::setVolume()
    INFO: Setting volume for stream 2147483659
    DEBUG: SAMPLE_VOL:0.63  GLOBAL_VOL:1.00  MASTER_VOL:1.00
    INFO: SUCCESS BASS_ChannelSetAttribute(BASS_ATTRIB_VOL)
DEBUG: END: AltsoundProcessorBase::setVolume()
    DEBUG: MUSIC stream 2147483659 gain:  0.90  group_vol:  1.00 ducked_vol:  0.70
    INFO: Num active streams: 2
DEBUG: END GSoundProcessor::adjustStreamVolumes()
DEBUG: BEGIN GSoundProcessor::processPausedStreams()
DEBUG: BEGIN GSoundProcessor::tryResumeStream()
DEBUG: END GSoundProcessor::tryResumeStream()
DEBUG: BEGIN GSoundProcessor::tryResumeStream()
DEBUG: END GSoundProcessor::tryResumeStream()
DEBUG: END GSoundProcessor::processPausedStreams()
    INFO: SFX stream(2147483663) finished on ch(01)
DEBUG: END GSoundProcessor::common_callback()
DEBUG: 
BEGIN: GSoundProcessor::common_callback()
    INFO: HSYNC: 2147483662  HSTREAM: 2147483661
    DEBUG: Acquiring mutex
DEBUG: BEGIN: GSoundProcessor::postProcessBehaviors()
    DEBUG: Post-processing OVERLAY behaviors on OVERLAY streams
    DEBUG: Post-processing OVERLAY ducking impact on OVERLAY streams
    DEBUG: Post-processing OVERLAY behaviors on SOLO streams
    DEBUG: Post-processing OVERLAY ducking impact on SOLO streams
    DEBUG: Post-processing OVERLAY behaviors on SFX streams
    DEBUG: Post-processing OVERLAY ducking impact on SFX streams
    DEBUG: Erasing ducking impact from OVERLAY stream: 2147483661
    DEBUG: Post-processing OVERLAY behaviors on CALLOUT streams
    DEBUG: Post-processing OVERLAY ducking impact on CALLOUT streams
    DEBUG: Post-processing OVERLAY behaviors on MUSIC streams
    DEBUG: Post-processing OVERLAY ducking impact on MUSIC streams
    DEBUG: Erasing ducking impact from OVERLAY stream: 2147483661
DEBUG: BEGIN GSoundProcessor::printBehaviorData()
DEBUG: Printing duck_vol_map:
DEBUG: Stream Type: OVERLAY
DEBUG: Stream Type: SOLO
DEBUG: Stream Type: SFX
DEBUG: Stream Type: CALLOUT
DEBUG: Stream Type: MUSIC
DEBUG: Printing paused_status_map:
DEBUG: Stream Type: OVERLAY
DEBUG: Stream Type: SOLO
DEBUG: Stream Type: SFX
DEBUG: Stream Type: CALLOUT
DEBUG: Stream Type: MUSIC
DEBUG: END GSoundProcessor::printBehaviorData()
DEBUG: END GSoundProcessor::postProcessBehaviors()
    INFO: BEGIN AltsoundProcessorBase::freeStream()
        INFO: Successfully free'd stream(2147483661)
    DEBUG: END AltsoundProcessorBase::freeStream()
INFO: BEGIN GSoundProcessor::adjustStreamVolumes()
DEBUG: BEGIN GSoundProcessor::findLowestDuckVolume()
    DEBUG: MUSIC duck_vol_map is empty()
DEBUG: END GSoundProcessor::findLowestDuckVolume()
    DEBUG: MUSIC ducking volume: 1.00
DEBUG: BEGIN: AltsoundProcessorBase::setVolume()
    INFO: Setting volume for stream 2147483659
    DEBUG: SAMPLE_VOL:0.90  GLOBAL_VOL:1.00  MASTER_VOL:1.00
    INFO: SUCCESS BASS_ChannelSetAttribute(BASS_ATTRIB_VOL)
DEBUG: END: AltsoundProcessorBase::setVolume()
    DEBUG: MUSIC stream 2147483659 gain:  0.90  group_vol:  1.00 ducked_vol:  1.00
    INFO: Num active streams: 1
DEBUG: END GSoundProcessor::adjustStreamVolumes()
DEBUG: BEGIN GSoundProcessor::processPausedStreams()
DEBUG: BEGIN GSoundProcessor::tryResumeStream()
DEBUG: END GSoundProcessor::tryResumeStream()
DEBUG: END GSoundProcessor::processPausedStreams()
    INFO: OVERLAY stream(2147483661) finished on ch(00)
DEBUG: END GSoundProcessor::common_callback()
DEBUG: BEGIN AltsoundProcessCommand()
DEBUG: Master Volume (Post Attenuation): 1.00
DEBUG: BEGIN altsound_preprocess_commands()
DEBUG: MAME_GEN: 0x0000000004000
DEBUG: Hardware Generation: DEDMD16, DEDMD32, DEDMD64, DE
DEBUG: END altsound_preprocess_commands()
DEBUG: Command complete. Processing...
    DEBUG: BEGIN GSoundProcessor::handleCmd()
        DEBUG: Acquiring mutex
        DEBUG: BEGIN GSoundProcessor::getSample()
        INFO: Found 1 sample(s) for ID: 007C
        INFO: Sample: gnr_300/0x007c-setup_button.ogg
        DEBUG: END GSoundProcessor::getSample()
        DEBUG: BEGIN GSoundProcessor::processStream()
            DEBUG: BEGIN AltsoundProcessorBase::createStream()
                INFO: BEGIN: AltsoundProcessorBase::findFreeChannel()
                    INFO: Found free channel: 00
                DEBUG: END: AltsoundProcessorBase::findFreeChannel()
                INFO: Successfully created stream(2147483665) on channel(00)
            DEBUG: END: AltsoundProcessorBase::createStream()
        DEBUG: BEGIN: GSoundProcessor::processBehaviors()
            DEBUG: Processing SFX behaviors on OVERLAY streams
            DEBUG: Processing SFX behaviors on SOLO streams
            DEBUG: Processing SFX behaviors on SFX streams
            DEBUG: Processing SFX behaviors on CALLOUT streams
            DEBUG: Processing SFX behaviors on MUSIC streams
        DEBUG: BEGIN GSoundProcessor::printBehaviorData()
        DEBUG: Printing duck_vol_map:
        DEBUG: Stream Type: OVERLAY
        DEBUG: Stream Type: SOLO
        DEBUG: Stream Type: SFX
        DEBUG: Stream Type: CALLOUT
        DEBUG: Stream Type: MUSIC
        DEBUG: Stream ID: 2147483665, Duck Volume: 0.850000
        DEBUG: Printing paused_status_map:
        DEBUG: Stream Type: OVERLAY
        DEBUG: Stream Type: SOLO
        DEBUG: Stream Type: SFX
        DEBUG: Stream Type: CALLOUT
        DEBUG: Stream Type: MUSIC
        DEBUG: END GSoundProcessor::printBehaviorData()
        DEBUG: END GSoundProcessor::processBehaviors()
        DEBUG: END GSoundProcessor::processStream()
        INFO: BEGIN GSoundProcessor::adjustStreamVolumes()
        DEBUG: BEGIN GSoundProcessor::findLowestDuckVolume()
            DEBUG: SFX duck_vol_map is empty()
        DEBUG: END GSoundProcessor::findLowestDuckVolume()
            DEBUG: SFX ducking volume: 1.00
        DEBUG: BEGIN: AltsoundProcessorBase::setVolume()
            INFO: Setting volume for stream 2147483665
            DEBUG: SAMPLE_VOL:0.34  GLOBAL_VOL:1.00  MASTER_VOL:1.00
            INFO: SUCCESS BASS_ChannelSetAttribute(BASS_ATTRIB_VOL)
        DEBUG: END: AltsoundProcessorBase::setVolume()
            DEBUG: SFX stream 2147483665 gain:  0.40  group_vol:  0.85 ducked_vol:  1.00
        DEBUG: BEGIN GSoundProcessor::findLowestDuckVolume()
            DEBUG: Min ducking value for MUSIC streams: 0.85
        DEBUG: END GSoundProcessor::findLowestDuckVolume()
            DEBUG: MUSIC ducking volume: 0.85
        DEBUG: BEGIN: AltsoundProcessorBase::setVolume()
            INFO: Setting volume for stream 2147483659
            DEBUG: SAMPLE_VOL:0.76  GLOBAL_VOL:1.00  MASTER_VOL:1.00
            INFO: SUCCESS BASS_ChannelSetAttribute(BASS_ATTRIB_VOL)
        DEBUG: END: AltsoundProcessorBase::setVolume()
            DEBUG: MUSIC stream 2147483659 gain:  0.90  group_vol:  1.00 ducked_vol:  0.85
            INFO: Num active streams: 2
        DEBUG: END GSoundProcessor::adjustStreamVolumes()
        INFO: Playing SFX stream: gnr_300/0x007c-setup_button.ogg
        DEBUG: HSTREAM(2147483665)  CH(00)  CMD(007C)  SAMPLE(gnr_300/0x007c-setup_button.ogg)
            INFO: SUCCESS SFX stream playback
    DEBUG: END GSoundProcessor::handleCmd()
INFO: SUCCESS processor::handleCmd()
DEBUG: BEGIN altsound_postprocess_commands()
DEBUG: MAME_GEN: 0x0000000004000
DEBUG: END postprocess_commands()
DEBUG: END AltsoundProcessCommand()
DEBUG: 
DEBUG: BEGIN AltsoundProcessCommand()
DEBUG: Master Volume (Post Attenuation): 1.00
DEBUG: BEGIN altsound_preprocess_commands()
DEBUG: MAME_GEN: 0x0000000004000
DEBUG: Hardware Generation: DEDMD16, DEDMD32, DEDMD64, DE
DEBUG: END altsound_preprocess_commands()
DEBUG: Command complete. Processing...
    DEBUG: BEGIN GSoundProcessor::handleCmd()
        DEBUG: Acquiring mutex
        DEBUG: BEGIN GSoundProcessor::getSample()
        INFO: Found 1 sample(s) for ID: 007D
        INFO: Sample: gnr_300/0x007d-setup_validation.ogg
        DEBUG: END GSoundProcessor::getSample()
        DEBUG: BEGIN GSoundProcessor::processStream()
            DEBUG: BEGIN AltsoundProcessorBase::createStream()
                INFO: BEGIN: AltsoundProcessorBase::findFreeChannel()
                    INFO: Found free channel: 01
                DEBUG: END: AltsoundProcessorBase::findFreeChannel()
                INFO: Successfully created stream(2147483667) on channel(01)
            DEBUG: END: AltsoundProcessorBase::createStream()
        DEBUG: BEGIN: GSoundProcessor::processBehaviors()
            DEBUG: Processing SFX behaviors on OVERLAY streams
            DEBUG: Processing SFX behaviors on SOLO streams
            DEBUG: Processing SFX behaviors on SFX streams
            DEBUG: Processing SFX behaviors on CALLOUT streams
            DEBUG: Processing SFX behaviors on MUSIC streams
        DEBUG: BEGIN GSoundProcessor::printBehaviorData()
        DEBUG: Printing duck_vol_map:
        DEBUG: Stream Type: OVERLAY
        DEBUG: Stream Type: SOLO
        DEBUG: Stream Type: SFX
        DEBUG: Stream Type: CALLOUT
        DEBUG: Stream Type: MUSIC
        DEBUG: Stream ID: 2147483667, Duck Volume: 0.850000
        DEBUG: Stream ID: 2147483665, Duck Volume: 0.850000
        DEBUG: Printing paused_status_map:
        DEBUG: Stream Type: OVERLAY
        DEBUG: Stream Type: SOLO
        DEBUG: Stream Type: SFX
        DEBUG: Stream Type: CALLOUT
        DEBUG: Stream Type: MUSIC
        DEBUG: END GSoundProcessor::printBehaviorData()
        DEBUG: END GSoundProcessor::processBehaviors()
        DEBUG: END GSoundProcessor::processStream()
        INFO: BEGIN GSoundProcessor::adjustStreamVolumes()
        DEBUG: BEGIN GSoundProcessor::findLowestDuckVolume()
            DEBUG: SFX duck_vol_map is empty()
        DEBUG: END GSoundProcessor::findLowestDuckVolume()
            DEBUG: SFX ducking volume: 1.00
        DEBUG: BEGIN: AltsoundProcessorBase::setVolume()
            INFO: Setting volume for stream 2147483665
            DEBUG: SAMPLE_VOL:0.34  GLOBAL_VOL:1.00  MASTER_VOL:1.00
            INFO: SUCCESS BASS_ChannelSetAttribute(BASS_ATTRIB_VOL)
        DEBUG: END: AltsoundProcessorBase::setVolume()
            DEBUG: SFX stream 2147483665 gain:  0.40  group_vol:  0.85 ducked_vol:  1.00
        DEBUG: BEGIN GSoundProcessor::findLowestDuckVolume()
            DEBUG: SFX duck_vol_map is empty()
        DEBUG: END GSoundProcessor::findLowestDuckVolume()
            DEBUG: SFX ducking volume: 1.00
        DEBUG: BEGIN: AltsoundProcessorBase::setVolume()
            INFO: Setting volume for stream 2147483667
            DEBUG: SAMPLE_VOL:0.34  GLOBAL_VOL:1.00  MASTER_VOL:1.00
            INFO: SUCCESS BASS_ChannelSetAttribute(BASS_ATTRIB_VOL)
        DEBUG: END: AltsoundProcessorBase::setVolume()
            DEBUG: SFX stream 2147483667 gain:  0.40  group_vol:  0.85 ducked_vol:  1.00
        DEBUG: BEGIN GSoundProcessor::findLowestDuckVolume()
            DEBUG: Min ducking value for MUSIC streams: 0.85
        DEBUG: END GSoundProcessor::findLowestDuckVolume()
            DEBUG: MUSIC ducking volume: 0.85
        DEBUG: BEGIN: AltsoundProcessorBase::setVolume()
            INFO: Setting volume for stream 2147483659
            DEBUG: SAMPLE_VOL:0.76  GLOBAL_VOL:1.00  MASTER_VOL:1.00
            INFO: SUCCESS BASS_ChannelSetAttribute(BASS_ATTRIB_VOL)
        DEBUG: END: AltsoundProcessorBase::setVolume()
            DEBUG: MUSIC stream 2147483659 gain:  0.90  group_vol:  1.00 ducked_vol:  0.85
            INFO: Num active streams: 3
        DEBUG: END GSoundProcessor::adjustStreamVolumes()
        INFO: Playing SFX stream: gnr_300/0x007d-setup_validation.ogg
        DEBUG: HSTREAM(2147483667)  CH(01)  CMD(007D)  SAMPLE(gnr_300/0x007d-setup_validation.ogg)
            INFO: SUCCESS SFX stream playback
    DEBUG: END GSoundProcessor::handleCmd()
INFO: SUCCESS processor::handleCmd()
DEBUG: BEGIN altsound_postprocess_commands()
DEBUG: MAME_GEN: 0x0000000004000
DEBUG: END postprocess_commands()
DEBUG: END AltsoundProcessCommand()
DEBUG: 
DEBUG: BEGIN AltsoundProcessCommand()
DEBUG: Master Volume (Post Attenuation): 1.00
DEBUG: BEGIN altsound_preprocess_commands()
DEBUG: MAME_GEN: 0x0000000004000
DEBUG: Hardware Generation: DEDMD16, DEDMD32, DEDMD64, DE
DEBUG: END altsound_preprocess_commands()
DEBUG: Command complete. Processing...
    DEBUG: BEGIN GSoundProcessor::handleCmd()
        DEBUG: Acquiring mutex
        DEBUG: BEGIN GSoundProcessor::getSample()
        INFO: Found 1 sample(s) for ID: 007B
        INFO: Sample: gnr_300/0x007b-push_button.ogg
        DEBUG: END GSoundProcessor::getSample()
        DEBUG: BEGIN GSoundProcessor::processStream()
            DEBUG: BEGIN AltsoundProcessorBase::createStream()
                INFO: BEGIN: AltsoundProcessorBase::findFreeChannel()
                    INFO: Found free channel: 02
                DEBUG: END: AltsoundProcessorBase::findFreeChannel()
                INFO: Successfully created stream(2147483669) on channel(02)
            DEBUG: END: AltsoundProcessorBase::createStream()
        DEBUG: BEGIN: GSoundProcessor::processBehaviors()
            DEBUG: Processing SFX behaviors on OVERLAY streams
            DEBUG: Processing SFX behaviors on SOLO streams
            DEBUG: Processing SFX behaviors on SFX streams
            DEBUG: Processing SFX behaviors on CALLOUT streams
            DEBUG: Processing SFX behaviors on MUSIC streams
        DEBUG: BEGIN GSoundProcessor::printBehaviorData()
        DEBUG: Printing duck_vol_map:
        DEBUG: Stream Type: OVERLAY
        DEBUG: Stream Type: SOLO
        DEBUG: Stream Type: SFX
        DEBUG: Stream Type: CALLOUT
        DEBUG: Stream Type: MUSIC
        DEBUG: Stream ID: 2147483669, Duck Volume: 0.850000
        DEBUG: Stream ID: 2147483667, Duck Volume: 0.850000
        DEBUG: Stream ID: 2147483665, Duck Volume: 0.850000
        DEBUG: Printing paused_status_map:
        DEBUG: Stream Type: OVERLAY
        DEBUG: Stream Type: SOLO
        DEBUG: Stream Type: SFX
        DEBUG: Stream Type: CALLOUT
        DEBUG: Stream Type: MUSIC
        DEBUG: END GSoundProcessor::printBehaviorData()
        DEBUG: END GSoundProcessor::processBehaviors()
        DEBUG: END GSoundProcessor::processStream()
        INFO: BEGIN GSoundProcessor::adjustStreamVolumes()
        DEBUG: BEGIN GSoundProcessor::findLowestDuckVolume()
            DEBUG: SFX duck_vol_map is empty()
        DEBUG: END GSoundProcessor::findLowestDuckVolume()
            DEBUG: SFX ducking volume: 1.00
        DEBUG: BEGIN: AltsoundProcessorBase::setVolume()
            INFO: Setting volume for stream 2147483665
            DEBUG: SAMPLE_VOL:0.34  GLOBAL_VOL:1.00  MASTER_VOL:1.00
            INFO: SUCCESS BASS_ChannelSetAttribute(BASS_ATTRIB_VOL)
        DEBUG: END: AltsoundProcessorBase::setVolume()
            DEBUG: SFX stream 2147483665 gain:  0.40  group_vol:  0.85 ducked_vol:  1.00
        DEBUG: BEGIN GSoundProcessor::findLowestDuckVolume()
            DEBUG: SFX duck_vol_map is empty()
        DEBUG: END GSoundProcessor::findLowestDuckVolume()
            DEBUG: SFX ducking volume: 1.00
        DEBUG: BEGIN: AltsoundProcessorBase::setVolume()
            INFO: Setting volume for stream 2147483667
            DEBUG: SAMPLE_VOL:0.34  GLOBAL_VOL:1.00  MASTER_VOL:1.00
            INFO: SUCCESS BASS_ChannelSetAttribute(BASS_ATTRIB_VOL)
        DEBUG: END: AltsoundProcessorBase::setVolume()
            DEBUG: SFX stream 2147483667 gain:  0.40  group_vol:  0.85 ducked_vol:  1.00
        DEBUG: BEGIN GSoundProcessor::findLowestDuckVolume()
            DEBUG: SFX duck_vol_map is empty()
        DEBUG: END GSoundProcessor::findLowestDuckVolume()
            DEBUG: SFX ducking volume: 1.00
        DEBUG: BEGIN: AltsoundProcessorBase::setVolume()
            INFO: Setting volume for stream 2147483669
            DEBUG: SAMPLE_VOL:0.34  GLOBAL_VOL:1.00  MASTER_VOL:1.00
            INFO: SUCCESS BASS_ChannelSetAttribute(BASS_ATTRIB_VOL)
        DEBUG: END: AltsoundProcessorBase::setVolume()
            DEBUG: SFX stream 2147483669 gain:  0.40  group_vol:  0.85 ducked_vol:  1.00
        DEBUG: BEGIN GSoundProcessor::findLowestDuckVolume()
            DEBUG: Min ducking value for MUSIC streams: 0.85
        DEBUG: END GSoundProcessor::findLowestDuckVolume()
            DEBUG: MUSIC ducking volume: 0.85
        DEBUG: BEGIN: AltsoundProcessorBase::setVolume()
            INFO: Setting volume for stream 2147483659
            DEBUG: SAMPLE_VOL:0.76  GLOBAL_VOL:1.00  MASTER_VOL:1.00
            INFO: SUCCESS BASS_ChannelSetAttribute(BASS_ATTRIB_VOL)
        DEBUG: END: AltsoundProcessorBase::setVolume()
            DEBUG: MUSIC stream 2147483659 gain:  0.90  group_vol:  1.00 ducked_vol:  0.85
            INFO: Num active streams: 4
        DEBUG: END GSoundProcessor::adjustStreamVolumes()
        INFO: Playing SFX stream: gnr_300/0x007b-push_button.ogg
        DEBUG: HSTREAM(2147483669)  CH(02)  CMD(007B)  SAMPLE(gnr_300/0x007b-push_button.ogg)
            INFO: SUCCESS SFX stream playback
    DEBUG: END GSoundProcessor::handleCmd()
INFO: SUCCESS processor::handleCmd()
DEBUG: BEGIN altsound_postprocess_commands()
DEBUG: MAME_GEN: 0x0000000004000
DEBUG: END postprocess_commands()
DEBUG: END AltsoundProcessCommand()
DEBUG: 
DEBUG: BEGIN AltsoundProcessCommand()
DEBUG: Master Volume (Post Attenuation): 1.00
DEBUG: BEGIN altsound_preprocess_commands()
DEBUG: MAME_GEN: 0x0000000004000
DEBUG: Hardware Generation: DEDMD16, DEDMD32, DEDMD64, DE
DEBUG: END altsound_preprocess_commands()
DEBUG: Command complete. Processing...
    DEBUG: BEGIN GSoundProcessor::handleCmd()
        DEBUG: Acquiring mutex
        DEBUG: BEGIN GSoundProcessor::getSample()
        INFO: Found 1 sample(s) for ID: 007C
        INFO: Sample: gnr_300/0x007c-setup_button.ogg
        DEBUG: END GSoundProcessor::getSample()
        DEBUG: BEGIN GSoundProcessor::processStream()
            DEBUG: BEGIN AltsoundProcessorBase::createStream()
                INFO: BEGIN: AltsoundProcessorBase::findFreeChannel()
                    INFO: Found free channel: 04
                DEBUG: END: AltsoundProcessorBase::findFreeChannel()
                INFO: Successfully created stream(2147483671) on channel(04)
            DEBUG: END: AltsoundProcessorBase::createStream()
        DEBUG: BEGIN: GSoundProcessor::processBehaviors()
            DEBUG: Processing SFX behaviors on OVERLAY streams
            DEBUG: Processing SFX behaviors on SOLO streams
            DEBUG: Processing SFX behaviors on SFX streams
            DEBUG: Processing SFX behaviors on CALLOUT streams
            DEBUG: Processing SFX behaviors on MUSIC streams
        DEBUG: BEGIN GSoundProcessor::printBehaviorData()
        DEBUG: Printing duck_vol_map:
        DEBUG: Stream Type: OVERLAY
        DEBUG: Stream Type: SOLO
        DEBUG: Stream Type: SFX
        DEBUG: Stream Type: CALLOUT
        DEBUG: Stream Type: MUSIC
        DEBUG: Stream ID: 2147483671, Duck Volume: 0.850000
        DEBUG: Stream ID: 2147483669, Duck Volume: 0.850000
        DEBUG: Stream ID: 2147483667, Duck Volume: 0.850000
        DEBUG: Stream ID: 2147483665, Duck Volume: 0.850000
        DEBUG: Printing paused_status_map:
        DEBUG: Stream Type: OVERLAY
        DEBUG: Stream Type: SOLO
        DEBUG: Stream Type: SFX
        DEBUG: Stream Type: CALLOUT
        DEBUG: Stream Type: MUSIC
        DEBUG: END GSoundProcessor::printBehaviorData()
        DEBUG: END GSoundProcessor::processBehaviors()
        DEBUG: END GSoundProcessor::processStream()
        INFO: BEGIN GSoundProcessor::adjustStreamVolumes()
        DEBUG: BEGIN GSoundProcessor::findLowestDuckVolume()
            DEBUG: SFX duck_vol_map is empty()
        DEBUG: END GSoundProcessor::findLowestDuckVolume()
            DEBUG: SFX ducking volume: 1.00
        DEBUG: BEGIN: AltsoundProcessorBase::setVolume()
            INFO: Setting volume for stream 2147483665
            DEBUG: SAMPLE_VOL:0.34  GLOBAL_VOL:1.00  MASTER_VOL:1.00
            INFO: SUCCESS BASS_ChannelSetAttribute(BASS_ATTRIB_VOL)
        DEBUG: END: AltsoundProcessorBase::setVolume()
            DEBUG: SFX stream 2147483665 gain:  0.40  group_vol:  0.85 ducked_vol:  1.00
        DEBUG: BEGIN GSoundProcessor::findLowestDuckVolume()
            DEBUG: SFX duck_vol_map is empty()
        DEBUG: END GSoundProcessor::findLowestDuckVolume()
            DEBUG: SFX ducking volume: 1.00
        DEBUG: BEGIN: AltsoundProcessorBase::setVolume()
            INFO: Setting volume for stream 2147483667
            DEBUG: SAMPLE_VOL:0.34  GLOBAL_VOL:1.00  MASTER_VOL:1.00
            INFO: SUCCESS BASS_ChannelSetAttribute(BASS_ATTRIB_VOL)
        DEBUG: END: AltsoundProcessorBase::setVolume()
            DEBUG: SFX stream 2147483667 gain:  0.40  group_vol:  0.85 ducked_vol:  1.00
        DEBUG: BEGIN GSoundProcessor::findLowestDuckVolume()
            DEBUG: SFX duck_vol_map is empty()
        DEBUG: END GSoundProcessor::findLowestDuckVolume()
            DEBUG: SFX ducking volume: 1.00
        DEBUG: BEGIN: AltsoundProcessorBase::setVolume()
            INFO: Setting volume for stream 2147483669
            DEBUG: SAMPLE_VOL:0.34  GLOBAL_VOL:1.00  MASTER_VOL:1.00
            INFO: SUCCESS BASS_ChannelSetAttribute(BASS_ATTRIB_VOL)
        DEBUG: END: AltsoundProcessorBase::setVolume()
            DEBUG: SFX stream 2147483669 gain:  0.40  group_vol:  0.85 ducked_vol:  1.00
        DEBUG: BEGIN GSoundProcessor::findLowestDuckVolume()
            DEBUG: Min ducking value for MUSIC streams: 0.85
        DEBUG: END GSoundProcessor::findLowestDuckVolume()
            DEBUG: MUSIC ducking volume: 0.85
        DEBUG: BEGIN: AltsoundProcessorBase::setVolume()
            INFO: Setting volume for stream 2147483659
            DEBUG: SAMPLE_VOL:0.76  GLOBAL_VOL:1.00  MASTER_VOL:1.00
            INFO: SUCCESS BASS_ChannelSetAttribute(BASS_ATTRIB_VOL)
        DEBUG: END: AltsoundProcessorBase::setVolume()
            DEBUG: MUSIC stream 2147483659 gain:  0.90  group_vol:  1.00 ducked_vol:  0.85
        DEBUG: BEGIN GSoundProcessor::findLowestDuckVolume()
            DEBUG: SFX duck_vol_map is empty()
        DEBUG: END GSoundProcessor::findLowestDuckVolume()
            DEBUG: SFX ducking volume: 1.00
        DEBUG: BEGIN: AltsoundProcessorBase::setVolume()
            INFO: Setting volume for stream 2147483671
            DEBUG: SAMPLE_VOL:0.34  GLOBAL_VOL:1.00  MASTER_VOL:1.00
            INFO: SUCCESS BASS_ChannelSetAttribute(BASS_ATTRIB_VOL)
        DEBUG: END: AltsoundProcessorBase::setVolume()
            DEBUG: SFX stream 2147483671 gain:  0.40  group_vol:  0.85 ducked_vol:  1.00
            INFO: Num active streams: 5
        DEBUG: END GSoundProcessor::adjustStreamVolumes()
        INFO: Playing SFX stream: gnr_300/0x007c-setup_button.ogg
        DEBUG: HSTREAM(2147483671)  CH(04)  CMD(007C)  SAMPLE(gnr_300/0x007c-setup_button.ogg)
            INFO: SUCCESS SFX stream playback
    DEBUG: END GSoundProcessor::handleCmd()
INFO: SUCCESS processor::handleCmd()
DEBUG: BEGIN altsound_postprocess_commands()
DEBUG: MAME_GEN: 0x0000000004000
DEBUG: END postprocess_commands()
DEBUG: END AltsoundProcessCommand()
DEBUG: 
DEBUG: BEGIN AltsoundProcessCommand()
DEBUG: Master Volume (Post Attenuation): 1.00
DEBUG: BEGIN altsound_preprocess_commands()
DEBUG: MAME_GEN: 0x0000000004000
DEBUG: Hardware Generation: DEDMD16, DEDMD32, DEDMD64, DE
DEBUG: END altsound_preprocess_commands()
DEBUG: Command complete. Processing...
    DEBUG: BEGIN GSoundProcessor::handleCmd()
        DEBUG: Acquiring mutex
        DEBUG: BEGIN GSoundProcessor::getSample()
        INFO: Found 1 sample(s) for ID: 007D
        INFO: Sample: gnr_300/0x007d-setup_validation.ogg
        DEBUG: END GSoundProcessor::getSample()
        DEBUG: BEGIN GSoundProcessor::processStream()
            DEBUG: BEGIN AltsoundProcessorBase::createStream()
                INFO: BEGIN: AltsoundProcessorBase::findFreeChannel()
                    INFO: Found free channel: 05
                DEBUG: END: AltsoundProcessorBase::findFreeChannel()
                INFO: Successfully created stream(2147483673) on channel(05)
            DEBUG: END: AltsoundProcessorBase::createStream()
        DEBUG: BEGIN: GSoundProcessor::processBehaviors()
            DEBUG: Processing SFX behaviors on OVERLAY streams
            DEBUG: Processing SFX behaviors on SOLO streams
            DEBUG: Processing SFX behaviors on SFX streams
            DEBUG: Processing SFX behaviors on CALLOUT streams
            DEBUG: Processing SFX behaviors on MUSIC streams
        DEBUG: BEGIN GSoundProcessor::printBehaviorData()
        DEBUG: Printing duck_vol_map:
        DEBUG: Stream Type: OVERLAY
        DEBUG: Stream Type: SOLO
        DEBUG: Stream Type: SFX
        DEBUG: Stream Type: CALLOUT
        DEBUG: Stream Type: MUSIC
        DEBUG: Stream ID: 2147483673, Duck Volume: 0.850000
        DEBUG: Stream ID: 2147483671, Duck Volume: 0.850000
        DEBUG: Stream ID: 2147483669, Duck Volume: 0.850000
        DEBUG: Stream ID: 2147483667, Duck Volume: 0.850000
        DEBUG: Stream ID: 2147483665, Duck Volume: 0.850000
        DEBUG: Printing paused_status_map:
        DEBUG: Stream Type: OVERLAY
        DEBUG: Stream Type: SOLO
        DEBUG: Stream Type: SFX
        DEBUG: Stream Type: CALLOUT
        DEBUG: Stream Type: MUSIC
        DEBUG: END GSoundProcessor::printBehaviorData()
        DEBUG: END GSoundProcessor::processBehaviors()
        DEBUG: END GSoundProcessor::processStream()
        INFO: BEGIN GSoundProcessor::adjustStreamVolumes()
        DEBUG: BEGIN GSoundProcessor::findLowestDuckVolume()
            DEBUG: SFX duck_vol_map is empty()
        DEBUG: END GSoundProcessor::findLowestDuckVolume()
            DEBUG: SFX ducking volume: 1.00
        DEBUG: BEGIN: AltsoundProcessorBase::setVolume()
            INFO: Setting volume for stream 2147483665
            DEBUG: SAMPLE_VOL:0.34  GLOBAL_VOL:1.00  MASTER_VOL:1.00
            INFO: SUCCESS BASS_ChannelSetAttribute(BASS_ATTRIB_VOL)
        DEBUG: END: AltsoundProcessorBase::setVolume()
            DEBUG: SFX stream 2147483665 gain:  0.40  group_vol:  0.85 ducked_vol:  1.00
        DEBUG: BEGIN GSoundProcessor::findLowestDuckVolume()
            DEBUG: SFX duck_vol_map is empty()
        DEBUG: END GSoundProcessor::findLowestDuckVolume()
            DEBUG: SFX ducking volume: 1.00
        DEBUG: BEGIN: AltsoundProcessorBase::setVolume()
            INFO: Setting volume for stream 2147483667
            DEBUG: SAMPLE_VOL:0.34  GLOBAL_VOL:1.00  MASTER_VOL:1.00
            INFO: SUCCESS BASS_ChannelSetAttribute(BASS_ATTRIB_VOL)
        DEBUG: END: AltsoundProcessorBase::setVolume()
            DEBUG: SFX stream 2147483667 gain:  0.40  group_vol:  0.85 ducked_vol:  1.00
        DEBUG: BEGIN GSoundProcessor::findLowestDuckVolume()
            DEBUG: SFX duck_vol_map is empty()
        DEBUG: END GSoundProcessor::findLowestDuckVolume()
            DEBUG: SFX ducking volume: 1.00
        DEBUG: BEGIN: AltsoundProcessorBase::setVolume()
            INFO: Setting volume for stream 2147483669
            DEBUG: SAMPLE_VOL:0.34  GLOBAL_VOL:1.00  MASTER_VOL:1.00
            INFO: SUCCESS BASS_ChannelSetAttribute(BASS_ATTRIB_VOL)
        DEBUG: END: AltsoundProcessorBase::setVolume()
            DEBUG: SFX stream 2147483669 gain:  0.40  group_vol:  0.85 ducked_vol:  1.00
        DEBUG: BEGIN GSoundProcessor::findLowestDuckVolume()
            DEBUG: Min ducking value for MUSIC streams: 0.85
        DEBUG: END GSoundProcessor::findLowestDuckVolume()
            DEBUG: MUSIC ducking volume: 0.85
        DEBUG: BEGIN: AltsoundProcessorBase::setVolume()
            INFO: Setting volume for stream 2147483659
            DEBUG: SAMPLE_VOL:0.76  GLOBAL_VOL:1.00  MASTER_VOL:1.00
            INFO: SUCCESS BASS_ChannelSetAttribute(BASS_ATTRIB_VOL)
        DEBUG: END: AltsoundProcessorBase::setVolume()
            DEBUG: MUSIC stream 2147483659 gain:  0.90  group_vol:  1.00 ducked_vol:  0.85
        DEBUG: BEGIN GSoundProcessor::findLowestDuckVolume()
            DEBUG: SFX duck_vol_map is empty()
        DEBUG: END GSoundProcessor::findLowestDuckVolume()
            DEBUG: SFX ducking volume: 1.00
        DEBUG: BEGIN: AltsoundProcessorBase::setVolume()
            INFO: Setting volume for stream 2147483671
            DEBUG: SAMPLE_VOL:0.34  GLOBAL_VOL:1.00  MASTER_VOL:1.00
            INFO: SUCCESS BASS_ChannelSetAttribute(BASS_ATTRIB_VOL)
        DEBUG: END: AltsoundProcessorBase::setVolume()
            DEBUG: SFX stream 2147483671 gain:  0.40  group_vol:  0.85 ducked_vol:  1.00
        DEBUG: BEGIN GSoundProcessor::findLowestDuckVolume()
            DEBUG: SFX duck_vol_map is empty()
        DEBUG: END GSoundProcessor::findLowestDuckVolume()
            DEBUG: SFX ducking volume: 1.00
        DEBUG: BEGIN: AltsoundProcessorBase::setVolume()
            INFO: Setting volume for stream 2147483673
            DEBUG: SAMPLE_VOL:0.34  GLOBAL_VOL:1.00  MASTER_VOL:1.00
            INFO: SUCCESS BASS_ChannelSetAttribute(BASS_ATTRIB_VOL)
        DEBUG: END: AltsoundProcessorBase::setVolume()
            DEBUG: SFX stream 2147483673 gain:  0.40  group_vol:  0.85 ducked_vol:  1.00
            INFO: Num active streams: 6
        DEBUG: END GSoundProcessor::adjustStreamVolumes()
        INFO: Playing SFX stream: gnr_300/0x007d-setup_validation.ogg
        DEBUG: HSTREAM(2147483673)  CH(05)  CMD(007D)  SAMPLE(gnr_300/0x007d-setup_validation.ogg)
            INFO: SUCCESS SFX stream playback
    DEBUG: END GSoundProcessor::handleCmd()
INFO: SUCCESS processor::handleCmd()
DEBUG: BEGIN altsound_postprocess_commands()
DEBUG: MAME_GEN: 0x0000000004000
DEBUG: END postprocess_commands()
DEBUG: END AltsoundProcessCommand()
DEBUG: 
DEBUG: 
BEGIN: GSoundProcessor::common_callback()
    INFO: HSYNC: 2147483666  HSTREAM: 2147483665
    DEBUG: Acquiring mutex
DEBUG: BEGIN: GSoundProcessor::postProcessBehaviors()
    DEBUG: Post-processing SFX behaviors on OVERLAY streams
    DEBUG: Post-processing SFX ducking impact on OVERLAY streams
    DEBUG: Post-processing SFX behaviors on SOLO streams
    DEBUG: Post-processing SFX ducking impact on SOLO streams
    DEBUG: Post-processing SFX behaviors on SFX streams
    DEBUG: Post-processing SFX ducking impact on SFX streams
    DEBUG: Post-processing SFX behaviors on CALLOUT streams
    DEBUG: Post-processing SFX ducking impact on CALLOUT streams
    DEBUG: Post-processing SFX behaviors on MUSIC streams
    DEBUG: Post-processing SFX ducking impact on MUSIC streams
    DEBUG: Erasing ducking impact from SFX stream: 2147483665
DEBUG: BEGIN GSoundProcessor::printBehaviorData()
DEBUG: Printing duck_vol_map:
DEBUG: Stream Type: OVERLAY
DEBUG: Stream Type: SOLO
DEBUG: Stream Type: SFX
DEBUG: Stream Type: CALLOUT
DEBUG: Stream Type: MUSIC
DEBUG: Stream ID: 2147483673, Duck Volume: 0.850000
DEBUG: Stream ID: 2147483671, Duck Volume: 0.850000
DEBUG: Stream ID: 2147483669, Duck Volume: 0.850000
DEBUG: Stream ID: 2147483667, Duck Volume: 0.850000
DEBUG: Printing paused_status_map:
DEBUG: Stream Type: OVERLAY
DEBUG: Stream Type: SOLO
DEBUG: Stream Type: SFX
DEBUG: Stream Type: CALLOUT
DEBUG: Stream Type: MUSIC
DEBUG: END GSoundProcessor::printBehaviorData()
DEBUG: END GSoundProcessor::postProcessBehaviors()
    INFO: BEGIN AltsoundProcessorBase::freeStream()
        INFO: Successfully free'd stream(2147483665)
    DEBUG: END AltsoundProcessorBase::freeStream()
INFO: BEGIN GSoundProcessor::adjustStreamVolumes()
DEBUG: BEGIN GSoundProcessor::findLowestDuckVolume()
    DEBUG: SFX duck_vol_map is empty()
DEBUG: END GSoundProcessor::findLowestDuckVolume()
    DEBUG: SFX ducking volume: 1.00
DEBUG: BEGIN: AltsoundProcessorBase::setVolume()
    INFO: Setting volume for stream 2147483667
    DEBUG: SAMPLE_VOL:0.34  GLOBAL_VOL:1.00  MASTER_VOL:1.00
    INFO: SUCCESS BASS_ChannelSetAttribute(BASS_ATTRIB_VOL)
DEBUG: END: AltsoundProcessorBase::setVolume()
    DEBUG: SFX stream 2147483667 gain:  0.40  group_vol:  0.85 ducked_vol:  1.00
DEBUG: BEGIN GSoundProcessor::findLowestDuckVolume()
    DEBUG: SFX duck_vol_map is empty()
DEBUG: END GSoundProcessor::findLowestDuckVolume()
    DEBUG: SFX ducking volume: 1.00
DEBUG: BEGIN: AltsoundProcessorBase::setVolume()
    INFO: Setting volume for stream 2147483669
    DEBUG: SAMPLE_VOL:0.34  GLOBAL_VOL:1.00  MASTER_VOL:1.00
    INFO: SUCCESS BASS_ChannelSetAttribute(BASS_ATTRIB_VOL)
DEBUG: END: AltsoundProcessorBase::setVolume()
    DEBUG: SFX stream 2147483669 gain:  0.40  group_vol:  0.85 ducked_vol:  1.00
DEBUG: BEGIN GSoundProcessor::findLowestDuckVolume()
    DEBUG: Min ducking value for MUSIC streams: 0.85
DEBUG: END GSoundProcessor::findLowestDuckVolume()
    DEBUG: MUSIC ducking volume: 0.85
DEBUG: BEGIN: AltsoundProcessorBase::setVolume()
    INFO: Setting volume for stream 2147483659
    DEBUG: SAMPLE_VOL:0.76  GLOBAL_VOL:1.00  MASTER_VOL:1.00
    INFO: SUCCESS BASS_ChannelSetAttribute(BASS_ATTRIB_VOL)
DEBUG: END: AltsoundProcessorBase::setVolume()
    DEBUG: MUSIC stream 2147483659 gain:  0.90  group_vol:  1.00 ducked_vol:  0.85
DEBUG: BEGIN GSoundProcessor::findLowestDuckVolume()
    DEBUG: SFX duck_vol_map is empty()
DEBUG: END GSoundProcessor::findLowestDuckVolume()
    DEBUG: SFX ducking volume: 1.00
DEBUG: BEGIN: AltsoundProcessorBase::setVolume()
    INFO: Setting volume for stream 2147483671
    DEBUG: SAMPLE_VOL:0.34  GLOBAL_VOL:1.00  MASTER_VOL:1.00
    INFO: SUCCESS BASS_ChannelSetAttribute(BASS_ATTRIB_VOL)
DEBUG: END: AltsoundProcessorBase::setVolume()
    DEBUG: SFX stream 2147483671 gain:  0.40  group_vol:  0.85 ducked_vol:  1.00
DEBUG: BEGIN GSoundProcessor::findLowestDuckVolume()
    DEBUG: SFX duck_vol_map is empty()
DEBUG: END GSoundProcessor::findLowestDuckVolume()
    DEBUG: SFX ducking volume: 1.00
DEBUG: BEGIN: AltsoundProcessorBase::setVolume()
    INFO: Setting volume for stream 2147483673
    DEBUG: SAMPLE_VOL:0.34  GLOBAL_VOL:1.00  MASTER_VOL:1.00
    INFO: SUCCESS BASS_ChannelSetAttribute(BASS_ATTRIB_VOL)
DEBUG: END: AltsoundProcessorBase::setVolume()
    DEBUG: SFX stream 2147483673 gain:  0.40  group_vol:  0.85 ducked_vol:  1.00
    INFO: Num active streams: 5
DEBUG: END GSoundProcessor::adjustStreamVolumes()
DEBUG: BEGIN GSoundProcessor::processPausedStreams()
DEBUG: BEGIN GSoundProcessor::tryResumeStream()
DEBUG: END GSoundProcessor::tryResumeStream()
DEBUG: BEGIN GSoundProcessor::tryResumeStream()
DEBUG: END GSoundProcessor::tryResumeStream()
DEBUG: BEGIN GSoundProcessor::tryResumeStream()
DEBUG: END GSoundProcessor::tryResumeStream()
DEBUG: BEGIN GSoundProcessor::tryResumeStream()
DEBUG: END GSoundProcessor::tryResumeStream()
DEBUG: BEGIN GSoundProcessor::tryResumeStream()
DEBUG: END GSoundProcessor::tryResumeStream()
DEBUG: END GSoundProcessor::processPausedStreams()
    INFO: SFX stream(2147483665) finished on ch(00)
DEBUG: END GSoundProcessor::common_callback()
DEBUG: BEGIN AltsoundProcessCommand()
DEBUG: Master Volume (Post Attenuation): 1.00
DEBUG: BEGIN altsound_preprocess_commands()
DEBUG: MAME_GEN: 0x0000000004000
DEBUG: Hardware Generation: DEDMD16, DEDMD32, DEDMD64, DE
DEBUG: END altsound_preprocess_commands()
DEBUG: Command complete. Processing...
    DEBUG: BEGIN GSoundProcessor::handleCmd()
        DEBUG: Acquiring mutex
        DEBUG: BEGIN GSoundProcessor::getSample()
        INFO: Found 1 sample(s) for ID: 007B
        INFO: Sample: gnr_300/0x007b-push_button.ogg
        DEBUG: END GSoundProcessor::getSample()
        DEBUG: BEGIN GSoundProcessor::processStream()
            DEBUG: BEGIN AltsoundProcessorBase::createStream()
                INFO: BEGIN: AltsoundProcessorBase::findFreeChannel()
                    INFO: Found free channel: 00
                DEBUG: END: AltsoundProcessorBase::findFreeChannel()
                INFO: Successfully created stream(2147483675) on channel(00)
            DEBUG: END: AltsoundProcessorBase::createStream()
        DEBUG: BEGIN: GSoundProcessor::processBehaviors()
            DEBUG: Processing SFX behaviors on OVERLAY streams
            DEBUG: Processing SFX behaviors on SOLO streams
            DEBUG: Processing SFX behaviors on SFX streams
            DEBUG: Processing SFX behaviors on CALLOUT streams
            DEBUG: Processing SFX behaviors on MUSIC streams
        DEBUG: BEGIN GSoundProcessor::printBehaviorData()
        DEBUG: Printing duck_vol_map:
        DEBUG: Stream Type: OVERLAY
        DEBUG: Stream Type: SOLO
        DEBUG: Stream Type: SFX
        DEBUG: Stream Type: CALLOUT
        DEBUG: Stream Type: MUSIC
        DEBUG: Stream ID: 2147483675, Duck Volume: 0.850000
        DEBUG: Stream ID: 2147483673, Duck Volume: 0.850000
        DEBUG: Stream ID: 2147483671, Duck Volume: 0.850000
        DEBUG: Stream ID: 2147483669, Duck Volume: 0.850000
        DEBUG: Stream ID: 2147483667, Duck Volume: 0.850000
        DEBUG: Printing paused_status_map:
        DEBUG: Stream Type: OVERLAY
        DEBUG: Stream Type: SOLO
        DEBUG: Stream Type: SFX
        DEBUG: Stream Type: CALLOUT
        DEBUG: Stream Type: MUSIC
        DEBUG: END GSoundProcessor::printBehaviorData()
        DEBUG: END GSoundProcessor::processBehaviors()
        DEBUG: END GSoundProcessor::processStream()
        INFO: BEGIN GSoundProcessor::adjustStreamVolumes()
        DEBUG: BEGIN GSoundProcessor::findLowestDuckVolume()
            DEBUG: SFX duck_vol_map is empty()
        DEBUG: END GSoundProcessor::findLowestDuckVolume()
            DEBUG: SFX ducking volume: 1.00
        DEBUG: BEGIN: AltsoundProcessorBase::setVolume()
            INFO: Setting volume for stream 2147483675
            DEBUG: SAMPLE_VOL:0.34  GLOBAL_VOL:1.00  MASTER_VOL:1.00
            INFO: SUCCESS BASS_ChannelSetAttribute(BASS_ATTRIB_VOL)
        DEBUG: END: AltsoundProcessorBase::setVolume()
            DEBUG: SFX stream 2147483675 gain:  0.40  group_vol:  0.85 ducked_vol:  1.00
        DEBUG: BEGIN GSoundProcessor::findLowestDuckVolume()
            DEBUG: SFX duck_vol_map is empty()
        DEBUG: END GSoundProcessor::findLowestDuckVolume()
            DEBUG: SFX ducking volume: 1.00
        DEBUG: BEGIN: AltsoundProcessorBase::setVolume()
            INFO: Setting volume for stream 2147483667
            DEBUG: SAMPLE_VOL:0.34  GLOBAL_VOL:1.00  MASTER_VOL:1.00
            INFO: SUCCESS BASS_ChannelSetAttribute(BASS_ATTRIB_VOL)
        DEBUG: END: AltsoundProcessorBase::setVolume()
            DEBUG: SFX stream 2147483667 gain:  0.40  group_vol:  0.85 ducked_vol:  1.00
        DEBUG: BEGIN GSoundProcessor::findLowestDuckVolume()
            DEBUG: SFX duck_vol_map is empty()
        DEBUG: END GSoundProcessor::findLowestDuckVolume()
            DEBUG: SFX ducking volume: 1.00
        DEBUG: BEGIN: AltsoundProcessorBase::setVolume()
            INFO: Setting volume for stream 2147483669
            DEBUG: SAMPLE_VOL:0.34  GLOBAL_VOL:1.00  MASTER_VOL:1.00
            INFO: SUCCESS BASS_ChannelSetAttribute(BASS_ATTRIB_VOL)
        DEBUG: END: AltsoundProcessorBase::setVolume()
            DEBUG: SFX stream 2147483669 gain:  0.40  group_vol:  0.85 ducked_vol:  1.00
        DEBUG: BEGIN GSoundProcessor::findLowestDuckVolume()
            DEBUG: Min ducking value for MUSIC streams: 0.85
        DEBUG: END GSoundProcessor::findLowestDuckVolume()
            DEBUG: MUSIC ducking volume: 0.85
        DEBUG: BEGIN: AltsoundProcessorBase::setVolume()
            INFO: Setting volume for stream 2147483659
            DEBUG: SAMPLE_VOL:0.76  GLOBAL_VOL:1.00  MASTER_VOL:1.00
            INFO: SUCCESS BASS_ChannelSetAttribute(BASS_ATTRIB_VOL)
        DEBUG: END: AltsoundProcessorBase::setVolume()
            DEBUG: MUSIC stream 2147483659 gain:  0.90  group_vol:  1.00 ducked_vol:  0.85
        DEBUG: BEGIN GSoundProcessor::findLowestDuckVolume()
            DEBUG: SFX duck_vol_map is empty()
        DEBUG: END GSoundProcessor::findLowestDuckVolume()
            DEBUG: SFX ducking volume: 1.00
        DEBUG: BEGIN: AltsoundProcessorBase::setVolume()
            INFO: Setting volume for stream 2147483671
            DEBUG: SAMPLE_VOL:0.34  GLOBAL_VOL:1.00  MASTER_VOL:1.00
            INFO: SUCCESS BASS_ChannelSetAttribute(BASS_ATTRIB_VOL)
        DEBUG: END: AltsoundProcessorBase::setVolume()
            DEBUG: SFX stream 2147483671 gain:  0.40  group_vol:  0.85 ducked_vol:  1.00
        DEBUG: BEGIN GSoundProcessor::findLowestDuckVolume()
            DEBUG: SFX duck_vol_map is empty()
        DEBUG: END GSoundProcessor::findLowestDuckVolume()
            DEBUG: SFX ducking volume: 1.00
        DEBUG: BEGIN: AltsoundProcessorBase::setVolume()
            INFO: Setting volume for stream 2147483673
            DEBUG: SAMPLE_VOL:0.34  GLOBAL_VOL:1.00  MASTER_VOL:1.00
            INFO: SUCCESS BASS_ChannelSetAttribute(BASS_ATTRIB_VOL)
        DEBUG: END: AltsoundProcessorBase::setVolume()
            DEBUG: SFX stream 2147483673 gain:  0.40  group_vol:  0.85 ducked_vol:  1.00
            INFO: Num active streams: 6
        DEBUG: END GSoundProcessor::adjustStreamVolumes()
        INFO: Playing SFX stream: gnr_300/0x007b-push_button.ogg
        DEBUG: HSTREAM(2147483675)  CH(00)  CMD(007B)  SAMPLE(gnr_300/0x007b-push_button.ogg)
            INFO: SUCCESS SFX stream playback
    DEBUG: END GSoundProcessor::handleCmd()
INFO: SUCCESS processor::handleCmd()
DEBUG: BEGIN altsound_postprocess_commands()
DEBUG: MAME_GEN: 0x0000000004000
DEBUG: END postprocess_commands()
DEBUG: END AltsoundProcessCommand()
DEBUG: 
DEBUG: 
BEGIN: GSoundProcessor::common_callback()
    INFO: HSYNC: 2147483670  HSTREAM: 2147483669
    DEBUG: Acquiring mutex
DEBUG: BEGIN: GSoundProcessor::postProcessBehaviors()
    DEBUG: Post-processing SFX behaviors on OVERLAY streams
    DEBUG: Post-processing SFX ducking impact on OVERLAY streams
    DEBUG: Post-processing SFX behaviors on SOLO streams
    DEBUG: Post-processing SFX ducking impact on SOLO streams
    DEBUG: Post-processing SFX behaviors on SFX streams
    DEBUG: Post-processing SFX ducking impact on SFX streams
    DEBUG: Post-processing SFX behaviors on CALLOUT streams
    DEBUG: Post-processing SFX ducking impact on CALLOUT streams
    DEBUG: Post-processing SFX behaviors on MUSIC streams
    DEBUG: Post-processing SFX ducking impact on MUSIC streams
    DEBUG: Erasing ducking impact from SFX stream: 2147483669
DEBUG: BEGIN GSoundProcessor::printBehaviorData()
DEBUG: Printing duck_vol_map:
DEBUG: Stream Type: OVERLAY
DEBUG: Stream Type: SOLO
DEBUG: Stream Type: SFX
DEBUG: Stream Type: CALLOUT
DEBUG: Stream Type: MUSIC
DEBUG: Stream ID: 2147483675, Duck Volume: 0.850000
DEBUG: Stream ID: 2147483673, Duck Volume: 0.850000
DEBUG: Stream ID: 2147483671, Duck Volume: 0.850000
DEBUG: Stream ID: 2147483667, Duck Volume: 0.850000
DEBUG: Printing paused_status_map:
DEBUG: Stream Type: OVERLAY
DEBUG: Stream Type: SOLO
DEBUG: Stream Type: SFX
DEBUG: Stream Type: CALLOUT
DEBUG: Stream Type: MUSIC
DEBUG: END GSoundProcessor::printBehaviorData()
DEBUG: END GSoundProcessor::postProcessBehaviors()
    INFO: BEGIN AltsoundProcessorBase::freeStream()
        INFO: Successfully free'd stream(2147483669)
    DEBUG: END AltsoundProcessorBase::freeStream()
INFO: BEGIN GSoundProcessor::adjustStreamVolumes()
DEBUG: BEGIN GSoundProcessor::findLowestDuckVolume()
    DEBUG: SFX duck_vol_map is empty()
DEBUG: END GSoundProcessor::findLowestDuckVolume()
    DEBUG: SFX ducking volume: 1.00
DEBUG: BEGIN: AltsoundProcessorBase::setVolume()
    INFO: Setting volume for stream 2147483675
    DEBUG: SAMPLE_VOL:0.34  GLOBAL_VOL:1.00  MASTER_VOL:1.00
    INFO: SUCCESS BASS_ChannelSetAttribute(BASS_ATTRIB_VOL)
DEBUG: END: AltsoundProcessorBase::setVolume()
    DEBUG: SFX stream 2147483675 gain:  0.40  group_vol:  0.85 ducked_vol:  1.00
DEBUG: BEGIN GSoundProcessor::findLowestDuckVolume()
    DEBUG: SFX duck_vol_map is empty()
DEBUG: END GSoundProcessor::findLowestDuckVolume()
    DEBUG: SFX ducking volume: 1.00
DEBUG: BEGIN: AltsoundProcessorBase::setVolume()
    INFO: Setting volume for stream 2147483667
    DEBUG: SAMPLE_VOL:0.34  GLOBAL_VOL:1.00  MASTER_VOL:1.00
    INFO: SUCCESS BASS_ChannelSetAttribute(BASS_ATTRIB_VOL)
DEBUG: END: AltsoundProcessorBase::setVolume()
    DEBUG: SFX stream 2147483667 gain:  0.40  group_vol:  0.85 ducked_vol:  1.00
DEBUG: BEGIN GSoundProcessor::findLowestDuckVolume()
    DEBUG: Min ducking value for MUSIC streams: 0.85
DEBUG: END GSoundProcessor::findLowestDuckVolume()
    DEBUG: MUSIC ducking volume: 0.85
DEBUG: BEGIN: AltsoundProcessorBase::setVolume()
    INFO: Setting volume for stream 2147483659
    DEBUG: SAMPLE_VOL:0.76  GLOBAL_VOL:1.00  MASTER_VOL:1.00
    INFO: SUCCESS BASS_ChannelSetAttribute(BASS_ATTRIB_VOL)
DEBUG: END: AltsoundProcessorBase::setVolume()
    DEBUG: MUSIC stream 2147483659 gain:  0.90  group_vol:  1.00 ducked_vol:  0.85
DEBUG: BEGIN GSoundProcessor::findLowestDuckVolume()
    DEBUG: SFX duck_vol_map is empty()
DEBUG: END GSoundProcessor::findLowestDuckVolume()
    DEBUG: SFX ducking volume: 1.00
DEBUG: BEGIN: AltsoundProcessorBase::setVolume()
    INFO: Setting volume for stream 2147483671
    DEBUG: SAMPLE_VOL:0.34  GLOBAL_VOL:1.00  MASTER_VOL:1.00
    INFO: SUCCESS BASS_ChannelSetAttribute(BASS_ATTRIB_VOL)
DEBUG: END: AltsoundProcessorBase::setVolume()
    DEBUG: SFX stream 2147483671 gain:  0.40  group_vol:  0.85 ducked_vol:  1.00
DEBUG: BEGIN GSoundProcessor::findLowestDuckVolume()
    DEBUG: SFX duck_vol_map is empty()
DEBUG: END GSoundProcessor::findLowestDuckVolume()
    DEBUG: SFX ducking volume: 1.00
DEBUG: BEGIN: AltsoundProcessorBase::setVolume()
    INFO: Setting volume for stream 2147483673
    DEBUG: SAMPLE_VOL:0.34  GLOBAL_VOL:1.00  MASTER_VOL:1.00
    INFO: SUCCESS BASS_ChannelSetAttribute(BASS_ATTRIB_VOL)
DEBUG: END: AltsoundProcessorBase::setVolume()
    DEBUG: SFX stream 2147483673 gain:  0.40  group_vol:  0.85 ducked_vol:  1.00
    INFO: Num active streams: 5
DEBUG: END GSoundProcessor::adjustStreamVolumes()
DEBUG: BEGIN GSoundProcessor::processPausedStreams()
DEBUG: BEGIN GSoundProcessor::tryResumeStream()
DEBUG: END GSoundProcessor::tryResumeStream()
DEBUG: BEGIN GSoundProcessor::tryResumeStream()
DEBUG: END GSoundProcessor::tryResumeStream()
DEBUG: BEGIN GSoundProcessor::tryResumeStream()
DEBUG: END GSoundProcessor::tryResumeStream()
DEBUG: BEGIN GSoundProcessor::tryResumeStream()
DEBUG: END GSoundProcessor::tryResumeStream()
DEBUG: BEGIN GSoundProcessor::tryResumeStream()
DEBUG: END GSoundProcessor::tryResumeStream()
DEBUG: END GSoundProcessor::processPausedStreams()
    INFO: SFX stream(2147483669) finished on ch(02)
DEBUG: END GSoundProcessor::common_callback()
DEBUG: 
BEGIN: GSoundProcessor::common_callback()
    INFO: HSYNC: 2147483668  HSTREAM: 2147483667
    DEBUG: Acquiring mutex
DEBUG: BEGIN: GSoundProcessor::postProcessBehaviors()
    DEBUG: Post-processing SFX behaviors on OVERLAY streams
    DEBUG: Post-processing SFX ducking impact on OVERLAY streams
    DEBUG: Post-processing SFX behaviors on SOLO streams
    DEBUG: Post-processing SFX ducking impact on SOLO streams
    DEBUG: Post-processing SFX behaviors on SFX streams
    DEBUG: Post-processing SFX ducking impact on SFX streams
    DEBUG: Post-processing SFX behaviors on CALLOUT streams
    DEBUG: Post-processing SFX ducking impact on CALLOUT streams
    DEBUG: Post-processing SFX behaviors on MUSIC streams
    DEBUG: Post-processing SFX ducking impact on MUSIC streams
    DEBUG: Erasing ducking impact from SFX stream: 2147483667
DEBUG: BEGIN GSoundProcessor::printBehaviorData()
DEBUG: Printing duck_vol_map:
DEBUG: Stream Type: OVERLAY
DEBUG: Stream Type: SOLO
DEBUG: Stream Type: SFX
DEBUG: Stream Type: CALLOUT
DEBUG: Stream Type: MUSIC
DEBUG: Stream ID: 2147483675, Duck Volume: 0.850000
DEBUG: Stream ID: 2147483673, Duck Volume: 0.850000
DEBUG: Stream ID: 2147483671, Duck Volume: 0.850000
DEBUG: Printing paused_status_map:
DEBUG: Stream Type: OVERLAY
DEBUG: Stream Type: SOLO
DEBUG: Stream Type: SFX
DEBUG: Stream Type: CALLOUT
DEBUG: Stream Type: MUSIC
DEBUG: END GSoundProcessor::printBehaviorData()
DEBUG: END GSoundProcessor::postProcessBehaviors()
    INFO: BEGIN AltsoundProcessorBase::freeStream()
        INFO: Successfully free'd stream(2147483667)
    DEBUG: END AltsoundProcessorBase::freeStream()
INFO: BEGIN GSoundProcessor::adjustStreamVolumes()
DEBUG: BEGIN GSoundProcessor::findLowestDuckVolume()
    DEBUG: SFX duck_vol_map is empty()
DEBUG: END GSoundProcessor::findLowestDuckVolume()
    DEBUG: SFX ducking volume: 1.00
DEBUG: BEGIN: AltsoundProcessorBase::setVolume()
    INFO: Setting volume for stream 2147483675
    DEBUG: SAMPLE_VOL:0.34  GLOBAL_VOL:1.00  MASTER_VOL:1.00
    INFO: SUCCESS BASS_ChannelSetAttribute(BASS_ATTRIB_VOL)
DEBUG: END: AltsoundProcessorBase::setVolume()
    DEBUG: SFX stream 2147483675 gain:  0.40  group_vol:  0.85 ducked_vol:  1.00
DEBUG: BEGIN GSoundProcessor::findLowestDuckVolume()
    DEBUG: Min ducking value for MUSIC streams: 0.85
DEBUG: END GSoundProcessor::findLowestDuckVolume()
    DEBUG: MUSIC ducking volume: 0.85
DEBUG: BEGIN: AltsoundProcessorBase::setVolume()
    INFO: Setting volume for stream 2147483659
    DEBUG: SAMPLE_VOL:0.76  GLOBAL_VOL:1.00  MASTER_VOL:1.00
    INFO: SUCCESS BASS_ChannelSetAttribute(BASS_ATTRIB_VOL)
DEBUG: END: AltsoundProcessorBase::setVolume()
    DEBUG: MUSIC stream 2147483659 gain:  0.90  group_vol:  1.00 ducked_vol:  0.85
DEBUG: BEGIN GSoundProcessor::findLowestDuckVolume()
    DEBUG: SFX duck_vol_map is empty()
DEBUG: END GSoundProcessor::findLowestDuckVolume()
    DEBUG: SFX ducking volume: 1.00
DEBUG: BEGIN: AltsoundProcessorBase::setVolume()
    INFO: Setting volume for stream 2147483671
    DEBUG: SAMPLE_VOL:0.34  GLOBAL_VOL:1.00  MASTER_VOL:1.00
    INFO: SUCCESS BASS_ChannelSetAttribute(BASS_ATTRIB_VOL)
DEBUG: END: AltsoundProcessorBase::setVolume()
    DEBUG: SFX stream 2147483671 gain:  0.40  group_vol:  0.85 ducked_vol:  1.00
DEBUG: BEGIN GSoundProcessor::findLowestDuckVolume()
    DEBUG: SFX duck_vol_map is empty()
DEBUG: END GSoundProcessor::findLowestDuckVolume()
    DEBUG: SFX ducking volume: 1.00
DEBUG: BEGIN: AltsoundProcessorBase::setVolume()
    INFO: Setting volume for stream 2147483673
    DEBUG: SAMPLE_VOL:0.34  GLOBAL_VOL:1.00  MASTER_VOL:1.00
    INFO: SUCCESS BASS_ChannelSetAttribute(BASS_ATTRIB_VOL)
DEBUG: END: AltsoundProcessorBase::setVolume()
    DEBUG: SFX stream 2147483673 gain:  0.40  group_vol:  0.85 ducked_vol:  1.00
    INFO: Num active streams: 4
DEBUG: END GSoundProcessor::adjustStreamVolumes()
DEBUG: BEGIN GSoundProcessor::processPausedStreams()
DEBUG: BEGIN GSoundProcessor::tryResumeStream()
DEBUG: END GSoundProcessor::tryResumeStream()
DEBUG: BEGIN GSoundProcessor::tryResumeStream()
DEBUG: END GSoundProcessor::tryResumeStream()
DEBUG: BEGIN GSoundProcessor::tryResumeStream()
DEBUG: END GSoundProcessor::tryResumeStream()
DEBUG: BEGIN GSoundProcessor::tryResumeStream()
DEBUG: END GSoundProcessor::tryResumeStream()
DEBUG: END GSoundProcessor::processPausedStreams()
    INFO: SFX stream(2147483667) finished on ch(01)
DEBUG: END GSoundProcessor::common_callback()
DEBUG: BEGIN AltsoundProcessCommand()
DEBUG: Master Volume (Post Attenuation): 1.00
DEBUG: BEGIN altsound_preprocess_commands()
DEBUG: MAME_GEN: 0x0000000004000
DEBUG: Hardware Generation: DEDMD16, DEDMD32, DEDMD64, DE
DEBUG: END altsound_preprocess_commands()
DEBUG: Command complete. Processing...
    DEBUG: BEGIN GSoundProcessor::handleCmd()
        DEBUG: Acquiring mutex
        DEBUG: BEGIN GSoundProcessor::getSample()
        INFO: Found 1 sample(s) for ID: 007C
        INFO: Sample: gnr_300/0x007c-setup_button.ogg
        DEBUG: END GSoundProcessor::getSample()
        DEBUG: BEGIN GSoundProcessor::processStream()
            DEBUG: BEGIN AltsoundProcessorBase::createStream()
                INFO: BEGIN: AltsoundProcessorBase::findFreeChannel()
                    INFO: Found free channel: 01
                DEBUG: END: AltsoundProcessorBase::findFreeChannel()
                INFO: Successfully created stream(2147483677) on channel(01)
            DEBUG: END: AltsoundProcessorBase::createStream()
        DEBUG: BEGIN: GSoundProcessor::processBehaviors()
            DEBUG: Processing SFX behaviors on OVERLAY streams
            DEBUG: Processing SFX behaviors on SOLO streams
            DEBUG: Processing SFX behaviors on SFX streams
            DEBUG: Processing SFX behaviors on CALLOUT streams
            DEBUG: Processing SFX behaviors on MUSIC streams
        DEBUG: BEGIN GSoundProcessor::printBehaviorData()
        DEBUG: Printing duck_vol_map:
        DEBUG: Stream Type: OVERLAY
        DEBUG: Stream Type: SOLO
        DEBUG: Stream Type: SFX
        DEBUG: Stream Type: CALLOUT
        DEBUG: Stream Type: MUSIC
        DEBUG: Stream ID: 2147483677, Duck Volume: 0.850000
        DEBUG: Stream ID: 2147483675, Duck Volume: 0.850000
        DEBUG: Stream ID: 2147483673, Duck Volume: 0.850000
        DEBUG: Stream ID: 2147483671, Duck Volume: 0.850000
        DEBUG: Printing paused_status_map:
        DEBUG: Stream Type: OVERLAY
        DEBUG: Stream Type: SOLO
        DEBUG: Stream Type: SFX
        DEBUG: Stream Type: CALLOUT
        DEBUG: Stream Type: MUSIC
        DEBUG: END GSoundProcessor::printBehaviorData()
        DEBUG: END GSoundProcessor::processBehaviors()
        DEBUG: END GSoundProcessor::processStream()
        INFO: BEGIN GSoundProcessor::adjustStreamVolumes()
        DEBUG: BEGIN GSoundProcessor::findLowestDuckVolume()
            DEBUG: SFX duck_vol_map is empty()
        DEBUG: END GSoundProcessor::findLowestDuckVolume()
            DEBUG: SFX ducking volume: 1.00
        DEBUG: BEGIN: AltsoundProcessorBase::setVolume()
            INFO: Setting volume for stream 2147483675
            DEBUG: SAMPLE_VOL:0.34  GLOBAL_VOL:1.00  MASTER_VOL:1.00
            INFO: SUCCESS BASS_ChannelSetAttribute(BASS_ATTRIB_VOL)
        DEBUG: END: AltsoundProcessorBase::setVolume()
            DEBUG: SFX stream 2147483675 gain:  0.40  group_vol:  0.85 ducked_vol:  1.00
        DEBUG: BEGIN GSoundProcessor::findLowestDuckVolume()
            DEBUG: SFX duck_vol_map is empty()
        DEBUG: END GSoundProcessor::findLowestDuckVolume()
            DEBUG: SFX ducking volume: 1.00
        DEBUG: BEGIN: AltsoundProcessorBase::setVolume()
            INFO: Setting volume for stream 2147483677
            DEBUG: SAMPLE_VOL:0.34  GLOBAL_VOL:1.00  MASTER_VOL:1.00
            INFO: SUCCESS BASS_ChannelSetAttribute(BASS_ATTRIB_VOL)
        DEBUG: END: AltsoundProcessorBase::setVolume()
            DEBUG: SFX stream 2147483677 gain:  0.40  group_vol:  0.85 ducked_vol:  1.00
        DEBUG: BEGIN GSoundProcessor::findLowestDuckVolume()
            DEBUG: Min ducking value for MUSIC streams: 0.85
        DEBUG: END GSoundProcessor::findLowestDuckVolume()
            DEBUG: MUSIC ducking volume: 0.85
        DEBUG: BEGIN: AltsoundProcessorBase::setVolume()
            INFO: Setting volume for stream 2147483659
            DEBUG: SAMPLE_VOL:0.76  GLOBAL_VOL:1.00  MASTER_VOL:1.00
            INFO: SUCCESS BASS_ChannelSetAttribute(BASS_ATTRIB_VOL)
        DEBUG: END: AltsoundProcessorBase::setVolume()
            DEBUG: MUSIC stream 2147483659 gain:  0.90  group_vol:  1.00 ducked_vol:  0.85
        DEBUG: BEGIN GSoundProcessor::findLowestDuckVolume()
            DEBUG: SFX duck_vol_map is empty()
        DEBUG: END GSoundProcessor::findLowestDuckVolume()
            DEBUG: SFX ducking volume: 1.00
        DEBUG: BEGIN: AltsoundProcessorBase::setVolume()
            INFO: Setting volume for stream 2147483671
            DEBUG: SAMPLE_VOL:0.34  GLOBAL_VOL:1.00  MASTER_VOL:1.00
            INFO: SUCCESS BASS_ChannelSetAttribute(BASS_ATTRIB_VOL)
        DEBUG: END: AltsoundProcessorBase::setVolume()
            DEBUG: SFX stream 2147483671 gain:  0.40  group_vol:  0.85 ducked_vol:  1.00
        DEBUG: BEGIN GSoundProcessor::findLowestDuckVolume()
            DEBUG: SFX duck_vol_map is empty()
        DEBUG: END GSoundProcessor::findLowestDuckVolume()
            DEBUG: SFX ducking volume: 1.00
        DEBUG: BEGIN: AltsoundProcessorBase::setVolume()
            INFO: Setting volume for stream 2147483673
            DEBUG: SAMPLE_VOL:0.34  GLOBAL_VOL:1.00  MASTER_VOL:1.00
            INFO: SUCCESS BASS_ChannelSetAttribute(BASS_ATTRIB_VOL)
        DEBUG: END: AltsoundProcessorBase::setVolume()
            DEBUG: SFX stream 2147483673 gain:  0.40  group_vol:  0.85 ducked_vol:  1.00
            INFO: Num active streams: 5
        DEBUG: END GSoundProcessor::adjustStreamVolumes()
        INFO: Playing SFX stream: gnr_300/0x007c-setup_button.ogg
        DEBUG: HSTREAM(2147483677)  CH(01)  CMD(007C)  SAMPLE(gnr_300/0x007c-setup_button.ogg)
            INFO: SUCCESS SFX stream playback
    DEBUG: END GSoundProcessor::handleCmd()
INFO: SUCCESS processor::handleCmd()
DEBUG: BEGIN altsound_postprocess_commands()
DEBUG: MAME_GEN: 0x0000000004000
DEBUG: END postprocess_commands()
DEBUG: END AltsoundProcessCommand()
DEBUG: 
DEBUG: BEGIN AltsoundProcessCommand()
DEBUG: Master Volume (Post Attenuation): 1.00
DEBUG: BEGIN altsound_preprocess_commands()
DEBUG: MAME_GEN: 0x0000000004000
DEBUG: Hardware Generation: DEDMD16, DEDMD32, DEDMD64, DE
DEBUG: END altsound_preprocess_commands()
DEBUG: Command complete. Processing...
    DEBUG: BEGIN GSoundProcessor::handleCmd()
        DEBUG: Acquiring mutex
        DEBUG: BEGIN GSoundProcessor::getSample()
        INFO: Found 1 sample(s) for ID: 007D
        INFO: Sample: gnr_300/0x007d-setup_validation.ogg
        DEBUG: END GSoundProcessor::getSample()
        DEBUG: BEGIN GSoundProcessor::processStream()
            DEBUG: BEGIN AltsoundProcessorBase::createStream()
                INFO: BEGIN: AltsoundProcessorBase::findFreeChannel()
                    INFO: Found free channel: 02
                DEBUG: END: AltsoundProcessorBase::findFreeChannel()
                INFO: Successfully created stream(2147483679) on channel(02)
            DEBUG: END: AltsoundProcessorBase::createStream()
        DEBUG: BEGIN: GSoundProcessor::processBehaviors()
            DEBUG: Processing SFX behaviors on OVERLAY streams
            DEBUG: Processing SFX behaviors on SOLO streams
            DEBUG: Processing SFX behaviors on SFX streams
            DEBUG: Processing SFX behaviors on CALLOUT streams
            DEBUG: Processing SFX behaviors on MUSIC streams
        DEBUG: BEGIN GSoundProcessor::printBehaviorData()
        DEBUG: Printing duck_vol_map:
        DEBUG: Stream Type: OVERLAY
        DEBUG: Stream Type: SOLO
        DEBUG: Stream Type: SFX
        DEBUG: Stream Type: CALLOUT
        DEBUG: Stream Type: MUSIC
        DEBUG: Stream ID: 2147483679, Duck Volume: 0.850000
        DEBUG: Stream ID: 2147483677, Duck Volume: 0.850000
        DEBUG: Stream ID: 2147483675, Duck Volume: 0.850000
        DEBUG: Stream ID: 2147483673, Duck Volume: 0.850000
        DEBUG: Stream ID: 2147483671, Duck Volume: 0.850000
        DEBUG: Printing paused_status_map:
        DEBUG: Stream Type: OVERLAY
        DEBUG: Stream Type: SOLO
        DEBUG: Stream Type: SFX
        DEBUG: Stream Type: CALLOUT
        DEBUG: Stream Type: MUSIC
        DEBUG: END GSoundProcessor::printBehaviorData()
        DEBUG: END GSoundProcessor::processBehaviors()
        DEBUG: END GSoundProcessor::processStream()
        INFO: BEGIN GSoundProcessor::adjustStreamVolumes()
        DEBUG: BEGIN GSoundProcessor::findLowestDuckVolume()
            DEBUG: SFX duck_vol_map is empty()
        DEBUG: END GSoundProcessor::findLowestDuckVolume()
            DEBUG: SFX ducking volume: 1.00
        DEBUG: BEGIN: AltsoundProcessorBase::setVolume()
            INFO: Setting volume for stream 2147483675
            DEBUG: SAMPLE_VOL:0.34  GLOBAL_VOL:1.00  MASTER_VOL:1.00
            INFO: SUCCESS BASS_ChannelSetAttribute(BASS_ATTRIB_VOL)
        DEBUG: END: AltsoundProcessorBase::setVolume()
            DEBUG: SFX stream 2147483675 gain:  0.40  group_vol:  0.85 ducked_vol:  1.00
        DEBUG: BEGIN GSoundProcessor::findLowestDuckVolume()
            DEBUG: SFX duck_vol_map is empty()
        DEBUG: END GSoundProcessor::findLowestDuckVolume()
            DEBUG: SFX ducking volume: 1.00
        DEBUG: BEGIN: AltsoundProcessorBase::setVolume()
            INFO: Setting volume for stream 2147483677
            DEBUG: SAMPLE_VOL:0.34  GLOBAL_VOL:1.00  MASTER_VOL:1.00
            INFO: SUCCESS BASS_ChannelSetAttribute(BASS_ATTRIB_VOL)
        DEBUG: END: AltsoundProcessorBase::setVolume()
            DEBUG: SFX stream 2147483677 gain:  0.40  group_vol:  0.85 ducked_vol:  1.00
        DEBUG: BEGIN GSoundProcessor::findLowestDuckVolume()
            DEBUG: SFX duck_vol_map is empty()
        DEBUG: END GSoundProcessor::findLowestDuckVolume()
            DEBUG: SFX ducking volume: 1.00
        DEBUG: BEGIN: AltsoundProcessorBase::setVolume()
            INFO: Setting volume for stream 2147483679
            DEBUG: SAMPLE_VOL:0.34  GLOBAL_VOL:1.00  MASTER_VOL:1.00
            INFO: SUCCESS BASS_ChannelSetAttribute(BASS_ATTRIB_VOL)
        DEBUG: END: AltsoundProcessorBase::setVolume()
            DEBUG: SFX stream 2147483679 gain:  0.40  group_vol:  0.85 ducked_vol:  1.00
        DEBUG: BEGIN GSoundProcessor::findLowestDuckVolume()
            DEBUG: Min ducking value for MUSIC streams: 0.85
        DEBUG: END GSoundProcessor::findLowestDuckVolume()
            DEBUG: MUSIC ducking volume: 0.85
        DEBUG: BEGIN: AltsoundProcessorBase::setVolume()
            INFO: Setting volume for stream 2147483659
            DEBUG: SAMPLE_VOL:0.76  GLOBAL_VOL:1.00  MASTER_VOL:1.00
            INFO: SUCCESS BASS_ChannelSetAttribute(BASS_ATTRIB_VOL)
        DEBUG: END: AltsoundProcessorBase::setVolume()
            DEBUG: MUSIC stream 2147483659 gain:  0.90  group_vol:  1.00 ducked_vol:  0.85
        DEBUG: BEGIN GSoundProcessor::findLowestDuckVolume()
            DEBUG: SFX duck_vol_map is empty()
        DEBUG: END GSoundProcessor::findLowestDuckVolume()
            DEBUG: SFX ducking volume: 1.00
        DEBUG: BEGIN: AltsoundProcessorBase::setVolume()
            INFO: Setting volume for stream 2147483671
            DEBUG: SAMPLE_VOL:0.34  GLOBAL_VOL:1.00  MASTER_VOL:1.00
            INFO: SUCCESS BASS_ChannelSetAttribute(BASS_ATTRIB_VOL)
        DEBUG: END: AltsoundProcessorBase::setVolume()
            DEBUG: SFX stream 2147483671 gain:  0.40  group_vol:  0.85 ducked_vol:  1.00
        DEBUG: BEGIN GSoundProcessor::findLowestDuckVolume()
            DEBUG: SFX duck_vol_map is empty()
        DEBUG: END GSoundProcessor::findLowestDuckVolume()
            DEBUG: SFX ducking volume: 1.00
        DEBUG: BEGIN: AltsoundProcessorBase::setVolume()
            INFO: Setting volume for stream 2147483673
            DEBUG: SAMPLE_VOL:0.34  GLOBAL_VOL:1.00  MASTER_VOL:1.00
            INFO: SUCCESS BASS_ChannelSetAttribute(BASS_ATTRIB_VOL)
        DEBUG: END: AltsoundProcessorBase::setVolume()
            DEBUG: SFX stream 2147483673 gain:  0.40  group_vol:  0.85 ducked_vol:  1.00
            INFO: Num active streams: 6
        DEBUG: END GSoundProcessor::adjustStreamVolumes()
        INFO: Playing SFX stream: gnr_300/0x007d-setup_validation.ogg
        DEBUG: HSTREAM(2147483679)  CH(02)  CMD(007D)  SAMPLE(gnr_300/0x007d-setup_validation.ogg)
            INFO: SUCCESS SFX stream playback
    DEBUG: END GSoundProcessor::handleCmd()
INFO: SUCCESS processor::handleCmd()
DEBUG: BEGIN altsound_postprocess_commands()
DEBUG: MAME_GEN: 0x0000000004000
DEBUG: END postprocess_commands()
DEBUG: END AltsoundProcessCommand()
DEBUG: 
DEBUG: 
BEGIN: GSoundProcessor::common_callback()
    INFO: HSYNC: 2147483672  HSTREAM: 2147483671
    DEBUG: Acquiring mutex
DEBUG: BEGIN: GSoundProcessor::postProcessBehaviors()
    DEBUG: Post-processing SFX behaviors on OVERLAY streams
    DEBUG: Post-processing SFX ducking impact on OVERLAY streams
    DEBUG: Post-processing SFX behaviors on SOLO streams
    DEBUG: Post-processing SFX ducking impact on SOLO streams
    DEBUG: Post-processing SFX behaviors on SFX streams
    DEBUG: Post-processing SFX ducking impact on SFX streams
    DEBUG: Post-processing SFX behaviors on CALLOUT streams
    DEBUG: Post-processing SFX ducking impact on CALLOUT streams
    DEBUG: Post-processing SFX behaviors on MUSIC streams
    DEBUG: Post-processing SFX ducking impact on MUSIC streams
    DEBUG: Erasing ducking impact from SFX stream: 2147483671
DEBUG: BEGIN GSoundProcessor::printBehaviorData()
DEBUG: Printing duck_vol_map:
DEBUG: Stream Type: OVERLAY
DEBUG: Stream Type: SOLO
DEBUG: Stream Type: SFX
DEBUG: Stream Type: CALLOUT
DEBUG: Stream Type: MUSIC
DEBUG: Stream ID: 2147483679, Duck Volume: 0.850000
DEBUG: Stream ID: 2147483677, Duck Volume: 0.850000
DEBUG: Stream ID: 2147483675, Duck Volume: 0.850000
DEBUG: Stream ID: 2147483673, Duck Volume: 0.850000
DEBUG: Printing paused_status_map:
DEBUG: Stream Type: OVERLAY
DEBUG: Stream Type: SOLO
DEBUG: Stream Type: SFX
DEBUG: Stream Type: CALLOUT
DEBUG: Stream Type: MUSIC
DEBUG: END GSoundProcessor::printBehaviorData()
DEBUG: END GSoundProcessor::postProcessBehaviors()
    INFO: BEGIN AltsoundProcessorBase::freeStream()
        INFO: Successfully free'd stream(2147483671)
    DEBUG: END AltsoundProcessorBase::freeStream()
INFO: BEGIN GSoundProcessor::adjustStreamVolumes()
DEBUG: BEGIN GSoundProcessor::findLowestDuckVolume()
    DEBUG: SFX duck_vol_map is empty()
DEBUG: END GSoundProcessor::findLowestDuckVolume()
    DEBUG: SFX ducking volume: 1.00
DEBUG: BEGIN: AltsoundProcessorBase::setVolume()
    INFO: Setting volume for stream 2147483675
    DEBUG: SAMPLE_VOL:0.34  GLOBAL_VOL:1.00  MASTER_VOL:1.00
    INFO: SUCCESS BASS_ChannelSetAttribute(BASS_ATTRIB_VOL)
DEBUG: END: AltsoundProcessorBase::setVolume()
    DEBUG: SFX stream 2147483675 gain:  0.40  group_vol:  0.85 ducked_vol:  1.00
DEBUG: BEGIN GSoundProcessor::findLowestDuckVolume()
    DEBUG: SFX duck_vol_map is empty()
DEBUG: END GSoundProcessor::findLowestDuckVolume()
    DEBUG: SFX ducking volume: 1.00
DEBUG: BEGIN: AltsoundProcessorBase::setVolume()
    INFO: Setting volume for stream 2147483677
    DEBUG: SAMPLE_VOL:0.34  GLOBAL_VOL:1.00  MASTER_VOL:1.00
    INFO: SUCCESS BASS_ChannelSetAttribute(BASS_ATTRIB_VOL)
DEBUG: END: AltsoundProcessorBase::setVolume()
    DEBUG: SFX stream 2147483677 gain:  0.40  group_vol:  0.85 ducked_vol:  1.00
DEBUG: BEGIN GSoundProcessor::findLowestDuckVolume()
    DEBUG: SFX duck_vol_map is empty()
DEBUG: END GSoundProcessor::findLowestDuckVolume()
    DEBUG: SFX ducking volume: 1.00
DEBUG: BEGIN: AltsoundProcessorBase::setVolume()
    INFO: Setting volume for stream 2147483679
    DEBUG: SAMPLE_VOL:0.34  GLOBAL_VOL:1.00  MASTER_VOL:1.00
    INFO: SUCCESS BASS_ChannelSetAttribute(BASS_ATTRIB_VOL)
DEBUG: END: AltsoundProcessorBase::setVolume()
    DEBUG: SFX stream 2147483679 gain:  0.40  group_vol:  0.85 ducked_vol:  1.00
DEBUG: BEGIN GSoundProcessor::findLowestDuckVolume()
    DEBUG: Min ducking value for MUSIC streams: 0.85
DEBUG: END GSoundProcessor::findLowestDuckVolume()
    DEBUG: MUSIC ducking volume: 0.85
DEBUG: BEGIN: AltsoundProcessorBase::setVolume()
    INFO: Setting volume for stream 2147483659
    DEBUG: SAMPLE_VOL:0.76  GLOBAL_VOL:1.00  MASTER_VOL:1.00
    INFO: SUCCESS BASS_ChannelSetAttribute(BASS_ATTRIB_VOL)
DEBUG: END: AltsoundProcessorBase::setVolume()
    DEBUG: MUSIC stream 2147483659 gain:  0.90  group_vol:  1.00 ducked_vol:  0.85
DEBUG: BEGIN GSoundProcessor::findLowestDuckVolume()
    DEBUG: SFX duck_vol_map is empty()
DEBUG: END GSoundProcessor::findLowestDuckVolume()
    DEBUG: SFX ducking volume: 1.00
DEBUG: BEGIN: AltsoundProcessorBase::setVolume()
    INFO: Setting volume for stream 2147483673
    DEBUG: SAMPLE_VOL:0.34  GLOBAL_VOL:1.00  MASTER_VOL:1.00
    INFO: SUCCESS BASS_ChannelSetAttribute(BASS_ATTRIB_VOL)
DEBUG: END: AltsoundProcessorBase::setVolume()
    DEBUG: SFX stream 2147483673 gain:  0.40  group_vol:  0.85 ducked_vol:  1.00
    INFO: Num active streams: 5
DEBUG: END GSoundProcessor::adjustStreamVolumes()
DEBUG: BEGIN GSoundProcessor::processPausedStreams()
DEBUG: BEGIN GSoundProcessor::tryResumeStream()
DEBUG: END GSoundProcessor::tryResumeStream()
DEBUG: BEGIN GSoundProcessor::tryResumeStream()
DEBUG: END GSoundProcessor::tryResumeStream()
DEBUG: BEGIN GSoundProcessor::tryResumeStream()
DEBUG: END GSoundProcessor::tryResumeStream()
DEBUG: BEGIN GSoundProcessor::tryResumeStream()
DEBUG: END GSoundProcessor::tryResumeStream()
DEBUG: BEGIN GSoundProcessor::tryResumeStream()
DEBUG: END GSoundProcessor::tryResumeStream()
DEBUG: END GSoundProcessor::processPausedStreams()
    INFO: SFX stream(2147483671) finished on ch(04)
DEBUG: END GSoundProcessor::common_callback()
DEBUG: BEGIN AltsoundProcessCommand()
DEBUG: Master Volume (Post Attenuation): 1.00
DEBUG: BEGIN altsound_preprocess_commands()
DEBUG: MAME_GEN: 0x0000000004000
DEBUG: Hardware Generation: DEDMD16, DEDMD32, DEDMD64, DE
DEBUG: END altsound_preprocess_commands()
DEBUG: Command complete. Processing...
    DEBUG: BEGIN GSoundProcessor::handleCmd()
        DEBUG: Acquiring mutex
        DEBUG: BEGIN GSoundProcessor::getSample()
        INFO: Found 1 sample(s) for ID: 007B
        INFO: Sample: gnr_300/0x007b-push_button.ogg
        DEBUG: END GSoundProcessor::getSample()
        DEBUG: BEGIN GSoundProcessor::processStream()
            DEBUG: BEGIN AltsoundProcessorBase::createStream()
                INFO: BEGIN: AltsoundProcessorBase::findFreeChannel()
                    INFO: Found free channel: 04
                DEBUG: END: AltsoundProcessorBase::findFreeChannel()
                INFO: Successfully created stream(2147483681) on channel(04)
            DEBUG: END: AltsoundProcessorBase::createStream()
        DEBUG: BEGIN: GSoundProcessor::processBehaviors()
            DEBUG: Processing SFX behaviors on OVERLAY streams
            DEBUG: Processing SFX behaviors on SOLO streams
            DEBUG: Processing SFX behaviors on SFX streams
            DEBUG: Processing SFX behaviors on CALLOUT streams
            DEBUG: Processing SFX behaviors on MUSIC streams
        DEBUG: BEGIN GSoundProcessor::printBehaviorData()
        DEBUG: Printing duck_vol_map:
        DEBUG: Stream Type: OVERLAY
        DEBUG: Stream Type: SOLO
        DEBUG: Stream Type: SFX
        DEBUG: Stream Type: CALLOUT
        DEBUG: Stream Type: MUSIC
        DEBUG: Stream ID: 2147483681, Duck Volume: 0.850000
        DEBUG: Stream ID: 2147483679, Duck Volume: 0.850000
        DEBUG: Stream ID: 2147483677, Duck Volume: 0.850000
        DEBUG: Stream ID: 2147483675, Duck Volume: 0.850000
        DEBUG: Stream ID: 2147483673, Duck Volume: 0.850000
        DEBUG: Printing paused_status_map:
        DEBUG: Stream Type: OVERLAY
        DEBUG: Stream Type: SOLO
        DEBUG: Stream Type: SFX
        DEBUG: Stream Type: CALLOUT
        DEBUG: Stream Type: MUSIC
        DEBUG: END GSoundProcessor::printBehaviorData()
        DEBUG: END GSoundProcessor::processBehaviors()
        DEBUG: END GSoundProcessor::processStream()
        INFO: BEGIN GSoundProcessor::adjustStreamVolumes()
        DEBUG: BEGIN GSoundProcessor::findLowestDuckVolume()
            DEBUG: SFX duck_vol_map is empty()
        DEBUG: END GSoundProcessor::findLowestDuckVolume()
            DEBUG: SFX ducking volume: 1.00
        DEBUG: BEGIN: AltsoundProcessorBase::setVolume()
            INFO: Setting volume for stream 2147483675
            DEBUG: SAMPLE_VOL:0.34  GLOBAL_VOL:1.00  MASTER_VOL:1.00
            INFO: SUCCESS BASS_ChannelSetAttribute(BASS_ATTRIB_VOL)
        DEBUG: END: AltsoundProcessorBase::setVolume()
            DEBUG: SFX stream 2147483675 gain:  0.40  group_vol:  0.85 ducked_vol:  1.00
        DEBUG: BEGIN GSoundProcessor::findLowestDuckVolume()
            DEBUG: SFX duck_vol_map is empty()
        DEBUG: END GSoundProcessor::findLowestDuckVolume()
            DEBUG: SFX ducking volume: 1.00
        DEBUG: BEGIN: AltsoundProcessorBase::setVolume()
            INFO: Setting volume for stream 2147483677
            DEBUG: SAMPLE_VOL:0.34  GLOBAL_VOL:1.00  MASTER_VOL:1.00
            INFO: SUCCESS BASS_ChannelSetAttribute(BASS_ATTRIB_VOL)
        DEBUG: END: AltsoundProcessorBase::setVolume()
            DEBUG: SFX stream 2147483677 gain:  0.40  group_vol:  0.85 ducked_vol:  1.00
        DEBUG: BEGIN GSoundProcessor::findLowestDuckVolume()
            DEBUG: SFX duck_vol_map is empty()
        DEBUG: END GSoundProcessor::findLowestDuckVolume()
            DEBUG: SFX ducking volume: 1.00
        DEBUG: BEGIN: AltsoundProcessorBase::setVolume()
            INFO: Setting volume for stream 2147483679
            DEBUG: SAMPLE_VOL:0.34  GLOBAL_VOL:1.00  MASTER_VOL:1.00
            INFO: SUCCESS BASS_ChannelSetAttribute(BASS_ATTRIB_VOL)
        DEBUG: END: AltsoundProcessorBase::setVolume()
            DEBUG: SFX stream 2147483679 gain:  0.40  group_vol:  0.85 ducked_vol:  1.00
        DEBUG: BEGIN GSoundProcessor::findLowestDuckVolume()
            DEBUG: Min ducking value for MUSIC streams: 0.85
        DEBUG: END GSoundProcessor::findLowestDuckVolume()
            DEBUG: MUSIC ducking volume: 0.85
        DEBUG: BEGIN: AltsoundProcessorBase::setVolume()
            INFO: Setting volume for stream 2147483659
            DEBUG: SAMPLE_VOL:0.76  GLOBAL_VOL:1.00  MASTER_VOL:1.00
            INFO: SUCCESS BASS_ChannelSetAttribute(BASS_ATTRIB_VOL)
        DEBUG: END: AltsoundProcessorBase::setVolume()
            DEBUG: MUSIC stream 2147483659 gain:  0.90  group_vol:  1.00 ducked_vol:  0.85
        DEBUG: BEGIN GSoundProcessor::findLowestDuckVolume()
            DEBUG: SFX duck_vol_map is empty()
        DEBUG: END GSoundProcessor::findLowestDuckVolume()
            DEBUG: SFX ducking volume: 1.00
        DEBUG: BEGIN: AltsoundProcessorBase::setVolume()
            INFO: Setting volume for stream 2147483681
            DEBUG: SAMPLE_VOL:0.34  GLOBAL_VOL:1.00  MASTER_VOL:1.00
            INFO: SUCCESS BASS_ChannelSetAttribute(BASS_ATTRIB_VOL)
        DEBUG: END: AltsoundProcessorBase::setVolume()
            DEBUG: SFX stream 2147483681 gain:  0.40  group_vol:  0.85 ducked_vol:  1.00
        DEBUG: BEGIN GSoundProcessor::findLowestDuckVolume()
            DEBUG: SFX duck_vol_map is empty()
        DEBUG: END GSoundProcessor::findLowestDuckVolume()
            DEBUG: SFX ducking volume: 1.00
        DEBUG: BEGIN: AltsoundProcessorBase::setVolume()
            INFO: Setting volume for stream 2147483673
            DEBUG: SAMPLE_VOL:0.34  GLOBAL_VOL:1.00  MASTER_VOL:1.00
            INFO: SUCCESS BASS_ChannelSetAttribute(BASS_ATTRIB_VOL)
        DEBUG: END: AltsoundProcessorBase::setVolume()
            DEBUG: SFX stream 2147483673 gain:  0.40  group_vol:  0.85 ducked_vol:  1.00
            INFO: Num active streams: 6
        DEBUG: END GSoundProcessor::adjustStreamVolumes()
        INFO: Playing SFX stream: gnr_300/0x007b-push_button.ogg
        DEBUG: HSTREAM(2147483681)  CH(04)  CMD(007B)  SAMPLE(gnr_300/0x007b-push_button.ogg)
            INFO: SUCCESS SFX stream playback
    DEBUG: END GSoundProcessor::handleCmd()
INFO: SUCCESS processor::handleCmd()
DEBUG: BEGIN altsound_postprocess_commands()
DEBUG: MAME_GEN: 0x0000000004000
DEBUG: END postprocess_commands()
DEBUG: END AltsoundProcessCommand()
DEBUG: 
DEBUG: BEGIN AltsoundProcessCommand()
DEBUG: Master Volume (Post Attenuation): 1.00
DEBUG: BEGIN altsound_preprocess_commands()
DEBUG: MAME_GEN: 0x0000000004000
DEBUG: Hardware Generation: DEDMD16, DEDMD32, DEDMD64, DE
DEBUG: END altsound_preprocess_commands()
DEBUG: Command complete. Processing...
    DEBUG: BEGIN GSoundProcessor::handleCmd()
        DEBUG: Acquiring mutex
        DEBUG: BEGIN GSoundProcessor::getSample()
        INFO: Found 1 sample(s) for ID: 007C
        INFO: Sample: gnr_300/0x007c-setup_button.ogg
        DEBUG: END GSoundProcessor::getSample()
        DEBUG: BEGIN GSoundProcessor::processStream()
            DEBUG: BEGIN AltsoundProcessorBase::createStream()
                INFO: BEGIN: AltsoundProcessorBase::findFreeChannel()
                    INFO: Found free channel: 06
                DEBUG: END: AltsoundProcessorBase::findFreeChannel()
                INFO: Successfully created stream(2147483683) on channel(06)
            DEBUG: END: AltsoundProcessorBase::createStream()
        DEBUG: BEGIN: GSoundProcessor::processBehaviors()
            DEBUG: Processing SFX behaviors on OVERLAY streams
            DEBUG: Processing SFX behaviors on SOLO streams
            DEBUG: Processing SFX behaviors on SFX streams
            DEBUG: Processing SFX behaviors on CALLOUT streams
            DEBUG: Processing SFX behaviors on MUSIC streams
        DEBUG: BEGIN GSoundProcessor::printBehaviorData()
        DEBUG: Printing duck_vol_map:
        DEBUG: Stream Type: OVERLAY
        DEBUG: Stream Type: SOLO
        DEBUG: Stream Type: SFX
        DEBUG: Stream Type: CALLOUT
        DEBUG: Stream Type: MUSIC
        DEBUG: Stream ID: 2147483683, Duck Volume: 0.850000
        DEBUG: Stream ID: 2147483681, Duck Volume: 0.850000
        DEBUG: Stream ID: 2147483679, Duck Volume: 0.850000
        DEBUG: Stream ID: 2147483677, Duck Volume: 0.850000
        DEBUG: Stream ID: 2147483675, Duck Volume: 0.850000
        DEBUG: Stream ID: 2147483673, Duck Volume: 0.850000
        DEBUG: Printing paused_status_map:
        DEBUG: Stream Type: OVERLAY
        DEBUG: Stream Type: SOLO
        DEBUG: Stream Type: SFX
        DEBUG: Stream Type: CALLOUT
        DEBUG: Stream Type: MUSIC
        DEBUG: END GSoundProcessor::printBehaviorData()
        DEBUG: END GSoundProcessor::processBehaviors()
        DEBUG: END GSoundProcessor::processStream()
        INFO: BEGIN GSoundProcessor::adjustStreamVolumes()
        DEBUG: BEGIN GSoundProcessor::findLowestDuckVolume()
            DEBUG: SFX duck_vol_map is empty()
        DEBUG: END GSoundProcessor::findLowestDuckVolume()
            DEBUG: SFX ducking volume: 1.00
        DEBUG: BEGIN: AltsoundProcessorBase::setVolume()
            INFO: Setting volume for stream 2147483675
            DEBUG: SAMPLE_VOL:0.34  GLOBAL_VOL:1.00  MASTER_VOL:1.00
            INFO: SUCCESS BASS_ChannelSetAttribute(BASS_ATTRIB_VOL)
        DEBUG: END: AltsoundProcessorBase::setVolume()
            DEBUG: SFX stream 2147483675 gain:  0.40  group_vol:  0.85 ducked_vol:  1.00
        DEBUG: BEGIN GSoundProcessor::findLowestDuckVolume()
            DEBUG: SFX duck_vol_map is empty()
        DEBUG: END GSoundProcessor::findLowestDuckVolume()
            DEBUG: SFX ducking volume: 1.00
        DEBUG: BEGIN: AltsoundProcessorBase::setVolume()
            INFO: Setting volume for stream 2147483677
            DEBUG: SAMPLE_VOL:0.34  GLOBAL_VOL:1.00  MASTER_VOL:1.00
            INFO: SUCCESS BASS_ChannelSetAttribute(BASS_ATTRIB_VOL)
        DEBUG: END: AltsoundProcessorBase::setVolume()
            DEBUG: SFX stream 2147483677 gain:  0.40  group_vol:  0.85 ducked_vol:  1.00
        DEBUG: BEGIN GSoundProcessor::findLowestDuckVolume()
            DEBUG: SFX duck_vol_map is empty()
        DEBUG: END GSoundProcessor::findLowestDuckVolume()
            DEBUG: SFX ducking volume: 1.00
        DEBUG: BEGIN: AltsoundProcessorBase::setVolume()
            INFO: Setting volume for stream 2147483679
            DEBUG: SAMPLE_VOL:0.34  GLOBAL_VOL:1.00  MASTER_VOL:1.00
            INFO: SUCCESS BASS_ChannelSetAttribute(BASS_ATTRIB_VOL)
        DEBUG: END: AltsoundProcessorBase::setVolume()
            DEBUG: SFX stream 2147483679 gain:  0.40  group_vol:  0.85 ducked_vol:  1.00
        DEBUG: BEGIN GSoundProcessor::findLowestDuckVolume()
            DEBUG: Min ducking value for MUSIC streams: 0.85
        DEBUG: END GSoundProcessor::findLowestDuckVolume()
            DEBUG: MUSIC ducking volume: 0.85
        DEBUG: BEGIN: AltsoundProcessorBase::setVolume()
            INFO: Setting volume for stream 2147483659
            DEBUG: SAMPLE_VOL:0.76  GLOBAL_VOL:1.00  MASTER_VOL:1.00
            INFO: SUCCESS BASS_ChannelSetAttribute(BASS_ATTRIB_VOL)
        DEBUG: END: AltsoundProcessorBase::setVolume()
            DEBUG: MUSIC stream 2147483659 gain:  0.90  group_vol:  1.00 ducked_vol:  0.85
        DEBUG: BEGIN GSoundProcessor::findLowestDuckVolume()
            DEBUG: SFX duck_vol_map is empty()
        DEBUG: END GSoundProcessor::findLowestDuckVolume()
            DEBUG: SFX ducking volume: 1.00
        DEBUG: BEGIN: AltsoundProcessorBase::setVolume()
            INFO: Setting volume for stream 2147483681
            DEBUG: SAMPLE_VOL:0.34  GLOBAL_VOL:1.00  MASTER_VOL:1.00
            INFO: SUCCESS BASS_ChannelSetAttribute(BASS_ATTRIB_VOL)
        DEBUG: END: AltsoundProcessorBase::setVolume()
            DEBUG: SFX stream 2147483681 gain:  0.40  group_vol:  0.85 ducked_vol:  1.00
        DEBUG: BEGIN GSoundProcessor::findLowestDuckVolume()
            DEBUG: SFX duck_vol_map is empty()
        DEBUG: END GSoundProcessor::findLowestDuckVolume()
            DEBUG: SFX ducking volume: 1.00
        DEBUG: BEGIN: AltsoundProcessorBase::setVolume()
            INFO: Setting volume for stream 2147483673
            DEBUG: SAMPLE_VOL:0.34  GLOBAL_VOL:1.00  MASTER_VOL:1.00
            INFO: SUCCESS BASS_ChannelSetAttribute(BASS_ATTRIB_VOL)
        DEBUG: END: AltsoundProcessorBase::setVolume()
            DEBUG: SFX stream 2147483673 gain:  0.40  group_vol:  0.85 ducked_vol:  1.00
        DEBUG: BEGIN GSoundProcessor::findLowestDuckVolume()
            DEBUG: SFX duck_vol_map is empty()
        DEBUG: END GSoundProcessor::findLowestDuckVolume()
            DEBUG: SFX ducking volume: 1.00
        DEBUG: BEGIN: AltsoundProcessorBase::setVolume()
            INFO: Setting volume for stream 2147483683
            DEBUG: SAMPLE_VOL:0.34  GLOBAL_VOL:1.00  MASTER_VOL:1.00
            INFO: SUCCESS BASS_ChannelSetAttribute(BASS_ATTRIB_VOL)
        DEBUG: END: AltsoundProcessorBase::setVolume()
            DEBUG: SFX stream 2147483683 gain:  0.40  group_vol:  0.85 ducked_vol:  1.00
            INFO: Num active streams: 7
        DEBUG: END GSoundProcessor::adjustStreamVolumes()
        INFO: Playing SFX stream: gnr_300/0x007c-setup_button.ogg
        DEBUG: HSTREAM(2147483683)  CH(06)  CMD(007C)  SAMPLE(gnr_300/0x007c-setup_button.ogg)
            INFO: SUCCESS SFX stream playback
    DEBUG: END GSoundProcessor::handleCmd()
INFO: SUCCESS processor::handleCmd()
DEBUG: BEGIN altsound_postprocess_commands()
DEBUG: MAME_GEN: 0x0000000004000
DEBUG: END postprocess_commands()
DEBUG: END AltsoundProcessCommand()
DEBUG: 
DEBUG: BEGIN AltsoundProcessCommand()
DEBUG: Master Volume (Post Attenuation): 1.00
DEBUG: BEGIN altsound_preprocess_commands()
DEBUG: MAME_GEN: 0x0000000004000
DEBUG: Hardware Generation: DEDMD16, DEDMD32, DEDMD64, DE
DEBUG: END altsound_preprocess_commands()
DEBUG: Command complete. Processing...
    DEBUG: BEGIN GSoundProcessor::handleCmd()
        DEBUG: Acquiring mutex
        DEBUG: BEGIN GSoundProcessor::getSample()
        INFO: Found 1 sample(s) for ID: 007D
        INFO: Sample: gnr_300/0x007d-setup_validation.ogg
        DEBUG: END GSoundProcessor::getSample()
        DEBUG: BEGIN GSoundProcessor::processStream()
            DEBUG: BEGIN AltsoundProcessorBase::createStream()
                INFO: BEGIN: AltsoundProcessorBase::findFreeChannel()
                    INFO: Found free channel: 07
                DEBUG: END: AltsoundProcessorBase::findFreeChannel()
                INFO: Successfully created stream(2147483685) on channel(07)
            DEBUG: END: AltsoundProcessorBase::createStream()
        DEBUG: BEGIN: GSoundProcessor::processBehaviors()
            DEBUG: Processing SFX behaviors on OVERLAY streams
            DEBUG: Processing SFX behaviors on SOLO streams
            DEBUG: Processing SFX behaviors on SFX streams
            DEBUG: Processing SFX behaviors on CALLOUT streams
            DEBUG: Processing SFX behaviors on MUSIC streams
        DEBUG: BEGIN GSoundProcessor::printBehaviorData()
        DEBUG: Printing duck_vol_map:
        DEBUG: Stream Type: OVERLAY
        DEBUG: Stream Type: SOLO
        DEBUG: Stream Type: SFX
        DEBUG: Stream Type: CALLOUT
        DEBUG: Stream Type: MUSIC
        DEBUG: Stream ID: 2147483685, Duck Volume: 0.850000
        DEBUG: Stream ID: 2147483683, Duck Volume: 0.850000
        DEBUG: Stream ID: 2147483681, Duck Volume: 0.850000
        DEBUG: Stream ID: 2147483679, Duck Volume: 0.850000
        DEBUG: Stream ID: 2147483677, Duck Volume: 0.850000
        DEBUG: Stream ID: 2147483675, Duck Volume: 0.850000
        DEBUG: Stream ID: 2147483673, Duck Volume: 0.850000
        DEBUG: Printing paused_status_map:
        DEBUG: Stream Type: OVERLAY
        DEBUG: Stream Type: SOLO
        DEBUG: Stream Type: SFX
        DEBUG: Stream Type: CALLOUT
        DEBUG: Stream Type: MUSIC
        DEBUG: END GSoundProcessor::printBehaviorData()
        DEBUG: END GSoundProcessor::processBehaviors()
        DEBUG: END GSoundProcessor::processStream()
        INFO: BEGIN GSoundProcessor::adjustStreamVolumes()
        DEBUG: BEGIN GSoundProcessor::findLowestDuckVolume()
            DEBUG: SFX duck_vol_map is empty()
        DEBUG: END GSoundProcessor::findLowestDuckVolume()
            DEBUG: SFX ducking volume: 1.00
        DEBUG: BEGIN: AltsoundProcessorBase::setVolume()
            INFO: Setting volume for stream 2147483675
            DEBUG: SAMPLE_VOL:0.34  GLOBAL_VOL:1.00  MASTER_VOL:1.00
            INFO: SUCCESS BASS_ChannelSetAttribute(BASS_ATTRIB_VOL)
        DEBUG: END: AltsoundProcessorBase::setVolume()
            DEBUG: SFX stream 2147483675 gain:  0.40  group_vol:  0.85 ducked_vol:  1.00
        DEBUG: BEGIN GSoundProcessor::findLowestDuckVolume()
            DEBUG: SFX duck_vol_map is empty()
        DEBUG: END GSoundProcessor::findLowestDuckVolume()
            DEBUG: SFX ducking volume: 1.00
        DEBUG: BEGIN: AltsoundProcessorBase::setVolume()
            INFO: Setting volume for stream 2147483677
            DEBUG: SAMPLE_VOL:0.34  GLOBAL_VOL:1.00  MASTER_VOL:1.00
            INFO: SUCCESS BASS_ChannelSetAttribute(BASS_ATTRIB_VOL)
        DEBUG: END: AltsoundProcessorBase::setVolume()
            DEBUG: SFX stream 2147483677 gain:  0.40  group_vol:  0.85 ducked_vol:  1.00
        DEBUG: BEGIN GSoundProcessor::findLowestDuckVolume()
            DEBUG: SFX duck_vol_map is empty()
        DEBUG: END GSoundProcessor::findLowestDuckVolume()
            DEBUG: SFX ducking volume: 1.00
        DEBUG: BEGIN: AltsoundProcessorBase::setVolume()
            INFO: Setting volume for stream 2147483679
            DEBUG: SAMPLE_VOL:0.34  GLOBAL_VOL:1.00  MASTER_VOL:1.00
            INFO: SUCCESS BASS_ChannelSetAttribute(BASS_ATTRIB_VOL)
        DEBUG: END: AltsoundProcessorBase::setVolume()
            DEBUG: SFX stream 2147483679 gain:  0.40  group_vol:  0.85 ducked_vol:  1.00
        DEBUG: BEGIN GSoundProcessor::findLowestDuckVolume()
            DEBUG: Min ducking value for MUSIC streams: 0.85
        DEBUG: END GSoundProcessor::findLowestDuckVolume()
            DEBUG: MUSIC ducking volume: 0.85
        DEBUG: BEGIN: AltsoundProcessorBase::setVolume()
            INFO: Setting volume for stream 2147483659
            DEBUG: SAMPLE_VOL:0.76  GLOBAL_VOL:1.00  MASTER_VOL:1.00
            INFO: SUCCESS BASS_ChannelSetAttribute(BASS_ATTRIB_VOL)
        DEBUG: END: AltsoundProcessorBase::setVolume()
            DEBUG: MUSIC stream 2147483659 gain:  0.90  group_vol:  1.00 ducked_vol:  0.85
        DEBUG: BEGIN GSoundProcessor::findLowestDuckVolume()
            DEBUG: SFX duck_vol_map is empty()
        DEBUG: END GSoundProcessor::findLowestDuckVolume()
            DEBUG: SFX ducking volume: 1.00
        DEBUG: BEGIN: AltsoundProcessorBase::setVolume()
            INFO: Setting volume for stream 2147483681
            DEBUG: SAMPLE_VOL:0.34  GLOBAL_VOL:1.00  MASTER_VOL:1.00
            INFO: SUCCESS BASS_ChannelSetAttribute(BASS_ATTRIB_VOL)
        DEBUG: END: AltsoundProcessorBase::setVolume()
            DEBUG: SFX stream 2147483681 gain:  0.40  group_vol:  0.85 ducked_vol:  1.00
        DEBUG: BEGIN GSoundProcessor::findLowestDuckVolume()
            DEBUG: SFX duck_vol_map is empty()
        DEBUG: END GSoundProcessor::findLowestDuckVolume()
            DEBUG: SFX ducking volume: 1.00
        DEBUG: BEGIN: AltsoundProcessorBase::setVolume()
            INFO: Setting volume for stream 2147483673
            DEBUG: SAMPLE_VOL:0.34  GLOBAL_VOL:1.00  MASTER_VOL:1.00
            INFO: SUCCESS BASS_ChannelSetAttribute(BASS_ATTRIB_VOL)
        DEBUG: END: AltsoundProcessorBase::setVolume()
            DEBUG: SFX stream 2147483673 gain:  0.40  group_vol:  0.85 ducked_vol:  1.00
        DEBUG: BEGIN GSoundProcessor::findLowestDuckVolume()
            DEBUG: SFX duck_vol_map is empty()
        DEBUG: END GSoundProcessor::findLowestDuckVolume()
            DEBUG: SFX ducking volume: 1.00
        DEBUG: BEGIN: AltsoundProcessorBase::setVolume()
            INFO: Setting volume for stream 2147483683
            DEBUG: SAMPLE_VOL:0.34  GLOBAL_VOL:1.00  MASTER_VOL:1.00
            INFO: SUCCESS BASS_ChannelSetAttribute(BASS_ATTRIB_VOL)
        DEBUG: END: AltsoundProcessorBase::setVolume()
            DEBUG: SFX stream 2147483683 gain:  0.40  group_vol:  0.85 ducked_vol:  1.00
        DEBUG: BEGIN GSoundProcessor::findLowestDuckVolume()
            DEBUG: SFX duck_vol_map is empty()
        DEBUG: END GSoundProcessor::findLowestDuckVolume()
            DEBUG: SFX ducking volume: 1.00
        DEBUG: BEGIN: AltsoundProcessorBase::setVolume()
            INFO: Setting volume for stream 2147483685
            DEBUG: SAMPLE_VOL:0.34  GLOBAL_VOL:1.00  MASTER_VOL:1.00
            INFO: SUCCESS BASS_ChannelSetAttribute(BASS_ATTRIB_VOL)
        DEBUG: END: AltsoundProcessorBase::setVolume()
            DEBUG: SFX stream 2147483685 gain:  0.40  group_vol:  0.85 ducked_vol:  1.00
            INFO: Num active streams: 8
        DEBUG: END GSoundProcessor::adjustStreamVolumes()
        INFO: Playing SFX stream: gnr_300/0x007d-setup_validation.ogg
        DEBUG: HSTREAM(2147483685)  CH(07)  CMD(007D)  SAMPLE(gnr_300/0x007d-setup_validation.ogg)
            INFO: SUCCESS SFX stream playback
    DEBUG: END GSoundProcessor::handleCmd()
INFO: SUCCESS processor::handleCmd()
DEBUG: BEGIN altsound_postprocess_commands()
DEBUG: MAME_GEN: 0x0000000004000
DEBUG: END postprocess_commands()
DEBUG: END AltsoundProcessCommand()
DEBUG: 
DEBUG: 
BEGIN: GSoundProcessor::common_callback()
    INFO: HSYNC: 2147483674  HSTREAM: 2147483673
    DEBUG: Acquiring mutex
DEBUG: BEGIN: GSoundProcessor::postProcessBehaviors()
    DEBUG: Post-processing SFX behaviors on OVERLAY streams
    DEBUG: Post-processing SFX ducking impact on OVERLAY streams
    DEBUG: Post-processing SFX behaviors on SOLO streams
    DEBUG: Post-processing SFX ducking impact on SOLO streams
    DEBUG: Post-processing SFX behaviors on SFX streams
    DEBUG: Post-processing SFX ducking impact on SFX streams
    DEBUG: Post-processing SFX behaviors on CALLOUT streams
    DEBUG: Post-processing SFX ducking impact on CALLOUT streams
    DEBUG: Post-processing SFX behaviors on MUSIC streams
    DEBUG: Post-processing SFX ducking impact on MUSIC streams
    DEBUG: Erasing ducking impact from SFX stream: 2147483673
DEBUG: BEGIN GSoundProcessor::printBehaviorData()
DEBUG: Printing duck_vol_map:
DEBUG: Stream Type: OVERLAY
DEBUG: Stream Type: SOLO
DEBUG: Stream Type: SFX
DEBUG: Stream Type: CALLOUT
DEBUG: Stream Type: MUSIC
DEBUG: Stream ID: 2147483685, Duck Volume: 0.850000
DEBUG: Stream ID: 2147483683, Duck Volume: 0.850000
DEBUG: Stream ID: 2147483681, Duck Volume: 0.850000
DEBUG: Stream ID: 2147483679, Duck Volume: 0.850000
DEBUG: Stream ID: 2147483677, Duck Volume: 0.850000
DEBUG: Stream ID: 2147483675, Duck Volume: 0.850000
DEBUG: Printing paused_status_map:
DEBUG: Stream Type: OVERLAY
DEBUG: Stream Type: SOLO
DEBUG: Stream Type: SFX
DEBUG: Stream Type: CALLOUT
DEBUG: Stream Type: MUSIC
DEBUG: END GSoundProcessor::printBehaviorData()
DEBUG: END GSoundProcessor::postProcessBehaviors()
    INFO: BEGIN AltsoundProcessorBase::freeStream()
        INFO: Successfully free'd stream(2147483673)
    DEBUG: END AltsoundProcessorBase::freeStream()
INFO: BEGIN GSoundProcessor::adjustStreamVolumes()
DEBUG: BEGIN GSoundProcessor::findLowestDuckVolume()
    DEBUG: SFX duck_vol_map is empty()
DEBUG: END GSoundProcessor::findLowestDuckVolume()
    DEBUG: SFX ducking volume: 1.00
DEBUG: BEGIN: AltsoundProcessorBase::setVolume()
    INFO: Setting volume for stream 2147483675
    DEBUG: SAMPLE_VOL:0.34  GLOBAL_VOL:1.00  MASTER_VOL:1.00
    INFO: SUCCESS BASS_ChannelSetAttribute(BASS_ATTRIB_VOL)
DEBUG: END: AltsoundProcessorBase::setVolume()
    DEBUG: SFX stream 2147483675 gain:  0.40  group_vol:  0.85 ducked_vol:  1.00
DEBUG: BEGIN GSoundProcessor::findLowestDuckVolume()
    DEBUG: SFX duck_vol_map is empty()
DEBUG: END GSoundProcessor::findLowestDuckVolume()
    DEBUG: SFX ducking volume: 1.00
DEBUG: BEGIN: AltsoundProcessorBase::setVolume()
    INFO: Setting volume for stream 2147483677
    DEBUG: SAMPLE_VOL:0.34  GLOBAL_VOL:1.00  MASTER_VOL:1.00
    INFO: SUCCESS BASS_ChannelSetAttribute(BASS_ATTRIB_VOL)
DEBUG: END: AltsoundProcessorBase::setVolume()
    DEBUG: SFX stream 2147483677 gain:  0.40  group_vol:  0.85 ducked_vol:  1.00
DEBUG: BEGIN GSoundProcessor::findLowestDuckVolume()
    DEBUG: SFX duck_vol_map is empty()
DEBUG: END GSoundProcessor::findLowestDuckVolume()
    DEBUG: SFX ducking volume: 1.00
DEBUG: BEGIN: AltsoundProcessorBase::setVolume()
    INFO: Setting volume for stream 2147483679
    DEBUG: SAMPLE_VOL:0.34  GLOBAL_VOL:1.00  MASTER_VOL:1.00
    INFO: SUCCESS BASS_ChannelSetAttribute(BASS_ATTRIB_VOL)
DEBUG: END: AltsoundProcessorBase::setVolume()
    DEBUG: SFX stream 2147483679 gain:  0.40  group_vol:  0.85 ducked_vol:  1.00
DEBUG: BEGIN GSoundProcessor::findLowestDuckVolume()
    DEBUG: Min ducking value for MUSIC streams: 0.85
DEBUG: END GSoundProcessor::findLowestDuckVolume()
    DEBUG: MUSIC ducking volume: 0.85
DEBUG: BEGIN: AltsoundProcessorBase::setVolume()
    INFO: Setting volume for stream 2147483659
    DEBUG: SAMPLE_VOL:0.76  GLOBAL_VOL:1.00  MASTER_VOL:1.00
    INFO: SUCCESS BASS_ChannelSetAttribute(BASS_ATTRIB_VOL)
DEBUG: END: AltsoundProcessorBase::setVolume()
    DEBUG: MUSIC stream 2147483659 gain:  0.90  group_vol:  1.00 ducked_vol:  0.85
DEBUG: BEGIN GSoundProcessor::findLowestDuckVolume()
    DEBUG: SFX duck_vol_map is empty()
DEBUG: END GSoundProcessor::findLowestDuckVolume()
    DEBUG: SFX ducking volume: 1.00
DEBUG: BEGIN: AltsoundProcessorBase::setVolume()
    INFO: Setting volume for stream 2147483681
    DEBUG: SAMPLE_VOL:0.34  GLOBAL_VOL:1.00  MASTER_VOL:1.00
    INFO: SUCCESS BASS_ChannelSetAttribute(BASS_ATTRIB_VOL)
DEBUG: END: AltsoundProcessorBase::setVolume()
    DEBUG: SFX stream 2147483681 gain:  0.40  group_vol:  0.85 ducked_vol:  1.00
DEBUG: BEGIN GSoundProcessor::findLowestDuckVolume()
    DEBUG: SFX duck_vol_map is empty()
DEBUG: END GSoundProcessor::findLowestDuckVolume()
    DEBUG: SFX ducking volume: 1.00
DEBUG: BEGIN: AltsoundProcessorBase::setVolume()
    INFO: Setting volume for stream 2147483683
    DEBUG: SAMPLE_VOL:0.34  GLOBAL_VOL:1.00  MASTER_VOL:1.00
    INFO: SUCCESS BASS_ChannelSetAttribute(BASS_ATTRIB_VOL)
DEBUG: END: AltsoundProcessorBase::setVolume()
    DEBUG: SFX stream 2147483683 gain:  0.40  group_vol:  0.85 ducked_vol:  1.00
DEBUG: BEGIN GSoundProcessor::findLowestDuckVolume()
    DEBUG: SFX duck_vol_map is empty()
DEBUG: END GSoundProcessor::findLowestDuckVolume()
    DEBUG: SFX ducking volume: 1.00
DEBUG: BEGIN: AltsoundProcessorBase::setVolume()
    INFO: Setting volume for stream 2147483685
    DEBUG: SAMPLE_VOL:0.34  GLOBAL_VOL:1.00  MASTER_VOL:1.00
    INFO: SUCCESS BASS_ChannelSetAttribute(BASS_ATTRIB_VOL)
DEBUG: END: AltsoundProcessorBase::setVolume()
    DEBUG: SFX stream 2147483685 gain:  0.40  group_vol:  0.85 ducked_vol:  1.00
    INFO: Num active streams: 7
DEBUG: END GSoundProcessor::adjustStreamVolumes()
DEBUG: BEGIN GSoundProcessor::processPausedStreams()
DEBUG: BEGIN GSoundProcessor::tryResumeStream()
DEBUG: END GSoundProcessor::tryResumeStream()
DEBUG: BEGIN GSoundProcessor::tryResumeStream()
DEBUG: END GSoundProcessor::tryResumeStream()
DEBUG: BEGIN GSoundProcessor::tryResumeStream()
DEBUG: END GSoundProcessor::tryResumeStream()
DEBUG: BEGIN GSoundProcessor::tryResumeStream()
DEBUG: END GSoundProcessor::tryResumeStream()
DEBUG: BEGIN GSoundProcessor::tryResumeStream()
DEBUG: END GSoundProcessor::tryResumeStream()
DEBUG: BEGIN GSoundProcessor::tryResumeStream()
DEBUG: END GSoundProcessor::tryResumeStream()
DEBUG: BEGIN GSoundProcessor::tryResumeStream()
DEBUG: END GSoundProcessor::tryResumeStream()
DEBUG: END GSoundProcessor::processPausedStreams()
    INFO: SFX stream(2147483673) finished on ch(05)
DEBUG: END GSoundProcessor::common_callback()
DEBUG: 
BEGIN: GSoundProcessor::common_callback()
    INFO: HSYNC: 2147483676  HSTREAM: 2147483675
    DEBUG: Acquiring mutex
DEBUG: BEGIN: GSoundProcessor::postProcessBehaviors()
    DEBUG: Post-processing SFX behaviors on OVERLAY streams
    DEBUG: Post-processing SFX ducking impact on OVERLAY streams
    DEBUG: Post-processing SFX behaviors on SOLO streams
    DEBUG: Post-processing SFX ducking impact on SOLO streams
    DEBUG: Post-processing SFX behaviors on SFX streams
    DEBUG: Post-processing SFX ducking impact on SFX streams
    DEBUG: Post-processing SFX behaviors on CALLOUT streams
    DEBUG: Post-processing SFX ducking impact on CALLOUT streams
    DEBUG: Post-processing SFX behaviors on MUSIC streams
    DEBUG: Post-processing SFX ducking impact on MUSIC streams
    DEBUG: Erasing ducking impact from SFX stream: 2147483675
DEBUG: BEGIN GSoundProcessor::printBehaviorData()
DEBUG: Printing duck_vol_map:
DEBUG: Stream Type: OVERLAY
DEBUG: Stream Type: SOLO
DEBUG: Stream Type: SFX
DEBUG: Stream Type: CALLOUT
DEBUG: Stream Type: MUSIC
DEBUG: Stream ID: 2147483685, Duck Volume: 0.850000
DEBUG: Stream ID: 2147483683, Duck Volume: 0.850000
DEBUG: Stream ID: 2147483681, Duck Volume: 0.850000
DEBUG: Stream ID: 2147483679, Duck Volume: 0.850000
DEBUG: Stream ID: 2147483677, Duck Volume: 0.850000
DEBUG: Printing paused_status_map:
DEBUG: Stream Type: OVERLAY
DEBUG: Stream Type: SOLO
DEBUG: Stream Type: SFX
DEBUG: Stream Type: CALLOUT
DEBUG: Stream Type: MUSIC
DEBUG: END GSoundProcessor::printBehaviorData()
DEBUG: END GSoundProcessor::postProcessBehaviors()
    INFO: BEGIN AltsoundProcessorBase::freeStream()
        INFO: Successfully free'd stream(2147483675)
    DEBUG: END AltsoundProcessorBase::freeStream()
INFO: BEGIN GSoundProcessor::adjustStreamVolumes()
DEBUG: BEGIN GSoundProcessor::findLowestDuckVolume()
    DEBUG: SFX duck_vol_map is empty()
DEBUG: END GSoundProcessor::findLowestDuckVolume()
    DEBUG: SFX ducking volume: 1.00
DEBUG: BEGIN: AltsoundProcessorBase::setVolume()
    INFO: Setting volume for stream 2147483677
    DEBUG: SAMPLE_VOL:0.34  GLOBAL_VOL:1.00  MASTER_VOL:1.00
    INFO: SUCCESS BASS_ChannelSetAttribute(BASS_ATTRIB_VOL)
DEBUG: END: AltsoundProcessorBase::setVolume()
    DEBUG: SFX stream 2147483677 gain:  0.40  group_vol:  0.85 ducked_vol:  1.00
DEBUG: BEGIN GSoundProcessor::findLowestDuckVolume()
    DEBUG: SFX duck_vol_map is empty()
DEBUG: END GSoundProcessor::findLowestDuckVolume()
    DEBUG: SFX ducking volume: 1.00
DEBUG: BEGIN: AltsoundProcessorBase::setVolume()
    INFO: Setting volume for stream 2147483679
    DEBUG: SAMPLE_VOL:0.34  GLOBAL_VOL:1.00  MASTER_VOL:1.00
    INFO: SUCCESS BASS_ChannelSetAttribute(BASS_ATTRIB_VOL)
DEBUG: END: AltsoundProcessorBase::setVolume()
    DEBUG: SFX stream 2147483679 gain:  0.40  group_vol:  0.85 ducked_vol:  1.00
DEBUG: BEGIN GSoundProcessor::findLowestDuckVolume()
    DEBUG: Min ducking value for MUSIC streams: 0.85
DEBUG: END GSoundProcessor::findLowestDuckVolume()
    DEBUG: MUSIC ducking volume: 0.85
DEBUG: BEGIN: AltsoundProcessorBase::setVolume()
    INFO: Setting volume for stream 2147483659
    DEBUG: SAMPLE_VOL:0.76  GLOBAL_VOL:1.00  MASTER_VOL:1.00
    INFO: SUCCESS BASS_ChannelSetAttribute(BASS_ATTRIB_VOL)
DEBUG: END: AltsoundProcessorBase::setVolume()
    DEBUG: MUSIC stream 2147483659 gain:  0.90  group_vol:  1.00 ducked_vol:  0.85
DEBUG: BEGIN GSoundProcessor::findLowestDuckVolume()
    DEBUG: SFX duck_vol_map is empty()
DEBUG: END GSoundProcessor::findLowestDuckVolume()
    DEBUG: SFX ducking volume: 1.00
DEBUG: BEGIN: AltsoundProcessorBase::setVolume()
    INFO: Setting volume for stream 2147483681
    DEBUG: SAMPLE_VOL:0.34  GLOBAL_VOL:1.00  MASTER_VOL:1.00
    INFO: SUCCESS BASS_ChannelSetAttribute(BASS_ATTRIB_VOL)
DEBUG: END: AltsoundProcessorBase::setVolume()
    DEBUG: SFX stream 2147483681 gain:  0.40  group_vol:  0.85 ducked_vol:  1.00
DEBUG: BEGIN GSoundProcessor::findLowestDuckVolume()
    DEBUG: SFX duck_vol_map is empty()
DEBUG: END GSoundProcessor::findLowestDuckVolume()
    DEBUG: SFX ducking volume: 1.00
DEBUG: BEGIN: AltsoundProcessorBase::setVolume()
    INFO: Setting volume for stream 2147483683
    DEBUG: SAMPLE_VOL:0.34  GLOBAL_VOL:1.00  MASTER_VOL:1.00
    INFO: SUCCESS BASS_ChannelSetAttribute(BASS_ATTRIB_VOL)
DEBUG: END: AltsoundProcessorBase::setVolume()
    DEBUG: SFX stream 2147483683 gain:  0.40  group_vol:  0.85 ducked_vol:  1.00
DEBUG: BEGIN GSoundProcessor::findLowestDuckVolume()
    DEBUG: SFX duck_vol_map is empty()
DEBUG: END GSoundProcessor::findLowestDuckVolume()
    DEBUG: SFX ducking volume: 1.00
DEBUG: BEGIN: AltsoundProcessorBase::setVolume()
    INFO: Setting volume for stream 2147483685
    DEBUG: SAMPLE_VOL:0.34  GLOBAL_VOL:1.00  MASTER_VOL:1.00
    INFO: SUCCESS BASS_ChannelSetAttribute(BASS_ATTRIB_VOL)
DEBUG: END: AltsoundProcessorBase::setVolume()
    DEBUG: SFX stream 2147483685 gain:  0.40  group_vol:  0.85 ducked_vol:  1.00
    INFO: Num active streams: 6
DEBUG: END GSoundProcessor::adjustStreamVolumes()
DEBUG: BEGIN GSoundProcessor::processPausedStreams()
DEBUG: BEGIN GSoundProcessor::tryResumeStream()
DEBUG: END GSoundProcessor::tryResumeStream()
DEBUG: BEGIN GSoundProcessor::tryResumeStream()
DEBUG: END GSoundProcessor::tryResumeStream()
DEBUG: BEGIN GSoundProcessor::tryResumeStream()
DEBUG: END GSoundProcessor::tryResumeStream()
DEBUG: BEGIN GSoundProcessor::tryResumeStream()
DEBUG: END GSoundProcessor::tryResumeStream()
DEBUG: BEGIN GSoundProcessor::tryResumeStream()
DEBUG: END GSoundProcessor::tryResumeStream()
DEBUG: BEGIN GSoundProcessor::tryResumeStream()
DEBUG: END GSoundProcessor::tryResumeStream()
DEBUG: END GSoundProcessor::processPausedStreams()
    INFO: SFX stream(2147483675) finished on ch(00)
DEBUG: END GSoundProcessor::common_callback()
DEBUG: 
BEGIN: GSoundProcessor::common_callback()
    INFO: HSYNC: 2147483678  HSTREAM: 2147483677
    DEBUG: Acquiring mutex
DEBUG: BEGIN: GSoundProcessor::postProcessBehaviors()
    DEBUG: Post-processing SFX behaviors on OVERLAY streams
    DEBUG: Post-processing SFX ducking impact on OVERLAY streams
    DEBUG: Post-processing SFX behaviors on SOLO streams
    DEBUG: Post-processing SFX ducking impact on SOLO streams
    DEBUG: Post-processing SFX behaviors on SFX streams
    DEBUG: Post-processing SFX ducking impact on SFX streams
    DEBUG: Post-processing SFX behaviors on CALLOUT streams
    DEBUG: Post-processing SFX ducking impact on CALLOUT streams
    DEBUG: Post-processing SFX behaviors on MUSIC streams
    DEBUG: Post-processing SFX ducking impact on MUSIC streams
    DEBUG: Erasing ducking impact from SFX stream: 2147483677
DEBUG: BEGIN GSoundProcessor::printBehaviorData()
DEBUG: Printing duck_vol_map:
DEBUG: Stream Type: OVERLAY
DEBUG: Stream Type: SOLO
DEBUG: Stream Type: SFX
DEBUG: Stream Type: CALLOUT
DEBUG: Stream Type: MUSIC
DEBUG: Stream ID: 2147483685, Duck Volume: 0.850000
DEBUG: Stream ID: 2147483683, Duck Volume: 0.850000
DEBUG: Stream ID: 2147483681, Duck Volume: 0.850000
DEBUG: Stream ID: 2147483679, Duck Volume: 0.850000
DEBUG: Printing paused_status_map:
DEBUG: Stream Type: OVERLAY
DEBUG: Stream Type: SOLO
DEBUG: Stream Type: SFX
DEBUG: Stream Type: CALLOUT
DEBUG: Stream Type: MUSIC
DEBUG: END GSoundProcessor::printBehaviorData()
DEBUG: END GSoundProcessor::postProcessBehaviors()
    INFO: BEGIN AltsoundProcessorBase::freeStream()
        INFO: Successfully free'd stream(2147483677)
    DEBUG: END AltsoundProcessorBase::freeStream()
INFO: BEGIN GSoundProcessor::adjustStreamVolumes()
DEBUG: BEGIN GSoundProcessor::findLowestDuckVolume()
    DEBUG: SFX duck_vol_map is empty()
DEBUG: END GSoundProcessor::findLowestDuckVolume()
    DEBUG: SFX ducking volume: 1.00
DEBUG: BEGIN: AltsoundProcessorBase::setVolume()
    INFO: Setting volume for stream 2147483679
    DEBUG: SAMPLE_VOL:0.34  GLOBAL_VOL:1.00  MASTER_VOL:1.00
    INFO: SUCCESS BASS_ChannelSetAttribute(BASS_ATTRIB_VOL)
DEBUG: END: AltsoundProcessorBase::setVolume()
    DEBUG: SFX stream 2147483679 gain:  0.40  group_vol:  0.85 ducked_vol:  1.00
DEBUG: BEGIN GSoundProcessor::findLowestDuckVolume()
    DEBUG: Min ducking value for MUSIC streams: 0.85
DEBUG: END GSoundProcessor::findLowestDuckVolume()
    DEBUG: MUSIC ducking volume: 0.85
DEBUG: BEGIN: AltsoundProcessorBase::setVolume()
    INFO: Setting volume for stream 2147483659
    DEBUG: SAMPLE_VOL:0.76  GLOBAL_VOL:1.00  MASTER_VOL:1.00
    INFO: SUCCESS BASS_ChannelSetAttribute(BASS_ATTRIB_VOL)
DEBUG: END: AltsoundProcessorBase::setVolume()
    DEBUG: MUSIC stream 2147483659 gain:  0.90  group_vol:  1.00 ducked_vol:  0.85
DEBUG: BEGIN GSoundProcessor::findLowestDuckVolume()
    DEBUG: SFX duck_vol_map is empty()
DEBUG: END GSoundProcessor::findLowestDuckVolume()
    DEBUG: SFX ducking volume: 1.00
DEBUG: BEGIN: AltsoundProcessorBase::setVolume()
    INFO: Setting volume for stream 2147483681
    DEBUG: SAMPLE_VOL:0.34  GLOBAL_VOL:1.00  MASTER_VOL:1.00
    INFO: SUCCESS BASS_ChannelSetAttribute(BASS_ATTRIB_VOL)
DEBUG: END: AltsoundProcessorBase::setVolume()
    DEBUG: SFX stream 2147483681 gain:  0.40  group_vol:  0.85 ducked_vol:  1.00
DEBUG: BEGIN GSoundProcessor::findLowestDuckVolume()
    DEBUG: SFX duck_vol_map is empty()
DEBUG: END GSoundProcessor::findLowestDuckVolume()
    DEBUG: SFX ducking volume: 1.00
DEBUG: BEGIN: AltsoundProcessorBase::setVolume()
    INFO: Setting volume for stream 2147483683
    DEBUG: SAMPLE_VOL:0.34  GLOBAL_VOL:1.00  MASTER_VOL:1.00
    INFO: SUCCESS BASS_ChannelSetAttribute(BASS_ATTRIB_VOL)
DEBUG: END: AltsoundProcessorBase::setVolume()
    DEBUG: SFX stream 2147483683 gain:  0.40  group_vol:  0.85 ducked_vol:  1.00
DEBUG: BEGIN GSoundProcessor::findLowestDuckVolume()
    DEBUG: SFX duck_vol_map is empty()
DEBUG: END GSoundProcessor::findLowestDuckVolume()
    DEBUG: SFX ducking volume: 1.00
DEBUG: BEGIN: AltsoundProcessorBase::setVolume()
    INFO: Setting volume for stream 2147483685
    DEBUG: SAMPLE_VOL:0.34  GLOBAL_VOL:1.00  MASTER_VOL:1.00
    INFO: SUCCESS BASS_ChannelSetAttribute(BASS_ATTRIB_VOL)
DEBUG: END: AltsoundProcessorBase::setVolume()
    DEBUG: SFX stream 2147483685 gain:  0.40  group_vol:  0.85 ducked_vol:  1.00
    INFO: Num active streams: 5
DEBUG: END GSoundProcessor::adjustStreamVolumes()
DEBUG: BEGIN GSoundProcessor::processPausedStreams()
DEBUG: BEGIN GSoundProcessor::tryResumeStream()
DEBUG: END GSoundProcessor::tryResumeStream()
DEBUG: BEGIN GSoundProcessor::tryResumeStream()
DEBUG: END GSoundProcessor::tryResumeStream()
DEBUG: BEGIN GSoundProcessor::tryResumeStream()
DEBUG: END GSoundProcessor::tryResumeStream()
DEBUG: BEGIN GSoundProcessor::tryResumeStream()
DEBUG: END GSoundProcessor::tryResumeStream()
DEBUG: BEGIN GSoundProcessor::tryResumeStream()
DEBUG: END GSoundProcessor::tryResumeStream()
DEBUG: END GSoundProcessor::processPausedStreams()
    INFO: SFX stream(2147483677) finished on ch(01)
DEBUG: END GSoundProcessor::common_callback()
DEBUG: BEGIN AltsoundProcessCommand()
DEBUG: Master Volume (Post Attenuation): 1.00
DEBUG: BEGIN altsound_preprocess_commands()
DEBUG: MAME_GEN: 0x0000000004000
DEBUG: Hardware Generation: DEDMD16, DEDMD32, DEDMD64, DE
DEBUG: END altsound_preprocess_commands()
DEBUG: Command complete. Processing...
    DEBUG: BEGIN GSoundProcessor::handleCmd()
        DEBUG: Acquiring mutex
        DEBUG: BEGIN GSoundProcessor::getSample()
        INFO: Found 1 sample(s) for ID: 007B
        INFO: Sample: gnr_300/0x007b-push_button.ogg
        DEBUG: END GSoundProcessor::getSample()
        DEBUG: BEGIN GSoundProcessor::processStream()
            DEBUG: BEGIN AltsoundProcessorBase::createStream()
                INFO: BEGIN: AltsoundProcessorBase::findFreeChannel()
                    INFO: Found free channel: 00
                DEBUG: END: AltsoundProcessorBase::findFreeChannel()
                INFO: Successfully created stream(2147483687) on channel(00)
            DEBUG: END: AltsoundProcessorBase::createStream()
        DEBUG: BEGIN: GSoundProcessor::processBehaviors()
            DEBUG: Processing SFX behaviors on OVERLAY streams
            DEBUG: Processing SFX behaviors on SOLO streams
            DEBUG: Processing SFX behaviors on SFX streams
            DEBUG: Processing SFX behaviors on CALLOUT streams
            DEBUG: Processing SFX behaviors on MUSIC streams
        DEBUG: BEGIN GSoundProcessor::printBehaviorData()
        DEBUG: Printing duck_vol_map:
        DEBUG: Stream Type: OVERLAY
        DEBUG: Stream Type: SOLO
        DEBUG: Stream Type: SFX
        DEBUG: Stream Type: CALLOUT
        DEBUG: Stream Type: MUSIC
        DEBUG: Stream ID: 2147483687, Duck Volume: 0.850000
        DEBUG: Stream ID: 2147483685, Duck Volume: 0.850000
        DEBUG: Stream ID: 2147483683, Duck Volume: 0.850000
        DEBUG: Stream ID: 2147483681, Duck Volume: 0.850000
        DEBUG: Stream ID: 2147483679, Duck Volume: 0.850000
        DEBUG: Printing paused_status_map:
        DEBUG: Stream Type: OVERLAY
        DEBUG: Stream Type: SOLO
        DEBUG: Stream Type: SFX
        DEBUG: Stream Type: CALLOUT
        DEBUG: Stream Type: MUSIC
        DEBUG: END GSoundProcessor::printBehaviorData()
        DEBUG: END GSoundProcessor::processBehaviors()
        DEBUG: END GSoundProcessor::processStream()
        INFO: BEGIN GSoundProcessor::adjustStreamVolumes()
        DEBUG: BEGIN GSoundProcessor::findLowestDuckVolume()
            DEBUG: SFX duck_vol_map is empty()
        DEBUG: END GSoundProcessor::findLowestDuckVolume()
            DEBUG: SFX ducking volume: 1.00
        DEBUG: BEGIN: AltsoundProcessorBase::setVolume()
            INFO: Setting volume for stream 2147483687
            DEBUG: SAMPLE_VOL:0.34  GLOBAL_VOL:1.00  MASTER_VOL:1.00
            INFO: SUCCESS BASS_ChannelSetAttribute(BASS_ATTRIB_VOL)
        DEBUG: END: AltsoundProcessorBase::setVolume()
            DEBUG: SFX stream 2147483687 gain:  0.40  group_vol:  0.85 ducked_vol:  1.00
        DEBUG: BEGIN GSoundProcessor::findLowestDuckVolume()
            DEBUG: SFX duck_vol_map is empty()
        DEBUG: END GSoundProcessor::findLowestDuckVolume()
            DEBUG: SFX ducking volume: 1.00
        DEBUG: BEGIN: AltsoundProcessorBase::setVolume()
            INFO: Setting volume for stream 2147483679
            DEBUG: SAMPLE_VOL:0.34  GLOBAL_VOL:1.00  MASTER_VOL:1.00
            INFO: SUCCESS BASS_ChannelSetAttribute(BASS_ATTRIB_VOL)
        DEBUG: END: AltsoundProcessorBase::setVolume()
            DEBUG: SFX stream 2147483679 gain:  0.40  group_vol:  0.85 ducked_vol:  1.00
        DEBUG: BEGIN GSoundProcessor::findLowestDuckVolume()
            DEBUG: Min ducking value for MUSIC streams: 0.85
        DEBUG: END GSoundProcessor::findLowestDuckVolume()
            DEBUG: MUSIC ducking volume: 0.85
        DEBUG: BEGIN: AltsoundProcessorBase::setVolume()
            INFO: Setting volume for stream 2147483659
            DEBUG: SAMPLE_VOL:0.76  GLOBAL_VOL:1.00  MASTER_VOL:1.00
            INFO: SUCCESS BASS_ChannelSetAttribute(BASS_ATTRIB_VOL)
        DEBUG: END: AltsoundProcessorBase::setVolume()
            DEBUG: MUSIC stream 2147483659 gain:  0.90  group_vol:  1.00 ducked_vol:  0.85
        DEBUG: BEGIN GSoundProcessor::findLowestDuckVolume()
            DEBUG: SFX duck_vol_map is empty()
        DEBUG: END GSoundProcessor::findLowestDuckVolume()
            DEBUG: SFX ducking volume: 1.00
        DEBUG: BEGIN: AltsoundProcessorBase::setVolume()
            INFO: Setting volume for stream 2147483681
            DEBUG: SAMPLE_VOL:0.34  GLOBAL_VOL:1.00  MASTER_VOL:1.00
            INFO: SUCCESS BASS_ChannelSetAttribute(BASS_ATTRIB_VOL)
        DEBUG: END: AltsoundProcessorBase::setVolume()
            DEBUG: SFX stream 2147483681 gain:  0.40  group_vol:  0.85 ducked_vol:  1.00
        DEBUG: BEGIN GSoundProcessor::findLowestDuckVolume()
            DEBUG: SFX duck_vol_map is empty()
        DEBUG: END GSoundProcessor::findLowestDuckVolume()
            DEBUG: SFX ducking volume: 1.00
        DEBUG: BEGIN: AltsoundProcessorBase::setVolume()
            INFO: Setting volume for stream 2147483683
            DEBUG: SAMPLE_VOL:0.34  GLOBAL_VOL:1.00  MASTER_VOL:1.00
            INFO: SUCCESS BASS_ChannelSetAttribute(BASS_ATTRIB_VOL)
        DEBUG: END: AltsoundProcessorBase::setVolume()
            DEBUG: SFX stream 2147483683 gain:  0.40  group_vol:  0.85 ducked_vol:  1.00
        DEBUG: BEGIN GSoundProcessor::findLowestDuckVolume()
            DEBUG: SFX duck_vol_map is empty()
        DEBUG: END GSoundProcessor::findLowestDuckVolume()
            DEBUG: SFX ducking volume: 1.00
        DEBUG: BEGIN: AltsoundProcessorBase::setVolume()
            INFO: Setting volume for stream 2147483685
            DEBUG: SAMPLE_VOL:0.34  GLOBAL_VOL:1.00  MASTER_VOL:1.00
            INFO: SUCCESS BASS_ChannelSetAttribute(BASS_ATTRIB_VOL)
        DEBUG: END: AltsoundProcessorBase::setVolume()
            DEBUG: SFX stream 2147483685 gain:  0.40  group_vol:  0.85 ducked_vol:  1.00
            INFO: Num active streams: 6
        DEBUG: END GSoundProcessor::adjustStreamVolumes()
        INFO: Playing SFX stream: gnr_300/0x007b-push_button.ogg
        DEBUG: HSTREAM(2147483687)  CH(00)  CMD(007B)  SAMPLE(gnr_300/0x007b-push_button.ogg)
            INFO: SUCCESS SFX stream playback
    DEBUG: END GSoundProcessor::handleCmd()
INFO: SUCCESS processor::handleCmd()
DEBUG: BEGIN altsound_postprocess_commands()
DEBUG: MAME_GEN: 0x0000000004000
DEBUG: END postprocess_commands()
DEBUG: END AltsoundProcessCommand()
DEBUG: 
DEBUG: 
BEGIN: GSoundProcessor::common_callback()
    INFO: HSYNC: 2147483684  HSTREAM: 2147483683
    DEBUG: Acquiring mutex
DEBUG: BEGIN: GSoundProcessor::postProcessBehaviors()
    DEBUG: Post-processing SFX behaviors on OVERLAY streams
    DEBUG: Post-processing SFX ducking impact on OVERLAY streams
    DEBUG: Post-processing SFX behaviors on SOLO streams
    DEBUG: Post-processing SFX ducking impact on SOLO streams
    DEBUG: Post-processing SFX behaviors on SFX streams
    DEBUG: Post-processing SFX ducking impact on SFX streams
    DEBUG: Post-processing SFX behaviors on CALLOUT streams
    DEBUG: Post-processing SFX ducking impact on CALLOUT streams
    DEBUG: Post-processing SFX behaviors on MUSIC streams
    DEBUG: Post-processing SFX ducking impact on MUSIC streams
    DEBUG: Erasing ducking impact from SFX stream: 2147483683
DEBUG: BEGIN GSoundProcessor::printBehaviorData()
DEBUG: Printing duck_vol_map:
DEBUG: Stream Type: OVERLAY
DEBUG: Stream Type: SOLO
DEBUG: Stream Type: SFX
DEBUG: Stream Type: CALLOUT
DEBUG: Stream Type: MUSIC
DEBUG: Stream ID: 2147483687, Duck Volume: 0.850000
DEBUG: Stream ID: 2147483685, Duck Volume: 0.850000
DEBUG: Stream ID: 2147483681, Duck Volume: 0.850000
DEBUG: Stream ID: 2147483679, Duck Volume: 0.850000
DEBUG: Printing paused_status_map:
DEBUG: Stream Type: OVERLAY
DEBUG: Stream Type: SOLO
DEBUG: Stream Type: SFX
DEBUG: Stream Type: CALLOUT
DEBUG: Stream Type: MUSIC
DEBUG: END GSoundProcessor::printBehaviorData()
DEBUG: END GSoundProcessor::postProcessBehaviors()
    INFO: BEGIN AltsoundProcessorBase::freeStream()
        INFO: Successfully free'd stream(2147483683)
    DEBUG: END AltsoundProcessorBase::freeStream()
INFO: BEGIN GSoundProcessor::adjustStreamVolumes()
DEBUG: BEGIN GSoundProcessor::findLowestDuckVolume()
    DEBUG: SFX duck_vol_map is empty()
DEBUG: END GSoundProcessor::findLowestDuckVolume()
    DEBUG: SFX ducking volume: 1.00
DEBUG: BEGIN: AltsoundProcessorBase::setVolume()
    INFO: Setting volume for stream 2147483687
    DEBUG: SAMPLE_VOL:0.34  GLOBAL_VOL:1.00  MASTER_VOL:1.00
    INFO: SUCCESS BASS_ChannelSetAttribute(BASS_ATTRIB_VOL)
DEBUG: END: AltsoundProcessorBase::setVolume()
    DEBUG: SFX stream 2147483687 gain:  0.40  group_vol:  0.85 ducked_vol:  1.00
DEBUG: BEGIN GSoundProcessor::findLowestDuckVolume()
    DEBUG: SFX duck_vol_map is empty()
DEBUG: END GSoundProcessor::findLowestDuckVolume()
    DEBUG: SFX ducking volume: 1.00
DEBUG: BEGIN: AltsoundProcessorBase::setVolume()
    INFO: Setting volume for stream 2147483679
    DEBUG: SAMPLE_VOL:0.34  GLOBAL_VOL:1.00  MASTER_VOL:1.00
    INFO: SUCCESS BASS_ChannelSetAttribute(BASS_ATTRIB_VOL)
DEBUG: END: AltsoundProcessorBase::setVolume()
    DEBUG: SFX stream 2147483679 gain:  0.40  group_vol:  0.85 ducked_vol:  1.00
DEBUG: BEGIN GSoundProcessor::findLowestDuckVolume()
    DEBUG: Min ducking value for MUSIC streams: 0.85
DEBUG: END GSoundProcessor::findLowestDuckVolume()
    DEBUG: MUSIC ducking volume: 0.85
DEBUG: BEGIN: AltsoundProcessorBase::setVolume()
    INFO: Setting volume for stream 2147483659
    DEBUG: SAMPLE_VOL:0.76  GLOBAL_VOL:1.00  MASTER_VOL:1.00
    INFO: SUCCESS BASS_ChannelSetAttribute(BASS_ATTRIB_VOL)
DEBUG: END: AltsoundProcessorBase::setVolume()
    DEBUG: MUSIC stream 2147483659 gain:  0.90  group_vol:  1.00 ducked_vol:  0.85
DEBUG: BEGIN GSoundProcessor::findLowestDuckVolume()
    DEBUG: SFX duck_vol_map is empty()
DEBUG: END GSoundProcessor::findLowestDuckVolume()
    DEBUG: SFX ducking volume: 1.00
DEBUG: BEGIN: AltsoundProcessorBase::setVolume()
    INFO: Setting volume for stream 2147483681
    DEBUG: SAMPLE_VOL:0.34  GLOBAL_VOL:1.00  MASTER_VOL:1.00
    INFO: SUCCESS BASS_ChannelSetAttribute(BASS_ATTRIB_VOL)
DEBUG: END: AltsoundProcessorBase::setVolume()
    DEBUG: SFX stream 2147483681 gain:  0.40  group_vol:  0.85 ducked_vol:  1.00
DEBUG: BEGIN GSoundProcessor::findLowestDuckVolume()
    DEBUG: SFX duck_vol_map is empty()
DEBUG: END GSoundProcessor::findLowestDuckVolume()
    DEBUG: SFX ducking volume: 1.00
DEBUG: BEGIN: AltsoundProcessorBase::setVolume()
    INFO: Setting volume for stream 2147483685
    DEBUG: SAMPLE_VOL:0.34  GLOBAL_VOL:1.00  MASTER_VOL:1.00
    INFO: SUCCESS BASS_ChannelSetAttribute(BASS_ATTRIB_VOL)
DEBUG: END: AltsoundProcessorBase::setVolume()
    DEBUG: SFX stream 2147483685 gain:  0.40  group_vol:  0.85 ducked_vol:  1.00
    INFO: Num active streams: 5
DEBUG: END GSoundProcessor::adjustStreamVolumes()
DEBUG: BEGIN GSoundProcessor::processPausedStreams()
DEBUG: BEGIN GSoundProcessor::tryResumeStream()
DEBUG: END GSoundProcessor::tryResumeStream()
DEBUG: BEGIN GSoundProcessor::tryResumeStream()
DEBUG: END GSoundProcessor::tryResumeStream()
DEBUG: BEGIN GSoundProcessor::tryResumeStream()
DEBUG: END GSoundProcessor::tryResumeStream()
DEBUG: BEGIN GSoundProcessor::tryResumeStream()
DEBUG: END GSoundProcessor::tryResumeStream()
DEBUG: BEGIN GSoundProcessor::tryResumeStream()
DEBUG: END GSoundProcessor::tryResumeStream()
DEBUG: END GSoundProcessor::processPausedStreams()
    INFO: SFX stream(2147483683) finished on ch(06)
DEBUG: END GSoundProcessor::common_callback()
DEBUG: 
BEGIN: GSoundProcessor::common_callback()
    INFO: HSYNC: 2147483682  HSTREAM: 2147483681
    DEBUG: Acquiring mutex
DEBUG: BEGIN: GSoundProcessor::postProcessBehaviors()
    DEBUG: Post-processing SFX behaviors on OVERLAY streams
    DEBUG: Post-processing SFX ducking impact on OVERLAY streams
    DEBUG: Post-processing SFX behaviors on SOLO streams
    DEBUG: Post-processing SFX ducking impact on SOLO streams
    DEBUG: Post-processing SFX behaviors on SFX streams
    DEBUG: Post-processing SFX ducking impact on SFX streams
    DEBUG: Post-processing SFX behaviors on CALLOUT streams
    DEBUG: Post-processing SFX ducking impact on CALLOUT streams
    DEBUG: Post-processing SFX behaviors on MUSIC streams
    DEBUG: Post-processing SFX ducking impact on MUSIC streams
    DEBUG: Erasing ducking impact from SFX stream: 2147483681
DEBUG: BEGIN GSoundProcessor::printBehaviorData()
DEBUG: Printing duck_vol_map:
DEBUG: Stream Type: OVERLAY
DEBUG: Stream Type: SOLO
DEBUG: Stream Type: SFX
DEBUG: Stream Type: CALLOUT
DEBUG: Stream Type: MUSIC
DEBUG: Stream ID: 2147483687, Duck Volume: 0.850000
DEBUG: Stream ID: 2147483685, Duck Volume: 0.850000
DEBUG: Stream ID: 2147483679, Duck Volume: 0.850000
DEBUG: Printing paused_status_map:
DEBUG: Stream Type: OVERLAY
DEBUG: Stream Type: SOLO
DEBUG: Stream Type: SFX
DEBUG: Stream Type: CALLOUT
DEBUG: Stream Type: MUSIC
DEBUG: END GSoundProcessor::printBehaviorData()
DEBUG: END GSoundProcessor::postProcessBehaviors()
    INFO: BEGIN AltsoundProcessorBase::freeStream()
        INFO: Successfully free'd stream(2147483681)
    DEBUG: END AltsoundProcessorBase::freeStream()
INFO: BEGIN GSoundProcessor::adjustStreamVolumes()
DEBUG: BEGIN GSoundProcessor::findLowestDuckVolume()
    DEBUG: SFX duck_vol_map is empty()
DEBUG: END GSoundProcessor::findLowestDuckVolume()
    DEBUG: SFX ducking volume: 1.00
DEBUG: BEGIN: AltsoundProcessorBase::setVolume()
    INFO: Setting volume for stream 2147483687
    DEBUG: SAMPLE_VOL:0.34  GLOBAL_VOL:1.00  MASTER_VOL:1.00
    INFO: SUCCESS BASS_ChannelSetAttribute(BASS_ATTRIB_VOL)
DEBUG: END: AltsoundProcessorBase::setVolume()
    DEBUG: SFX stream 2147483687 gain:  0.40  group_vol:  0.85 ducked_vol:  1.00
DEBUG: BEGIN GSoundProcessor::findLowestDuckVolume()
    DEBUG: SFX duck_vol_map is empty()
DEBUG: END GSoundProcessor::findLowestDuckVolume()
    DEBUG: SFX ducking volume: 1.00
DEBUG: BEGIN: AltsoundProcessorBase::setVolume()
    INFO: Setting volume for stream 2147483679
    DEBUG: SAMPLE_VOL:0.34  GLOBAL_VOL:1.00  MASTER_VOL:1.00
    INFO: SUCCESS BASS_ChannelSetAttribute(BASS_ATTRIB_VOL)
DEBUG: END: AltsoundProcessorBase::setVolume()
    DEBUG: SFX stream 2147483679 gain:  0.40  group_vol:  0.85 ducked_vol:  1.00
DEBUG: BEGIN GSoundProcessor::findLowestDuckVolume()
    DEBUG: Min ducking value for MUSIC streams: 0.85
DEBUG: END GSoundProcessor::findLowestDuckVolume()
    DEBUG: MUSIC ducking volume: 0.85
DEBUG: BEGIN: AltsoundProcessorBase::setVolume()
    INFO: Setting volume for stream 2147483659
    DEBUG: SAMPLE_VOL:0.76  GLOBAL_VOL:1.00  MASTER_VOL:1.00
    INFO: SUCCESS BASS_ChannelSetAttribute(BASS_ATTRIB_VOL)
DEBUG: END: AltsoundProcessorBase::setVolume()
    DEBUG: MUSIC stream 2147483659 gain:  0.90  group_vol:  1.00 ducked_vol:  0.85
DEBUG: BEGIN GSoundProcessor::findLowestDuckVolume()
    DEBUG: SFX duck_vol_map is empty()
DEBUG: END GSoundProcessor::findLowestDuckVolume()
    DEBUG: SFX ducking volume: 1.00
DEBUG: BEGIN: AltsoundProcessorBase::setVolume()
    INFO: Setting volume for stream 2147483685
    DEBUG: SAMPLE_VOL:0.34  GLOBAL_VOL:1.00  MASTER_VOL:1.00
    INFO: SUCCESS BASS_ChannelSetAttribute(BASS_ATTRIB_VOL)
DEBUG: END: AltsoundProcessorBase::setVolume()
    DEBUG: SFX stream 2147483685 gain:  0.40  group_vol:  0.85 ducked_vol:  1.00
    INFO: Num active streams: 4
DEBUG: END GSoundProcessor::adjustStreamVolumes()
DEBUG: BEGIN GSoundProcessor::processPausedStreams()
DEBUG: BEGIN GSoundProcessor::tryResumeStream()
DEBUG: END GSoundProcessor::tryResumeStream()
DEBUG: BEGIN GSoundProcessor::tryResumeStream()
DEBUG: END GSoundProcessor::tryResumeStream()
DEBUG: BEGIN GSoundProcessor::tryResumeStream()
DEBUG: END GSoundProcessor::tryResumeStream()
DEBUG: BEGIN GSoundProcessor::tryResumeStream()
DEBUG: END GSoundProcessor::tryResumeStream()
DEBUG: END GSoundProcessor::processPausedStreams()
    INFO: SFX stream(2147483681) finished on ch(04)
DEBUG: END GSoundProcessor::common_callback()
DEBUG: 
BEGIN: GSoundProcessor::common_callback()
    INFO: HSYNC: 2147483680  HSTREAM: 2147483679
    DEBUG: Acquiring mutex
DEBUG: BEGIN: GSoundProcessor::postProcessBehaviors()
    DEBUG: Post-processing SFX behaviors on OVERLAY streams
    DEBUG: Post-processing SFX ducking impact on OVERLAY streams
    DEBUG: Post-processing SFX behaviors on SOLO streams
    DEBUG: Post-processing SFX ducking impact on SOLO streams
    DEBUG: Post-processing SFX behaviors on SFX streams
    DEBUG: Post-processing SFX ducking impact on SFX streams
    DEBUG: Post-processing SFX behaviors on CALLOUT streams
    DEBUG: Post-processing SFX ducking impact on CALLOUT streams
    DEBUG: Post-processing SFX behaviors on MUSIC streams
    DEBUG: Post-processing SFX ducking impact on MUSIC streams
    DEBUG: Erasing ducking impact from SFX stream: 2147483679
DEBUG: BEGIN GSoundProcessor::printBehaviorData()
DEBUG: Printing duck_vol_map:
DEBUG: Stream Type: OVERLAY
DEBUG: Stream Type: SOLO
DEBUG: Stream Type: SFX
DEBUG: Stream Type: CALLOUT
DEBUG: Stream Type: MUSIC
DEBUG: Stream ID: 2147483687, Duck Volume: 0.850000
DEBUG: Stream ID: 2147483685, Duck Volume: 0.850000
DEBUG: Printing paused_status_map:
DEBUG: Stream Type: OVERLAY
DEBUG: Stream Type: SOLO
DEBUG: Stream Type: SFX
DEBUG: Stream Type: CALLOUT
DEBUG: Stream Type: MUSIC
DEBUG: END GSoundProcessor::printBehaviorData()
DEBUG: END GSoundProcessor::postProcessBehaviors()
    INFO: BEGIN AltsoundProcessorBase::freeStream()
        INFO: Successfully free'd stream(2147483679)
    DEBUG: END AltsoundProcessorBase::freeStream()
INFO: BEGIN GSoundProcessor::adjustStreamVolumes()
DEBUG: BEGIN GSoundProcessor::findLowestDuckVolume()
    DEBUG: SFX duck_vol_map is empty()
DEBUG: END GSoundProcessor::findLowestDuckVolume()
    DEBUG: SFX ducking volume: 1.00
DEBUG: BEGIN: AltsoundProcessorBase::setVolume()
    INFO: Setting volume for stream 2147483687
    DEBUG: SAMPLE_VOL:0.34  GLOBAL_VOL:1.00  MASTER_VOL:1.00
    INFO: SUCCESS BASS_ChannelSetAttribute(BASS_ATTRIB_VOL)
DEBUG: END: AltsoundProcessorBase::setVolume()
    DEBUG: SFX stream 2147483687 gain:  0.40  group_vol:  0.85 ducked_vol:  1.00
DEBUG: BEGIN GSoundProcessor::findLowestDuckVolume()
    DEBUG: Min ducking value for MUSIC streams: 0.85
DEBUG: END GSoundProcessor::findLowestDuckVolume()
    DEBUG: MUSIC ducking volume: 0.85
DEBUG: BEGIN: AltsoundProcessorBase::setVolume()
    INFO: Setting volume for stream 2147483659
    DEBUG: SAMPLE_VOL:0.76  GLOBAL_VOL:1.00  MASTER_VOL:1.00
    INFO: SUCCESS BASS_ChannelSetAttribute(BASS_ATTRIB_VOL)
DEBUG: END: AltsoundProcessorBase::setVolume()
    DEBUG: MUSIC stream 2147483659 gain:  0.90  group_vol:  1.00 ducked_vol:  0.85
DEBUG: BEGIN GSoundProcessor::findLowestDuckVolume()
    DEBUG: SFX duck_vol_map is empty()
DEBUG: END GSoundProcessor::findLowestDuckVolume()
    DEBUG: SFX ducking volume: 1.00
DEBUG: BEGIN: AltsoundProcessorBase::setVolume()
    INFO: Setting volume for stream 2147483685
    DEBUG: SAMPLE_VOL:0.34  GLOBAL_VOL:1.00  MASTER_VOL:1.00
    INFO: SUCCESS BASS_ChannelSetAttribute(BASS_ATTRIB_VOL)
DEBUG: END: AltsoundProcessorBase::setVolume()
    DEBUG: SFX stream 2147483685 gain:  0.40  group_vol:  0.85 ducked_vol:  1.00
    INFO: Num active streams: 3
DEBUG: END GSoundProcessor::adjustStreamVolumes()
DEBUG: BEGIN GSoundProcessor::processPausedStreams()
DEBUG: BEGIN GSoundProcessor::tryResumeStream()
DEBUG: END GSoundProcessor::tryResumeStream()
DEBUG: BEGIN GSoundProcessor::tryResumeStream()
DEBUG: END GSoundProcessor::tryResumeStream()
DEBUG: BEGIN GSoundProcessor::tryResumeStream()
DEBUG: END GSoundProcessor::tryResumeStream()
DEBUG: END GSoundProcessor::processPausedStreams()
    INFO: SFX stream(2147483679) finished on ch(02)
DEBUG: END GSoundProcessor::common_callback()
DEBUG: BEGIN AltsoundProcessCommand()
DEBUG: Master Volume (Post Attenuation): 1.00
DEBUG: BEGIN altsound_preprocess_commands()
DEBUG: MAME_GEN: 0x0000000004000
DEBUG: Hardware Generation: DEDMD16, DEDMD32, DEDMD64, DE
DEBUG: END altsound_preprocess_commands()
DEBUG: Command complete. Processing...
    DEBUG: BEGIN GSoundProcessor::handleCmd()
        DEBUG: Acquiring mutex
        DEBUG: BEGIN GSoundProcessor::getSample()
        INFO: Found 1 sample(s) for ID: 007C
        INFO: Sample: gnr_300/0x007c-setup_button.ogg
        DEBUG: END GSoundProcessor::getSample()
        DEBUG: BEGIN GSoundProcessor::processStream()
            DEBUG: BEGIN AltsoundProcessorBase::createStream()
                INFO: BEGIN: AltsoundProcessorBase::findFreeChannel()
                    INFO: Found free channel: 01
                DEBUG: END: AltsoundProcessorBase::findFreeChannel()
                INFO: Successfully created stream(2147483689) on channel(01)
            DEBUG: END: AltsoundProcessorBase::createStream()
        DEBUG: BEGIN: GSoundProcessor::processBehaviors()
            DEBUG: Processing SFX behaviors on OVERLAY streams
            DEBUG: Processing SFX behaviors on SOLO streams
            DEBUG: Processing SFX behaviors on SFX streams
            DEBUG: Processing SFX behaviors on CALLOUT streams
            DEBUG: Processing SFX behaviors on MUSIC streams
        DEBUG: BEGIN GSoundProcessor::printBehaviorData()
        DEBUG: Printing duck_vol_map:
        DEBUG: Stream Type: OVERLAY
        DEBUG: Stream Type: SOLO
        DEBUG: Stream Type: SFX
        DEBUG: Stream Type: CALLOUT
        DEBUG: Stream Type: MUSIC
        DEBUG: Stream ID: 2147483689, Duck Volume: 0.850000
        DEBUG: Stream ID: 2147483687, Duck Volume: 0.850000
        DEBUG: Stream ID: 2147483685, Duck Volume: 0.850000
        DEBUG: Printing paused_status_map:
        DEBUG: Stream Type: OVERLAY
        DEBUG: Stream Type: SOLO
        DEBUG: Stream Type: SFX
        DEBUG: Stream Type: CALLOUT
        DEBUG: Stream Type: MUSIC
        DEBUG: END GSoundProcessor::printBehaviorData()
        DEBUG: END GSoundProcessor::processBehaviors()
        DEBUG: END GSoundProcessor::processStream()
        INFO: BEGIN GSoundProcessor::adjustStreamVolumes()
        DEBUG: BEGIN GSoundProcessor::findLowestDuckVolume()
            DEBUG: SFX duck_vol_map is empty()
        DEBUG: END GSoundProcessor::findLowestDuckVolume()
            DEBUG: SFX ducking volume: 1.00
        DEBUG: BEGIN: AltsoundProcessorBase::setVolume()
            INFO: Setting volume for stream 2147483687
            DEBUG: SAMPLE_VOL:0.34  GLOBAL_VOL:1.00  MASTER_VOL:1.00
            INFO: SUCCESS BASS_ChannelSetAttribute(BASS_ATTRIB_VOL)
        DEBUG: END: AltsoundProcessorBase::setVolume()
            DEBUG: SFX stream 2147483687 gain:  0.40  group_vol:  0.85 ducked_vol:  1.00
        DEBUG: BEGIN GSoundProcessor::findLowestDuckVolume()
            DEBUG: SFX duck_vol_map is empty()
        DEBUG: END GSoundProcessor::findLowestDuckVolume()
            DEBUG: SFX ducking volume: 1.00
        DEBUG: BEGIN: AltsoundProcessorBase::setVolume()
            INFO: Setting volume for stream 2147483689
            DEBUG: SAMPLE_VOL:0.34  GLOBAL_VOL:1.00  MASTER_VOL:1.00
            INFO: SUCCESS BASS_ChannelSetAttribute(BASS_ATTRIB_VOL)
        DEBUG: END: AltsoundProcessorBase::setVolume()
            DEBUG: SFX stream 2147483689 gain:  0.40  group_vol:  0.85 ducked_vol:  1.00
        DEBUG: BEGIN GSoundProcessor::findLowestDuckVolume()
            DEBUG: Min ducking value for MUSIC streams: 0.85
        DEBUG: END GSoundProcessor::findLowestDuckVolume()
            DEBUG: MUSIC ducking volume: 0.85
        DEBUG: BEGIN: AltsoundProcessorBase::setVolume()
            INFO: Setting volume for stream 2147483659
            DEBUG: SAMPLE_VOL:0.76  GLOBAL_VOL:1.00  MASTER_VOL:1.00
            INFO: SUCCESS BASS_ChannelSetAttribute(BASS_ATTRIB_VOL)
        DEBUG: END: AltsoundProcessorBase::setVolume()
            DEBUG: MUSIC stream 2147483659 gain:  0.90  group_vol:  1.00 ducked_vol:  0.85
        DEBUG: BEGIN GSoundProcessor::findLowestDuckVolume()
            DEBUG: SFX duck_vol_map is empty()
        DEBUG: END GSoundProcessor::findLowestDuckVolume()
            DEBUG: SFX ducking volume: 1.00
        DEBUG: BEGIN: AltsoundProcessorBase::setVolume()
            INFO: Setting volume for stream 2147483685
            DEBUG: SAMPLE_VOL:0.34  GLOBAL_VOL:1.00  MASTER_VOL:1.00
            INFO: SUCCESS BASS_ChannelSetAttribute(BASS_ATTRIB_VOL)
        DEBUG: END: AltsoundProcessorBase::setVolume()
            DEBUG: SFX stream 2147483685 gain:  0.40  group_vol:  0.85 ducked_vol:  1.00
            INFO: Num active streams: 4
        DEBUG: END GSoundProcessor::adjustStreamVolumes()
        INFO: Playing SFX stream: gnr_300/0x007c-setup_button.ogg
        DEBUG: HSTREAM(2147483689)  CH(01)  CMD(007C)  SAMPLE(gnr_300/0x007c-setup_button.ogg)
            INFO: SUCCESS SFX stream playback
    DEBUG: END GSoundProcessor::handleCmd()
INFO: SUCCESS processor::handleCmd()
DEBUG: BEGIN altsound_postprocess_commands()
DEBUG: MAME_GEN: 0x0000000004000
DEBUG: END postprocess_commands()
DEBUG: END AltsoundProcessCommand()
DEBUG: 
DEBUG: BEGIN AltsoundProcessCommand()
DEBUG: Master Volume (Post Attenuation): 1.00
DEBUG: BEGIN altsound_preprocess_commands()
DEBUG: MAME_GEN: 0x0000000004000
DEBUG: Hardware Generation: DEDMD16, DEDMD32, DEDMD64, DE
DEBUG: END altsound_preprocess_commands()
DEBUG: Command complete. Processing...
    DEBUG: BEGIN GSoundProcessor::handleCmd()
        DEBUG: Acquiring mutex
        DEBUG: BEGIN GSoundProcessor::getSample()
        INFO: Found 1 sample(s) for ID: 007D
        INFO: Sample: gnr_300/0x007d-setup_validation.ogg
        DEBUG: END GSoundProcessor::getSample()
        DEBUG: BEGIN GSoundProcessor::processStream()
            DEBUG: BEGIN AltsoundProcessorBase::createStream()
                INFO: BEGIN: AltsoundProcessorBase::findFreeChannel()
                    INFO: Found free channel: 02
                DEBUG: END: AltsoundProcessorBase::findFreeChannel()
                INFO: Successfully created stream(2147483691) on channel(02)
            DEBUG: END: AltsoundProcessorBase::createStream()
        DEBUG: BEGIN: GSoundProcessor::processBehaviors()
            DEBUG: Processing SFX behaviors on OVERLAY streams
            DEBUG: Processing SFX behaviors on SOLO streams
            DEBUG: Processing SFX behaviors on SFX streams
            DEBUG: Processing SFX behaviors on CALLOUT streams
            DEBUG: Processing SFX behaviors on MUSIC streams
        DEBUG: BEGIN GSoundProcessor::printBehaviorData()
        DEBUG: Printing duck_vol_map:
        DEBUG: Stream Type: OVERLAY
        DEBUG: Stream Type: SOLO
        DEBUG: Stream Type: SFX
        DEBUG: Stream Type: CALLOUT
        DEBUG: Stream Type: MUSIC
        DEBUG: Stream ID: 2147483691, Duck Volume: 0.850000
        DEBUG: Stream ID: 2147483689, Duck Volume: 0.850000
        DEBUG: Stream ID: 2147483687, Duck Volume: 0.850000
        DEBUG: Stream ID: 2147483685, Duck Volume: 0.850000
        DEBUG: Printing paused_status_map:
        DEBUG: Stream Type: OVERLAY
        DEBUG: Stream Type: SOLO
        DEBUG: Stream Type: SFX
        DEBUG: Stream Type: CALLOUT
        DEBUG: Stream Type: MUSIC
        DEBUG: END GSoundProcessor::printBehaviorData()
        DEBUG: END GSoundProcessor::processBehaviors()
        DEBUG: END GSoundProcessor::processStream()
        INFO: BEGIN GSoundProcessor::adjustStreamVolumes()
        DEBUG: BEGIN GSoundProcessor::findLowestDuckVolume()
            DEBUG: SFX duck_vol_map is empty()
        DEBUG: END GSoundProcessor::findLowestDuckVolume()
            DEBUG: SFX ducking volume: 1.00
        DEBUG: BEGIN: AltsoundProcessorBase::setVolume()
            INFO: Setting volume for stream 2147483687
            DEBUG: SAMPLE_VOL:0.34  GLOBAL_VOL:1.00  MASTER_VOL:1.00
            INFO: SUCCESS BASS_ChannelSetAttribute(BASS_ATTRIB_VOL)
        DEBUG: END: AltsoundProcessorBase::setVolume()
            DEBUG: SFX stream 2147483687 gain:  0.40  group_vol:  0.85 ducked_vol:  1.00
        DEBUG: BEGIN GSoundProcessor::findLowestDuckVolume()
            DEBUG: SFX duck_vol_map is empty()
        DEBUG: END GSoundProcessor::findLowestDuckVolume()
            DEBUG: SFX ducking volume: 1.00
        DEBUG: BEGIN: AltsoundProcessorBase::setVolume()
            INFO: Setting volume for stream 2147483689
            DEBUG: SAMPLE_VOL:0.34  GLOBAL_VOL:1.00  MASTER_VOL:1.00
            INFO: SUCCESS BASS_ChannelSetAttribute(BASS_ATTRIB_VOL)
        DEBUG: END: AltsoundProcessorBase::setVolume()
            DEBUG: SFX stream 2147483689 gain:  0.40  group_vol:  0.85 ducked_vol:  1.00
        DEBUG: BEGIN GSoundProcessor::findLowestDuckVolume()
            DEBUG: SFX duck_vol_map is empty()
        DEBUG: END GSoundProcessor::findLowestDuckVolume()
            DEBUG: SFX ducking volume: 1.00
        DEBUG: BEGIN: AltsoundProcessorBase::setVolume()
            INFO: Setting volume for stream 2147483691
            DEBUG: SAMPLE_VOL:0.34  GLOBAL_VOL:1.00  MASTER_VOL:1.00
            INFO: SUCCESS BASS_ChannelSetAttribute(BASS_ATTRIB_VOL)
        DEBUG: END: AltsoundProcessorBase::setVolume()
            DEBUG: SFX stream 2147483691 gain:  0.40  group_vol:  0.85 ducked_vol:  1.00
        DEBUG: BEGIN GSoundProcessor::findLowestDuckVolume()
            DEBUG: Min ducking value for MUSIC streams: 0.85
        DEBUG: END GSoundProcessor::findLowestDuckVolume()
            DEBUG: MUSIC ducking volume: 0.85
        DEBUG: BEGIN: AltsoundProcessorBase::setVolume()
            INFO: Setting volume for stream 2147483659
            DEBUG: SAMPLE_VOL:0.76  GLOBAL_VOL:1.00  MASTER_VOL:1.00
            INFO: SUCCESS BASS_ChannelSetAttribute(BASS_ATTRIB_VOL)
        DEBUG: END: AltsoundProcessorBase::setVolume()
            DEBUG: MUSIC stream 2147483659 gain:  0.90  group_vol:  1.00 ducked_vol:  0.85
        DEBUG: BEGIN GSoundProcessor::findLowestDuckVolume()
            DEBUG: SFX duck_vol_map is empty()
        DEBUG: END GSoundProcessor::findLowestDuckVolume()
            DEBUG: SFX ducking volume: 1.00
        DEBUG: BEGIN: AltsoundProcessorBase::setVolume()
            INFO: Setting volume for stream 2147483685
            DEBUG: SAMPLE_VOL:0.34  GLOBAL_VOL:1.00  MASTER_VOL:1.00
            INFO: SUCCESS BASS_ChannelSetAttribute(BASS_ATTRIB_VOL)
        DEBUG: END: AltsoundProcessorBase::setVolume()
            DEBUG: SFX stream 2147483685 gain:  0.40  group_vol:  0.85 ducked_vol:  1.00
            INFO: Num active streams: 5
        DEBUG: END GSoundProcessor::adjustStreamVolumes()
        INFO: Playing SFX stream: gnr_300/0x007d-setup_validation.ogg
        DEBUG: HSTREAM(2147483691)  CH(02)  CMD(007D)  SAMPLE(gnr_300/0x007d-setup_validation.ogg)
            INFO: SUCCESS SFX stream playback
    DEBUG: END GSoundProcessor::handleCmd()
INFO: SUCCESS processor::handleCmd()
DEBUG: BEGIN altsound_postprocess_commands()
DEBUG: MAME_GEN: 0x0000000004000
DEBUG: END postprocess_commands()
DEBUG: END AltsoundProcessCommand()
DEBUG: 
DEBUG: BEGIN AltsoundProcessCommand()
DEBUG: Master Volume (Post Attenuation): 1.00
DEBUG: BEGIN altsound_preprocess_commands()
DEBUG: MAME_GEN: 0x0000000004000
DEBUG: Hardware Generation: DEDMD16, DEDMD32, DEDMD64, DE
DEBUG: END altsound_preprocess_commands()
DEBUG: Command complete. Processing...
    DEBUG: BEGIN GSoundProcessor::handleCmd()
        DEBUG: Acquiring mutex
        DEBUG: BEGIN GSoundProcessor::getSample()
        INFO: Found 1 sample(s) for ID: 007B
        INFO: Sample: gnr_300/0x007b-push_button.ogg
        DEBUG: END GSoundProcessor::getSample()
        DEBUG: BEGIN GSoundProcessor::processStream()
            DEBUG: BEGIN AltsoundProcessorBase::createStream()
                INFO: BEGIN: AltsoundProcessorBase::findFreeChannel()
                    INFO: Found free channel: 04
                DEBUG: END: AltsoundProcessorBase::findFreeChannel()
                INFO: Successfully created stream(2147483693) on channel(04)
            DEBUG: END: AltsoundProcessorBase::createStream()
        DEBUG: BEGIN: GSoundProcessor::processBehaviors()
            DEBUG: Processing SFX behaviors on OVERLAY streams
            DEBUG: Processing SFX behaviors on SOLO streams
            DEBUG: Processing SFX behaviors on SFX streams
            DEBUG: Processing SFX behaviors on CALLOUT streams
            DEBUG: Processing SFX behaviors on MUSIC streams
        DEBUG: BEGIN GSoundProcessor::printBehaviorData()
        DEBUG: Printing duck_vol_map:
        DEBUG: Stream Type: OVERLAY
        DEBUG: Stream Type: SOLO
        DEBUG: Stream Type: SFX
        DEBUG: Stream Type: CALLOUT
        DEBUG: Stream Type: MUSIC
        DEBUG: Stream ID: 2147483693, Duck Volume: 0.850000
        DEBUG: Stream ID: 2147483691, Duck Volume: 0.850000
        DEBUG: Stream ID: 2147483689, Duck Volume: 0.850000
        DEBUG: Stream ID: 2147483687, Duck Volume: 0.850000
        DEBUG: Stream ID: 2147483685, Duck Volume: 0.850000
        DEBUG: Printing paused_status_map:
        DEBUG: Stream Type: OVERLAY
        DEBUG: Stream Type: SOLO
        DEBUG: Stream Type: SFX
        DEBUG: Stream Type: CALLOUT
        DEBUG: Stream Type: MUSIC
        DEBUG: END GSoundProcessor::printBehaviorData()
        DEBUG: END GSoundProcessor::processBehaviors()
        DEBUG: END GSoundProcessor::processStream()
        INFO: BEGIN GSoundProcessor::adjustStreamVolumes()
        DEBUG: BEGIN GSoundProcessor::findLowestDuckVolume()
            DEBUG: SFX duck_vol_map is empty()
        DEBUG: END GSoundProcessor::findLowestDuckVolume()
            DEBUG: SFX ducking volume: 1.00
        DEBUG: BEGIN: AltsoundProcessorBase::setVolume()
            INFO: Setting volume for stream 2147483687
            DEBUG: SAMPLE_VOL:0.34  GLOBAL_VOL:1.00  MASTER_VOL:1.00
            INFO: SUCCESS BASS_ChannelSetAttribute(BASS_ATTRIB_VOL)
        DEBUG: END: AltsoundProcessorBase::setVolume()
            DEBUG: SFX stream 2147483687 gain:  0.40  group_vol:  0.85 ducked_vol:  1.00
        DEBUG: BEGIN GSoundProcessor::findLowestDuckVolume()
            DEBUG: SFX duck_vol_map is empty()
        DEBUG: END GSoundProcessor::findLowestDuckVolume()
            DEBUG: SFX ducking volume: 1.00
        DEBUG: BEGIN: AltsoundProcessorBase::setVolume()
            INFO: Setting volume for stream 2147483689
            DEBUG: SAMPLE_VOL:0.34  GLOBAL_VOL:1.00  MASTER_VOL:1.00
            INFO: SUCCESS BASS_ChannelSetAttribute(BASS_ATTRIB_VOL)
        DEBUG: END: AltsoundProcessorBase::setVolume()
            DEBUG: SFX stream 2147483689 gain:  0.40  group_vol:  0.85 ducked_vol:  1.00
        DEBUG: BEGIN GSoundProcessor::findLowestDuckVolume()
            DEBUG: SFX duck_vol_map is empty()
        DEBUG: END GSoundProcessor::findLowestDuckVolume()
            DEBUG: SFX ducking volume: 1.00
        DEBUG: BEGIN: AltsoundProcessorBase::setVolume()
            INFO: Setting volume for stream 2147483691
            DEBUG: SAMPLE_VOL:0.34  GLOBAL_VOL:1.00  MASTER_VOL:1.00
            INFO: SUCCESS BASS_ChannelSetAttribute(BASS_ATTRIB_VOL)
        DEBUG: END: AltsoundProcessorBase::setVolume()
            DEBUG: SFX stream 2147483691 gain:  0.40  group_vol:  0.85 ducked_vol:  1.00
        DEBUG: BEGIN GSoundProcessor::findLowestDuckVolume()
            DEBUG: Min ducking value for MUSIC streams: 0.85
        DEBUG: END GSoundProcessor::findLowestDuckVolume()
            DEBUG: MUSIC ducking volume: 0.85
        DEBUG: BEGIN: AltsoundProcessorBase::setVolume()
            INFO: Setting volume for stream 2147483659
            DEBUG: SAMPLE_VOL:0.76  GLOBAL_VOL:1.00  MASTER_VOL:1.00
            INFO: SUCCESS BASS_ChannelSetAttribute(BASS_ATTRIB_VOL)
        DEBUG: END: AltsoundProcessorBase::setVolume()
            DEBUG: MUSIC stream 2147483659 gain:  0.90  group_vol:  1.00 ducked_vol:  0.85
        DEBUG: BEGIN GSoundProcessor::findLowestDuckVolume()
            DEBUG: SFX duck_vol_map is empty()
        DEBUG: END GSoundProcessor::findLowestDuckVolume()
            DEBUG: SFX ducking volume: 1.00
        DEBUG: BEGIN: AltsoundProcessorBase::setVolume()
            INFO: Setting volume for stream 2147483693
            DEBUG: SAMPLE_VOL:0.34  GLOBAL_VOL:1.00  MASTER_VOL:1.00
            INFO: SUCCESS BASS_ChannelSetAttribute(BASS_ATTRIB_VOL)
        DEBUG: END: AltsoundProcessorBase::setVolume()
            DEBUG: SFX stream 2147483693 gain:  0.40  group_vol:  0.85 ducked_vol:  1.00
        DEBUG: BEGIN GSoundProcessor::findLowestDuckVolume()
            DEBUG: SFX duck_vol_map is empty()
        DEBUG: END GSoundProcessor::findLowestDuckVolume()
            DEBUG: SFX ducking volume: 1.00
        DEBUG: BEGIN: AltsoundProcessorBase::setVolume()
            INFO: Setting volume for stream 2147483685
            DEBUG: SAMPLE_VOL:0.34  GLOBAL_VOL:1.00  MASTER_VOL:1.00
            INFO: SUCCESS BASS_ChannelSetAttribute(BASS_ATTRIB_VOL)
        DEBUG: END: AltsoundProcessorBase::setVolume()
            DEBUG: SFX stream 2147483685 gain:  0.40  group_vol:  0.85 ducked_vol:  1.00
            INFO: Num active streams: 6
        DEBUG: END GSoundProcessor::adjustStreamVolumes()
        INFO: Playing SFX stream: gnr_300/0x007b-push_button.ogg
        DEBUG: HSTREAM(2147483693)  CH(04)  CMD(007B)  SAMPLE(gnr_300/0x007b-push_button.ogg)
            INFO: SUCCESS SFX stream playback
    DEBUG: END GSoundProcessor::handleCmd()
INFO: SUCCESS processor::handleCmd()
DEBUG: BEGIN altsound_postprocess_commands()
DEBUG: MAME_GEN: 0x0000000004000
DEBUG: END postprocess_commands()
DEBUG: END AltsoundProcessCommand()
DEBUG: 
DEBUG: BEGIN AltsoundProcessCommand()
DEBUG: Master Volume (Post Attenuation): 1.00
DEBUG: BEGIN altsound_preprocess_commands()
DEBUG: MAME_GEN: 0x0000000004000
DEBUG: Hardware Generation: DEDMD16, DEDMD32, DEDMD64, DE
DEBUG: END altsound_preprocess_commands()
DEBUG: Command complete. Processing...
    DEBUG: BEGIN GSoundProcessor::handleCmd()
        DEBUG: Acquiring mutex
        DEBUG: BEGIN GSoundProcessor::getSample()
        INFO: Found 1 sample(s) for ID: 007C
        INFO: Sample: gnr_300/0x007c-setup_button.ogg
        DEBUG: END GSoundProcessor::getSample()
        DEBUG: BEGIN GSoundProcessor::processStream()
            DEBUG: BEGIN AltsoundProcessorBase::createStream()
                INFO: BEGIN: AltsoundProcessorBase::findFreeChannel()
                    INFO: Found free channel: 05
                DEBUG: END: AltsoundProcessorBase::findFreeChannel()
                INFO: Successfully created stream(2147483695) on channel(05)
            DEBUG: END: AltsoundProcessorBase::createStream()
        DEBUG: BEGIN: GSoundProcessor::processBehaviors()
            DEBUG: Processing SFX behaviors on OVERLAY streams
            DEBUG: Processing SFX behaviors on SOLO streams
            DEBUG: Processing SFX behaviors on SFX streams
            DEBUG: Processing SFX behaviors on CALLOUT streams
            DEBUG: Processing SFX behaviors on MUSIC streams
        DEBUG: BEGIN GSoundProcessor::printBehaviorData()
        DEBUG: Printing duck_vol_map:
        DEBUG: Stream Type: OVERLAY
        DEBUG: Stream Type: SOLO
        DEBUG: Stream Type: SFX
        DEBUG: Stream Type: CALLOUT
        DEBUG: Stream Type: MUSIC
        DEBUG: Stream ID: 2147483695, Duck Volume: 0.850000
        DEBUG: Stream ID: 2147483693, Duck Volume: 0.850000
        DEBUG: Stream ID: 2147483691, Duck Volume: 0.850000
        DEBUG: Stream ID: 2147483689, Duck Volume: 0.850000
        DEBUG: Stream ID: 2147483687, Duck Volume: 0.850000
        DEBUG: Stream ID: 2147483685, Duck Volume: 0.850000
        DEBUG: Printing paused_status_map:
        DEBUG: Stream Type: OVERLAY
        DEBUG: Stream Type: SOLO
        DEBUG: Stream Type: SFX
        DEBUG: Stream Type: CALLOUT
        DEBUG: Stream Type: MUSIC
        DEBUG: END GSoundProcessor::printBehaviorData()
        DEBUG: END GSoundProcessor::processBehaviors()
        DEBUG: END GSoundProcessor::processStream()
        INFO: BEGIN GSoundProcessor::adjustStreamVolumes()
        DEBUG: BEGIN GSoundProcessor::findLowestDuckVolume()
            DEBUG: SFX duck_vol_map is empty()
        DEBUG: END GSoundProcessor::findLowestDuckVolume()
            DEBUG: SFX ducking volume: 1.00
        DEBUG: BEGIN: AltsoundProcessorBase::setVolume()
            INFO: Setting volume for stream 2147483687
            DEBUG: SAMPLE_VOL:0.34  GLOBAL_VOL:1.00  MASTER_VOL:1.00
            INFO: SUCCESS BASS_ChannelSetAttribute(BASS_ATTRIB_VOL)
        DEBUG: END: AltsoundProcessorBase::setVolume()
            DEBUG: SFX stream 2147483687 gain:  0.40  group_vol:  0.85 ducked_vol:  1.00
        DEBUG: BEGIN GSoundProcessor::findLowestDuckVolume()
            DEBUG: SFX duck_vol_map is empty()
        DEBUG: END GSoundProcessor::findLowestDuckVolume()
            DEBUG: SFX ducking volume: 1.00
        DEBUG: BEGIN: AltsoundProcessorBase::setVolume()
            INFO: Setting volume for stream 2147483689
            DEBUG: SAMPLE_VOL:0.34  GLOBAL_VOL:1.00  MASTER_VOL:1.00
            INFO: SUCCESS BASS_ChannelSetAttribute(BASS_ATTRIB_VOL)
        DEBUG: END: AltsoundProcessorBase::setVolume()
            DEBUG: SFX stream 2147483689 gain:  0.40  group_vol:  0.85 ducked_vol:  1.00
        DEBUG: BEGIN GSoundProcessor::findLowestDuckVolume()
            DEBUG: SFX duck_vol_map is empty()
        DEBUG: END GSoundProcessor::findLowestDuckVolume()
            DEBUG: SFX ducking volume: 1.00
        DEBUG: BEGIN: AltsoundProcessorBase::setVolume()
            INFO: Setting volume for stream 2147483691
            DEBUG: SAMPLE_VOL:0.34  GLOBAL_VOL:1.00  MASTER_VOL:1.00
            INFO: SUCCESS BASS_ChannelSetAttribute(BASS_ATTRIB_VOL)
        DEBUG: END: AltsoundProcessorBase::setVolume()
            DEBUG: SFX stream 2147483691 gain:  0.40  group_vol:  0.85 ducked_vol:  1.00
        DEBUG: BEGIN GSoundProcessor::findLowestDuckVolume()
            DEBUG: Min ducking value for MUSIC streams: 0.85
        DEBUG: END GSoundProcessor::findLowestDuckVolume()
            DEBUG: MUSIC ducking volume: 0.85
        DEBUG: BEGIN: AltsoundProcessorBase::setVolume()
            INFO: Setting volume for stream 2147483659
            DEBUG: SAMPLE_VOL:0.76  GLOBAL_VOL:1.00  MASTER_VOL:1.00
            INFO: SUCCESS BASS_ChannelSetAttribute(BASS_ATTRIB_VOL)
        DEBUG: END: AltsoundProcessorBase::setVolume()
            DEBUG: MUSIC stream 2147483659 gain:  0.90  group_vol:  1.00 ducked_vol:  0.85
        DEBUG: BEGIN GSoundProcessor::findLowestDuckVolume()
            DEBUG: SFX duck_vol_map is empty()
        DEBUG: END GSoundProcessor::findLowestDuckVolume()
            DEBUG: SFX ducking volume: 1.00
        DEBUG: BEGIN: AltsoundProcessorBase::setVolume()
            INFO: Setting volume for stream 2147483693
            DEBUG: SAMPLE_VOL:0.34  GLOBAL_VOL:1.00  MASTER_VOL:1.00
            INFO: SUCCESS BASS_ChannelSetAttribute(BASS_ATTRIB_VOL)
        DEBUG: END: AltsoundProcessorBase::setVolume()
            DEBUG: SFX stream 2147483693 gain:  0.40  group_vol:  0.85 ducked_vol:  1.00
        DEBUG: BEGIN GSoundProcessor::findLowestDuckVolume()
            DEBUG: SFX duck_vol_map is empty()
        DEBUG: END GSoundProcessor::findLowestDuckVolume()
            DEBUG: SFX ducking volume: 1.00
        DEBUG: BEGIN: AltsoundProcessorBase::setVolume()
            INFO: Setting volume for stream 2147483695
            DEBUG: SAMPLE_VOL:0.34  GLOBAL_VOL:1.00  MASTER_VOL:1.00
            INFO: SUCCESS BASS_ChannelSetAttribute(BASS_ATTRIB_VOL)
        DEBUG: END: AltsoundProcessorBase::setVolume()
            DEBUG: SFX stream 2147483695 gain:  0.40  group_vol:  0.85 ducked_vol:  1.00
        DEBUG: BEGIN GSoundProcessor::findLowestDuckVolume()
            DEBUG: SFX duck_vol_map is empty()
        DEBUG: END GSoundProcessor::findLowestDuckVolume()
            DEBUG: SFX ducking volume: 1.00
        DEBUG: BEGIN: AltsoundProcessorBase::setVolume()
            INFO: Setting volume for stream 2147483685
            DEBUG: SAMPLE_VOL:0.34  GLOBAL_VOL:1.00  MASTER_VOL:1.00
            INFO: SUCCESS BASS_ChannelSetAttribute(BASS_ATTRIB_VOL)
        DEBUG: END: AltsoundProcessorBase::setVolume()
            DEBUG: SFX stream 2147483685 gain:  0.40  group_vol:  0.85 ducked_vol:  1.00
            INFO: Num active streams: 7
        DEBUG: END GSoundProcessor::adjustStreamVolumes()
        INFO: Playing SFX stream: gnr_300/0x007c-setup_button.ogg
        DEBUG: HSTREAM(2147483695)  CH(05)  CMD(007C)  SAMPLE(gnr_300/0x007c-setup_button.ogg)
            INFO: SUCCESS SFX stream playback
    DEBUG: END GSoundProcessor::handleCmd()
INFO: SUCCESS processor::handleCmd()
DEBUG: BEGIN altsound_postprocess_commands()
DEBUG: MAME_GEN: 0x0000000004000
DEBUG: END postprocess_commands()
DEBUG: END AltsoundProcessCommand()
DEBUG: 
DEBUG: 
BEGIN: GSoundProcessor::common_callback()
    INFO: HSYNC: 2147483686  HSTREAM: 2147483685
    DEBUG: Acquiring mutex
DEBUG: BEGIN: GSoundProcessor::postProcessBehaviors()
    DEBUG: Post-processing SFX behaviors on OVERLAY streams
    DEBUG: Post-processing SFX ducking impact on OVERLAY streams
    DEBUG: Post-processing SFX behaviors on SOLO streams
    DEBUG: Post-processing SFX ducking impact on SOLO streams
    DEBUG: Post-processing SFX behaviors on SFX streams
    DEBUG: Post-processing SFX ducking impact on SFX streams
    DEBUG: Post-processing SFX behaviors on CALLOUT streams
    DEBUG: Post-processing SFX ducking impact on CALLOUT streams
    DEBUG: Post-processing SFX behaviors on MUSIC streams
    DEBUG: Post-processing SFX ducking impact on MUSIC streams
    DEBUG: Erasing ducking impact from SFX stream: 2147483685
DEBUG: BEGIN GSoundProcessor::printBehaviorData()
DEBUG: Printing duck_vol_map:
DEBUG: Stream Type: OVERLAY
DEBUG: Stream Type: SOLO
DEBUG: Stream Type: SFX
DEBUG: Stream Type: CALLOUT
DEBUG: Stream Type: MUSIC
DEBUG: Stream ID: 2147483695, Duck Volume: 0.850000
DEBUG: Stream ID: 2147483693, Duck Volume: 0.850000
DEBUG: Stream ID: 2147483691, Duck Volume: 0.850000
DEBUG: Stream ID: 2147483689, Duck Volume: 0.850000
DEBUG: Stream ID: 2147483687, Duck Volume: 0.850000
DEBUG: Printing paused_status_map:
DEBUG: Stream Type: OVERLAY
DEBUG: Stream Type: SOLO
DEBUG: Stream Type: SFX
DEBUG: Stream Type: CALLOUT
DEBUG: Stream Type: MUSIC
DEBUG: END GSoundProcessor::printBehaviorData()
DEBUG: END GSoundProcessor::postProcessBehaviors()
    INFO: BEGIN AltsoundProcessorBase::freeStream()
        INFO: Successfully free'd stream(2147483685)
    DEBUG: END AltsoundProcessorBase::freeStream()
INFO: BEGIN GSoundProcessor::adjustStreamVolumes()
DEBUG: BEGIN GSoundProcessor::findLowestDuckVolume()
    DEBUG: SFX duck_vol_map is empty()
DEBUG: END GSoundProcessor::findLowestDuckVolume()
    DEBUG: SFX ducking volume: 1.00
DEBUG: BEGIN: AltsoundProcessorBase::setVolume()
    INFO: Setting volume for stream 2147483687
    DEBUG: SAMPLE_VOL:0.34  GLOBAL_VOL:1.00  MASTER_VOL:1.00
    INFO: SUCCESS BASS_ChannelSetAttribute(BASS_ATTRIB_VOL)
DEBUG: END: AltsoundProcessorBase::setVolume()
    DEBUG: SFX stream 2147483687 gain:  0.40  group_vol:  0.85 ducked_vol:  1.00
DEBUG: BEGIN GSoundProcessor::findLowestDuckVolume()
    DEBUG: SFX duck_vol_map is empty()
DEBUG: END GSoundProcessor::findLowestDuckVolume()
    DEBUG: SFX ducking volume: 1.00
DEBUG: BEGIN: AltsoundProcessorBase::setVolume()
    INFO: Setting volume for stream 2147483689
    DEBUG: SAMPLE_VOL:0.34  GLOBAL_VOL:1.00  MASTER_VOL:1.00
    INFO: SUCCESS BASS_ChannelSetAttribute(BASS_ATTRIB_VOL)
DEBUG: END: AltsoundProcessorBase::setVolume()
    DEBUG: SFX stream 2147483689 gain:  0.40  group_vol:  0.85 ducked_vol:  1.00
DEBUG: BEGIN GSoundProcessor::findLowestDuckVolume()
    DEBUG: SFX duck_vol_map is empty()
DEBUG: END GSoundProcessor::findLowestDuckVolume()
    DEBUG: SFX ducking volume: 1.00
DEBUG: BEGIN: AltsoundProcessorBase::setVolume()
    INFO: Setting volume for stream 2147483691
    DEBUG: SAMPLE_VOL:0.34  GLOBAL_VOL:1.00  MASTER_VOL:1.00
    INFO: SUCCESS BASS_ChannelSetAttribute(BASS_ATTRIB_VOL)
DEBUG: END: AltsoundProcessorBase::setVolume()
    DEBUG: SFX stream 2147483691 gain:  0.40  group_vol:  0.85 ducked_vol:  1.00
DEBUG: BEGIN GSoundProcessor::findLowestDuckVolume()
    DEBUG: Min ducking value for MUSIC streams: 0.85
DEBUG: END GSoundProcessor::findLowestDuckVolume()
    DEBUG: MUSIC ducking volume: 0.85
DEBUG: BEGIN: AltsoundProcessorBase::setVolume()
    INFO: Setting volume for stream 2147483659
    DEBUG: SAMPLE_VOL:0.76  GLOBAL_VOL:1.00  MASTER_VOL:1.00
    INFO: SUCCESS BASS_ChannelSetAttribute(BASS_ATTRIB_VOL)
DEBUG: END: AltsoundProcessorBase::setVolume()
    DEBUG: MUSIC stream 2147483659 gain:  0.90  group_vol:  1.00 ducked_vol:  0.85
DEBUG: BEGIN GSoundProcessor::findLowestDuckVolume()
    DEBUG: SFX duck_vol_map is empty()
DEBUG: END GSoundProcessor::findLowestDuckVolume()
    DEBUG: SFX ducking volume: 1.00
DEBUG: BEGIN: AltsoundProcessorBase::setVolume()
    INFO: Setting volume for stream 2147483693
    DEBUG: SAMPLE_VOL:0.34  GLOBAL_VOL:1.00  MASTER_VOL:1.00
    INFO: SUCCESS BASS_ChannelSetAttribute(BASS_ATTRIB_VOL)
DEBUG: END: AltsoundProcessorBase::setVolume()
    DEBUG: SFX stream 2147483693 gain:  0.40  group_vol:  0.85 ducked_vol:  1.00
DEBUG: BEGIN GSoundProcessor::findLowestDuckVolume()
    DEBUG: SFX duck_vol_map is empty()
DEBUG: END GSoundProcessor::findLowestDuckVolume()
    DEBUG: SFX ducking volume: 1.00
DEBUG: BEGIN: AltsoundProcessorBase::setVolume()
    INFO: Setting volume for stream 2147483695
    DEBUG: SAMPLE_VOL:0.34  GLOBAL_VOL:1.00  MASTER_VOL:1.00
    INFO: SUCCESS BASS_ChannelSetAttribute(BASS_ATTRIB_VOL)
DEBUG: END: AltsoundProcessorBase::setVolume()
    DEBUG: SFX stream 2147483695 gain:  0.40  group_vol:  0.85 ducked_vol:  1.00
    INFO: Num active streams: 6
DEBUG: END GSoundProcessor::adjustStreamVolumes()
DEBUG: BEGIN GSoundProcessor::processPausedStreams()
DEBUG: BEGIN GSoundProcessor::tryResumeStream()
DEBUG: END GSoundProcessor::tryResumeStream()
DEBUG: BEGIN GSoundProcessor::tryResumeStream()
DEBUG: END GSoundProcessor::tryResumeStream()
DEBUG: BEGIN GSoundProcessor::tryResumeStream()
DEBUG: END GSoundProcessor::tryResumeStream()
DEBUG: BEGIN GSoundProcessor::tryResumeStream()
DEBUG: END GSoundProcessor::tryResumeStream()
DEBUG: BEGIN GSoundProcessor::tryResumeStream()
DEBUG: END GSoundProcessor::tryResumeStream()
DEBUG: BEGIN GSoundProcessor::tryResumeStream()
DEBUG: END GSoundProcessor::tryResumeStream()
DEBUG: END GSoundProcessor::processPausedStreams()
    INFO: SFX stream(2147483685) finished on ch(07)
DEBUG: END GSoundProcessor::common_callback()
DEBUG: BEGIN AltsoundProcessCommand()
DEBUG: Master Volume (Post Attenuation): 1.00
DEBUG: BEGIN altsound_preprocess_commands()
DEBUG: MAME_GEN: 0x0000000004000
DEBUG: Hardware Generation: DEDMD16, DEDMD32, DEDMD64, DE
DEBUG: END altsound_preprocess_commands()
DEBUG: Command complete. Processing...
    DEBUG: BEGIN GSoundProcessor::handleCmd()
        DEBUG: Acquiring mutex
        DEBUG: BEGIN GSoundProcessor::getSample()
        INFO: Found 1 sample(s) for ID: 007D
        INFO: Sample: gnr_300/0x007d-setup_validation.ogg
        DEBUG: END GSoundProcessor::getSample()
        DEBUG: BEGIN GSoundProcessor::processStream()
            DEBUG: BEGIN AltsoundProcessorBase::createStream()
                INFO: BEGIN: AltsoundProcessorBase::findFreeChannel()
                    INFO: Found free channel: 06
                DEBUG: END: AltsoundProcessorBase::findFreeChannel()
                INFO: Successfully created stream(2147483697) on channel(06)
            DEBUG: END: AltsoundProcessorBase::createStream()
        DEBUG: BEGIN: GSoundProcessor::processBehaviors()
            DEBUG: Processing SFX behaviors on OVERLAY streams
            DEBUG: Processing SFX behaviors on SOLO streams
            DEBUG: Processing SFX behaviors on SFX streams
            DEBUG: Processing SFX behaviors on CALLOUT streams
            DEBUG: Processing SFX behaviors on MUSIC streams
        DEBUG: BEGIN GSoundProcessor::printBehaviorData()
        DEBUG: Printing duck_vol_map:
        DEBUG: Stream Type: OVERLAY
        DEBUG: Stream Type: SOLO
        DEBUG: Stream Type: SFX
        DEBUG: Stream Type: CALLOUT
        DEBUG: Stream Type: MUSIC
        DEBUG: Stream ID: 2147483697, Duck Volume: 0.850000
        DEBUG: Stream ID: 2147483695, Duck Volume: 0.850000
        DEBUG: Stream ID: 2147483693, Duck Volume: 0.850000
        DEBUG: Stream ID: 2147483691, Duck Volume: 0.850000
        DEBUG: Stream ID: 2147483689, Duck Volume: 0.850000
        DEBUG: Stream ID: 2147483687, Duck Volume: 0.850000
        DEBUG: Printing paused_status_map:
        DEBUG: Stream Type: OVERLAY
        DEBUG: Stream Type: SOLO
        DEBUG: Stream Type: SFX
        DEBUG: Stream Type: CALLOUT
        DEBUG: Stream Type: MUSIC
        DEBUG: END GSoundProcessor::printBehaviorData()
        DEBUG: END GSoundProcessor::processBehaviors()
        DEBUG: END GSoundProcessor::processStream()
        INFO: BEGIN GSoundProcessor::adjustStreamVolumes()
        DEBUG: BEGIN GSoundProcessor::findLowestDuckVolume()
            DEBUG: SFX duck_vol_map is empty()
        DEBUG: END GSoundProcessor::findLowestDuckVolume()
            DEBUG: SFX ducking volume: 1.00
        DEBUG: BEGIN: AltsoundProcessorBase::setVolume()
            INFO: Setting volume for stream 2147483687
            DEBUG: SAMPLE_VOL:0.34  GLOBAL_VOL:1.00  MASTER_VOL:1.00
            INFO: SUCCESS BASS_ChannelSetAttribute(BASS_ATTRIB_VOL)
        DEBUG: END: AltsoundProcessorBase::setVolume()
            DEBUG: SFX stream 2147483687 gain:  0.40  group_vol:  0.85 ducked_vol:  1.00
        DEBUG: BEGIN GSoundProcessor::findLowestDuckVolume()
            DEBUG: SFX duck_vol_map is empty()
        DEBUG: END GSoundProcessor::findLowestDuckVolume()
            DEBUG: SFX ducking volume: 1.00
        DEBUG: BEGIN: AltsoundProcessorBase::setVolume()
            INFO: Setting volume for stream 2147483689
            DEBUG: SAMPLE_VOL:0.34  GLOBAL_VOL:1.00  MASTER_VOL:1.00
            INFO: SUCCESS BASS_ChannelSetAttribute(BASS_ATTRIB_VOL)
        DEBUG: END: AltsoundProcessorBase::setVolume()
            DEBUG: SFX stream 2147483689 gain:  0.40  group_vol:  0.85 ducked_vol:  1.00
        DEBUG: BEGIN GSoundProcessor::findLowestDuckVolume()
            DEBUG: SFX duck_vol_map is empty()
        DEBUG: END GSoundProcessor::findLowestDuckVolume()
            DEBUG: SFX ducking volume: 1.00
        DEBUG: BEGIN: AltsoundProcessorBase::setVolume()
            INFO: Setting volume for stream 2147483691
            DEBUG: SAMPLE_VOL:0.34  GLOBAL_VOL:1.00  MASTER_VOL:1.00
            INFO: SUCCESS BASS_ChannelSetAttribute(BASS_ATTRIB_VOL)
        DEBUG: END: AltsoundProcessorBase::setVolume()
            DEBUG: SFX stream 2147483691 gain:  0.40  group_vol:  0.85 ducked_vol:  1.00
        DEBUG: BEGIN GSoundProcessor::findLowestDuckVolume()
            DEBUG: Min ducking value for MUSIC streams: 0.85
        DEBUG: END GSoundProcessor::findLowestDuckVolume()
            DEBUG: MUSIC ducking volume: 0.85
        DEBUG: BEGIN: AltsoundProcessorBase::setVolume()
            INFO: Setting volume for stream 2147483659
            DEBUG: SAMPLE_VOL:0.76  GLOBAL_VOL:1.00  MASTER_VOL:1.00
            INFO: SUCCESS BASS_ChannelSetAttribute(BASS_ATTRIB_VOL)
        DEBUG: END: AltsoundProcessorBase::setVolume()
            DEBUG: MUSIC stream 2147483659 gain:  0.90  group_vol:  1.00 ducked_vol:  0.85
        DEBUG: BEGIN GSoundProcessor::findLowestDuckVolume()
            DEBUG: SFX duck_vol_map is empty()
        DEBUG: END GSoundProcessor::findLowestDuckVolume()
            DEBUG: SFX ducking volume: 1.00
        DEBUG: BEGIN: AltsoundProcessorBase::setVolume()
            INFO: Setting volume for stream 2147483693
            DEBUG: SAMPLE_VOL:0.34  GLOBAL_VOL:1.00  MASTER_VOL:1.00
            INFO: SUCCESS BASS_ChannelSetAttribute(BASS_ATTRIB_VOL)
        DEBUG: END: AltsoundProcessorBase::setVolume()
            DEBUG: SFX stream 2147483693 gain:  0.40  group_vol:  0.85 ducked_vol:  1.00
        DEBUG: BEGIN GSoundProcessor::findLowestDuckVolume()
            DEBUG: SFX duck_vol_map is empty()
        DEBUG: END GSoundProcessor::findLowestDuckVolume()
            DEBUG: SFX ducking volume: 1.00
        DEBUG: BEGIN: AltsoundProcessorBase::setVolume()
            INFO: Setting volume for stream 2147483695
            DEBUG: SAMPLE_VOL:0.34  GLOBAL_VOL:1.00  MASTER_VOL:1.00
            INFO: SUCCESS BASS_ChannelSetAttribute(BASS_ATTRIB_VOL)
        DEBUG: END: AltsoundProcessorBase::setVolume()
            DEBUG: SFX stream 2147483695 gain:  0.40  group_vol:  0.85 ducked_vol:  1.00
        DEBUG: BEGIN GSoundProcessor::findLowestDuckVolume()
            DEBUG: SFX duck_vol_map is empty()
        DEBUG: END GSoundProcessor::findLowestDuckVolume()
            DEBUG: SFX ducking volume: 1.00
        DEBUG: BEGIN: AltsoundProcessorBase::setVolume()
            INFO: Setting volume for stream 2147483697
            DEBUG: SAMPLE_VOL:0.34  GLOBAL_VOL:1.00  MASTER_VOL:1.00
            INFO: SUCCESS BASS_ChannelSetAttribute(BASS_ATTRIB_VOL)
        DEBUG: END: AltsoundProcessorBase::setVolume()
            DEBUG: SFX stream 2147483697 gain:  0.40  group_vol:  0.85 ducked_vol:  1.00
            INFO: Num active streams: 7
        DEBUG: END GSoundProcessor::adjustStreamVolumes()
        INFO: Playing SFX stream: gnr_300/0x007d-setup_validation.ogg
        DEBUG: HSTREAM(2147483697)  CH(06)  CMD(007D)  SAMPLE(gnr_300/0x007d-setup_validation.ogg)
            INFO: SUCCESS SFX stream playback
    DEBUG: END GSoundProcessor::handleCmd()
INFO: SUCCESS processor::handleCmd()
DEBUG: BEGIN altsound_postprocess_commands()
DEBUG: MAME_GEN: 0x0000000004000
DEBUG: END postprocess_commands()
DEBUG: END AltsoundProcessCommand()
DEBUG: 
DEBUG: BEGIN AltsoundProcessCommand()
DEBUG: Master Volume (Post Attenuation): 1.00
DEBUG: BEGIN altsound_preprocess_commands()
DEBUG: MAME_GEN: 0x0000000004000
DEBUG: Hardware Generation: DEDMD16, DEDMD32, DEDMD64, DE
DEBUG: END altsound_preprocess_commands()
DEBUG: Command complete. Processing...
    DEBUG: BEGIN GSoundProcessor::handleCmd()
        DEBUG: Acquiring mutex
        DEBUG: BEGIN GSoundProcessor::getSample()
        INFO: Found 1 sample(s) for ID: 007B
        INFO: Sample: gnr_300/0x007b-push_button.ogg
        DEBUG: END GSoundProcessor::getSample()
        DEBUG: BEGIN GSoundProcessor::processStream()
            DEBUG: BEGIN AltsoundProcessorBase::createStream()
                INFO: BEGIN: AltsoundProcessorBase::findFreeChannel()
                    INFO: Found free channel: 07
                DEBUG: END: AltsoundProcessorBase::findFreeChannel()
                INFO: Successfully created stream(2147483699) on channel(07)
            DEBUG: END: AltsoundProcessorBase::createStream()
        DEBUG: BEGIN: GSoundProcessor::processBehaviors()
            DEBUG: Processing SFX behaviors on OVERLAY streams
            DEBUG: Processing SFX behaviors on SOLO streams
            DEBUG: Processing SFX behaviors on SFX streams
            DEBUG: Processing SFX behaviors on CALLOUT streams
            DEBUG: Processing SFX behaviors on MUSIC streams
        DEBUG: BEGIN GSoundProcessor::printBehaviorData()
        DEBUG: Printing duck_vol_map:
        DEBUG: Stream Type: OVERLAY
        DEBUG: Stream Type: SOLO
        DEBUG: Stream Type: SFX
        DEBUG: Stream Type: CALLOUT
        DEBUG: Stream Type: MUSIC
        DEBUG: Stream ID: 2147483699, Duck Volume: 0.850000
        DEBUG: Stream ID: 2147483697, Duck Volume: 0.850000
        DEBUG: Stream ID: 2147483695, Duck Volume: 0.850000
        DEBUG: Stream ID: 2147483693, Duck Volume: 0.850000
        DEBUG: Stream ID: 2147483691, Duck Volume: 0.850000
        DEBUG: Stream ID: 2147483689, Duck Volume: 0.850000
        DEBUG: Stream ID: 2147483687, Duck Volume: 0.850000
        DEBUG: Printing paused_status_map:
        DEBUG: Stream Type: OVERLAY
        DEBUG: Stream Type: SOLO
        DEBUG: Stream Type: SFX
        DEBUG: Stream Type: CALLOUT
        DEBUG: Stream Type: MUSIC
        DEBUG: END GSoundProcessor::printBehaviorData()
        DEBUG: END GSoundProcessor::processBehaviors()
        DEBUG: END GSoundProcessor::processStream()
        INFO: BEGIN GSoundProcessor::adjustStreamVolumes()
        DEBUG: BEGIN GSoundProcessor::findLowestDuckVolume()
            DEBUG: SFX duck_vol_map is empty()
        DEBUG: END GSoundProcessor::findLowestDuckVolume()
            DEBUG: SFX ducking volume: 1.00
        DEBUG: BEGIN: AltsoundProcessorBase::setVolume()
            INFO: Setting volume for stream 2147483687
            DEBUG: SAMPLE_VOL:0.34  GLOBAL_VOL:1.00  MASTER_VOL:1.00
            INFO: SUCCESS BASS_ChannelSetAttribute(BASS_ATTRIB_VOL)
        DEBUG: END: AltsoundProcessorBase::setVolume()
            DEBUG: SFX stream 2147483687 gain:  0.40  group_vol:  0.85 ducked_vol:  1.00
        DEBUG: BEGIN GSoundProcessor::findLowestDuckVolume()
            DEBUG: SFX duck_vol_map is empty()
        DEBUG: END GSoundProcessor::findLowestDuckVolume()
            DEBUG: SFX ducking volume: 1.00
        DEBUG: BEGIN: AltsoundProcessorBase::setVolume()
            INFO: Setting volume for stream 2147483689
            DEBUG: SAMPLE_VOL:0.34  GLOBAL_VOL:1.00  MASTER_VOL:1.00
            INFO: SUCCESS BASS_ChannelSetAttribute(BASS_ATTRIB_VOL)
        DEBUG: END: AltsoundProcessorBase::setVolume()
            DEBUG: SFX stream 2147483689 gain:  0.40  group_vol:  0.85 ducked_vol:  1.00
        DEBUG: BEGIN GSoundProcessor::findLowestDuckVolume()
            DEBUG: SFX duck_vol_map is empty()
        DEBUG: END GSoundProcessor::findLowestDuckVolume()
            DEBUG: SFX ducking volume: 1.00
        DEBUG: BEGIN: AltsoundProcessorBase::setVolume()
            INFO: Setting volume for stream 2147483691
            DEBUG: SAMPLE_VOL:0.34  GLOBAL_VOL:1.00  MASTER_VOL:1.00
            INFO: SUCCESS BASS_ChannelSetAttribute(BASS_ATTRIB_VOL)
        DEBUG: END: AltsoundProcessorBase::setVolume()
            DEBUG: SFX stream 2147483691 gain:  0.40  group_vol:  0.85 ducked_vol:  1.00
        DEBUG: BEGIN GSoundProcessor::findLowestDuckVolume()
            DEBUG: Min ducking value for MUSIC streams: 0.85
        DEBUG: END GSoundProcessor::findLowestDuckVolume()
            DEBUG: MUSIC ducking volume: 0.85
        DEBUG: BEGIN: AltsoundProcessorBase::setVolume()
            INFO: Setting volume for stream 2147483659
            DEBUG: SAMPLE_VOL:0.76  GLOBAL_VOL:1.00  MASTER_VOL:1.00
            INFO: SUCCESS BASS_ChannelSetAttribute(BASS_ATTRIB_VOL)
        DEBUG: END: AltsoundProcessorBase::setVolume()
            DEBUG: MUSIC stream 2147483659 gain:  0.90  group_vol:  1.00 ducked_vol:  0.85
        DEBUG: BEGIN GSoundProcessor::findLowestDuckVolume()
            DEBUG: SFX duck_vol_map is empty()
        DEBUG: END GSoundProcessor::findLowestDuckVolume()
            DEBUG: SFX ducking volume: 1.00
        DEBUG: BEGIN: AltsoundProcessorBase::setVolume()
            INFO: Setting volume for stream 2147483693
            DEBUG: SAMPLE_VOL:0.34  GLOBAL_VOL:1.00  MASTER_VOL:1.00
            INFO: SUCCESS BASS_ChannelSetAttribute(BASS_ATTRIB_VOL)
        DEBUG: END: AltsoundProcessorBase::setVolume()
            DEBUG: SFX stream 2147483693 gain:  0.40  group_vol:  0.85 ducked_vol:  1.00
        DEBUG: BEGIN GSoundProcessor::findLowestDuckVolume()
            DEBUG: SFX duck_vol_map is empty()
        DEBUG: END GSoundProcessor::findLowestDuckVolume()
            DEBUG: SFX ducking volume: 1.00
        DEBUG: BEGIN: AltsoundProcessorBase::setVolume()
            INFO: Setting volume for stream 2147483695
            DEBUG: SAMPLE_VOL:0.34  GLOBAL_VOL:1.00  MASTER_VOL:1.00
            INFO: SUCCESS BASS_ChannelSetAttribute(BASS_ATTRIB_VOL)
        DEBUG: END: AltsoundProcessorBase::setVolume()
            DEBUG: SFX stream 2147483695 gain:  0.40  group_vol:  0.85 ducked_vol:  1.00
        DEBUG: BEGIN GSoundProcessor::findLowestDuckVolume()
            DEBUG: SFX duck_vol_map is empty()
        DEBUG: END GSoundProcessor::findLowestDuckVolume()
            DEBUG: SFX ducking volume: 1.00
        DEBUG: BEGIN: AltsoundProcessorBase::setVolume()
            INFO: Setting volume for stream 2147483697
            DEBUG: SAMPLE_VOL:0.34  GLOBAL_VOL:1.00  MASTER_VOL:1.00
            INFO: SUCCESS BASS_ChannelSetAttribute(BASS_ATTRIB_VOL)
        DEBUG: END: AltsoundProcessorBase::setVolume()
            DEBUG: SFX stream 2147483697 gain:  0.40  group_vol:  0.85 ducked_vol:  1.00
        DEBUG: BEGIN GSoundProcessor::findLowestDuckVolume()
            DEBUG: SFX duck_vol_map is empty()
        DEBUG: END GSoundProcessor::findLowestDuckVolume()
            DEBUG: SFX ducking volume: 1.00
        DEBUG: BEGIN: AltsoundProcessorBase::setVolume()
            INFO: Setting volume for stream 2147483699
            DEBUG: SAMPLE_VOL:0.34  GLOBAL_VOL:1.00  MASTER_VOL:1.00
            INFO: SUCCESS BASS_ChannelSetAttribute(BASS_ATTRIB_VOL)
        DEBUG: END: AltsoundProcessorBase::setVolume()
            DEBUG: SFX stream 2147483699 gain:  0.40  group_vol:  0.85 ducked_vol:  1.00
            INFO: Num active streams: 8
        DEBUG: END GSoundProcessor::adjustStreamVolumes()
        INFO: Playing SFX stream: gnr_300/0x007b-push_button.ogg
        DEBUG: HSTREAM(2147483699)  CH(07)  CMD(007B)  SAMPLE(gnr_300/0x007b-push_button.ogg)
            INFO: SUCCESS SFX stream playback
    DEBUG: END GSoundProcessor::handleCmd()
INFO: SUCCESS processor::handleCmd()
DEBUG: BEGIN altsound_postprocess_commands()
DEBUG: MAME_GEN: 0x0000000004000
DEBUG: END postprocess_commands()
DEBUG: END AltsoundProcessCommand()
DEBUG: 
DEBUG: BEGIN AltsoundProcessCommand()
DEBUG: Master Volume (Post Attenuation): 1.00
DEBUG: BEGIN altsound_preprocess_commands()
DEBUG: MAME_GEN: 0x0000000004000
DEBUG: Hardware Generation: DEDMD16, DEDMD32, DEDMD64, DE
DEBUG: END altsound_preprocess_commands()
DEBUG: Command complete. Processing...
    DEBUG: BEGIN GSoundProcessor::handleCmd()
        DEBUG: Acquiring mutex
        DEBUG: BEGIN GSoundProcessor::getSample()
        INFO: Found 1 sample(s) for ID: 007C
        INFO: Sample: gnr_300/0x007c-setup_button.ogg
        DEBUG: END GSoundProcessor::getSample()
        DEBUG: BEGIN GSoundProcessor::processStream()
            DEBUG: BEGIN AltsoundProcessorBase::createStream()
                INFO: BEGIN: AltsoundProcessorBase::findFreeChannel()
                    INFO: Found free channel: 08
                DEBUG: END: AltsoundProcessorBase::findFreeChannel()
                INFO: Successfully created stream(2147483701) on channel(08)
            DEBUG: END: AltsoundProcessorBase::createStream()
        DEBUG: BEGIN: GSoundProcessor::processBehaviors()
            DEBUG: Processing SFX behaviors on OVERLAY streams
            DEBUG: Processing SFX behaviors on SOLO streams
            DEBUG: Processing SFX behaviors on SFX streams
            DEBUG: Processing SFX behaviors on CALLOUT streams
            DEBUG: Processing SFX behaviors on MUSIC streams
        DEBUG: BEGIN GSoundProcessor::printBehaviorData()
        DEBUG: Printing duck_vol_map:
        DEBUG: Stream Type: OVERLAY
        DEBUG: Stream Type: SOLO
        DEBUG: Stream Type: SFX
        DEBUG: Stream Type: CALLOUT
        DEBUG: Stream Type: MUSIC
        DEBUG: Stream ID: 2147483701, Duck Volume: 0.850000
        DEBUG: Stream ID: 2147483699, Duck Volume: 0.850000
        DEBUG: Stream ID: 2147483697, Duck Volume: 0.850000
        DEBUG: Stream ID: 2147483695, Duck Volume: 0.850000
        DEBUG: Stream ID: 2147483693, Duck Volume: 0.850000
        DEBUG: Stream ID: 2147483691, Duck Volume: 0.850000
        DEBUG: Stream ID: 2147483689, Duck Volume: 0.850000
        DEBUG: Stream ID: 2147483687, Duck Volume: 0.850000
        DEBUG: Printing paused_status_map:
        DEBUG: Stream Type: OVERLAY
        DEBUG: Stream Type: SOLO
        DEBUG: Stream Type: SFX
        DEBUG: Stream Type: CALLOUT
        DEBUG: Stream Type: MUSIC
        DEBUG: END GSoundProcessor::printBehaviorData()
        DEBUG: END GSoundProcessor::processBehaviors()
        DEBUG: END GSoundProcessor::processStream()
        INFO: BEGIN GSoundProcessor::adjustStreamVolumes()
        DEBUG: BEGIN GSoundProcessor::findLowestDuckVolume()
            DEBUG: SFX duck_vol_map is empty()
        DEBUG: END GSoundProcessor::findLowestDuckVolume()
            DEBUG: SFX ducking volume: 1.00
        DEBUG: BEGIN: AltsoundProcessorBase::setVolume()
            INFO: Setting volume for stream 2147483687
            DEBUG: SAMPLE_VOL:0.34  GLOBAL_VOL:1.00  MASTER_VOL:1.00
            INFO: SUCCESS BASS_ChannelSetAttribute(BASS_ATTRIB_VOL)
        DEBUG: END: AltsoundProcessorBase::setVolume()
            DEBUG: SFX stream 2147483687 gain:  0.40  group_vol:  0.85 ducked_vol:  1.00
        DEBUG: BEGIN GSoundProcessor::findLowestDuckVolume()
            DEBUG: SFX duck_vol_map is empty()
        DEBUG: END GSoundProcessor::findLowestDuckVolume()
            DEBUG: SFX ducking volume: 1.00
        DEBUG: BEGIN: AltsoundProcessorBase::setVolume()
            INFO: Setting volume for stream 2147483689
            DEBUG: SAMPLE_VOL:0.34  GLOBAL_VOL:1.00  MASTER_VOL:1.00
            INFO: SUCCESS BASS_ChannelSetAttribute(BASS_ATTRIB_VOL)
        DEBUG: END: AltsoundProcessorBase::setVolume()
            DEBUG: SFX stream 2147483689 gain:  0.40  group_vol:  0.85 ducked_vol:  1.00
        DEBUG: BEGIN GSoundProcessor::findLowestDuckVolume()
            DEBUG: SFX duck_vol_map is empty()
        DEBUG: END GSoundProcessor::findLowestDuckVolume()
            DEBUG: SFX ducking volume: 1.00
        DEBUG: BEGIN: AltsoundProcessorBase::setVolume()
            INFO: Setting volume for stream 2147483691
            DEBUG: SAMPLE_VOL:0.34  GLOBAL_VOL:1.00  MASTER_VOL:1.00
            INFO: SUCCESS BASS_ChannelSetAttribute(BASS_ATTRIB_VOL)
        DEBUG: END: AltsoundProcessorBase::setVolume()
            DEBUG: SFX stream 2147483691 gain:  0.40  group_vol:  0.85 ducked_vol:  1.00
        DEBUG: BEGIN GSoundProcessor::findLowestDuckVolume()
            DEBUG: Min ducking value for MUSIC streams: 0.85
        DEBUG: END GSoundProcessor::findLowestDuckVolume()
            DEBUG: MUSIC ducking volume: 0.85
        DEBUG: BEGIN: AltsoundProcessorBase::setVolume()
            INFO: Setting volume for stream 2147483659
            DEBUG: SAMPLE_VOL:0.76  GLOBAL_VOL:1.00  MASTER_VOL:1.00
            INFO: SUCCESS BASS_ChannelSetAttribute(BASS_ATTRIB_VOL)
        DEBUG: END: AltsoundProcessorBase::setVolume()
            DEBUG: MUSIC stream 2147483659 gain:  0.90  group_vol:  1.00 ducked_vol:  0.85
        DEBUG: BEGIN GSoundProcessor::findLowestDuckVolume()
            DEBUG: SFX duck_vol_map is empty()
        DEBUG: END GSoundProcessor::findLowestDuckVolume()
            DEBUG: SFX ducking volume: 1.00
        DEBUG: BEGIN: AltsoundProcessorBase::setVolume()
            INFO: Setting volume for stream 2147483693
            DEBUG: SAMPLE_VOL:0.34  GLOBAL_VOL:1.00  MASTER_VOL:1.00
            INFO: SUCCESS BASS_ChannelSetAttribute(BASS_ATTRIB_VOL)
        DEBUG: END: AltsoundProcessorBase::setVolume()
            DEBUG: SFX stream 2147483693 gain:  0.40  group_vol:  0.85 ducked_vol:  1.00
        DEBUG: BEGIN GSoundProcessor::findLowestDuckVolume()
            DEBUG: SFX duck_vol_map is empty()
        DEBUG: END GSoundProcessor::findLowestDuckVolume()
            DEBUG: SFX ducking volume: 1.00
        DEBUG: BEGIN: AltsoundProcessorBase::setVolume()
            INFO: Setting volume for stream 2147483695
            DEBUG: SAMPLE_VOL:0.34  GLOBAL_VOL:1.00  MASTER_VOL:1.00
            INFO: SUCCESS BASS_ChannelSetAttribute(BASS_ATTRIB_VOL)
        DEBUG: END: AltsoundProcessorBase::setVolume()
            DEBUG: SFX stream 2147483695 gain:  0.40  group_vol:  0.85 ducked_vol:  1.00
        DEBUG: BEGIN GSoundProcessor::findLowestDuckVolume()
            DEBUG: SFX duck_vol_map is empty()
        DEBUG: END GSoundProcessor::findLowestDuckVolume()
            DEBUG: SFX ducking volume: 1.00
        DEBUG: BEGIN: AltsoundProcessorBase::setVolume()
            INFO: Setting volume for stream 2147483697
            DEBUG: SAMPLE_VOL:0.34  GLOBAL_VOL:1.00  MASTER_VOL:1.00
            INFO: SUCCESS BASS_ChannelSetAttribute(BASS_ATTRIB_VOL)
        DEBUG: END: AltsoundProcessorBase::setVolume()
            DEBUG: SFX stream 2147483697 gain:  0.40  group_vol:  0.85 ducked_vol:  1.00
        DEBUG: BEGIN GSoundProcessor::findLowestDuckVolume()
            DEBUG: SFX duck_vol_map is empty()
        DEBUG: END GSoundProcessor::findLowestDuckVolume()
            DEBUG: SFX ducking volume: 1.00
        DEBUG: BEGIN: AltsoundProcessorBase::setVolume()
            INFO: Setting volume for stream 2147483699
            DEBUG: SAMPLE_VOL:0.34  GLOBAL_VOL:1.00  MASTER_VOL:1.00
            INFO: SUCCESS BASS_ChannelSetAttribute(BASS_ATTRIB_VOL)
        DEBUG: END: AltsoundProcessorBase::setVolume()
            DEBUG: SFX stream 2147483699 gain:  0.40  group_vol:  0.85 ducked_vol:  1.00
        DEBUG: BEGIN GSoundProcessor::findLowestDuckVolume()
            DEBUG: SFX duck_vol_map is empty()
        DEBUG: END GSoundProcessor::findLowestDuckVolume()
            DEBUG: SFX ducking volume: 1.00
        DEBUG: BEGIN: AltsoundProcessorBase::setVolume()
            INFO: Setting volume for stream 2147483701
            DEBUG: SAMPLE_VOL:0.34  GLOBAL_VOL:1.00  MASTER_VOL:1.00
            INFO: SUCCESS BASS_ChannelSetAttribute(BASS_ATTRIB_VOL)
        DEBUG: END: AltsoundProcessorBase::setVolume()
            DEBUG: SFX stream 2147483701 gain:  0.40  group_vol:  0.85 ducked_vol:  1.00
            INFO: Num active streams: 9
        DEBUG: END GSoundProcessor::adjustStreamVolumes()
        INFO: Playing SFX stream: gnr_300/0x007c-setup_button.ogg
        DEBUG: HSTREAM(2147483701)  CH(08)  CMD(007C)  SAMPLE(gnr_300/0x007c-setup_button.ogg)
            INFO: SUCCESS SFX stream playback
    DEBUG: END GSoundProcessor::handleCmd()
INFO: SUCCESS processor::handleCmd()
DEBUG: BEGIN altsound_postprocess_commands()
DEBUG: MAME_GEN: 0x0000000004000
DEBUG: END postprocess_commands()
DEBUG: END AltsoundProcessCommand()
DEBUG: 
DEBUG: 
BEGIN: GSoundProcessor::common_callback()
    INFO: HSYNC: 2147483688  HSTREAM: 2147483687
    DEBUG: Acquiring mutex
DEBUG: BEGIN: GSoundProcessor::postProcessBehaviors()
    DEBUG: Post-processing SFX behaviors on OVERLAY streams
    DEBUG: Post-processing SFX ducking impact on OVERLAY streams
    DEBUG: Post-processing SFX behaviors on SOLO streams
    DEBUG: Post-processing SFX ducking impact on SOLO streams
    DEBUG: Post-processing SFX behaviors on SFX streams
    DEBUG: Post-processing SFX ducking impact on SFX streams
    DEBUG: Post-processing SFX behaviors on CALLOUT streams
    DEBUG: Post-processing SFX ducking impact on CALLOUT streams
    DEBUG: Post-processing SFX behaviors on MUSIC streams
    DEBUG: Post-processing SFX ducking impact on MUSIC streams
    DEBUG: Erasing ducking impact from SFX stream: 2147483687
DEBUG: BEGIN GSoundProcessor::printBehaviorData()
DEBUG: Printing duck_vol_map:
DEBUG: Stream Type: OVERLAY
DEBUG: Stream Type: SOLO
DEBUG: Stream Type: SFX
DEBUG: Stream Type: CALLOUT
DEBUG: Stream Type: MUSIC
DEBUG: Stream ID: 2147483701, Duck Volume: 0.850000
DEBUG: Stream ID: 2147483699, Duck Volume: 0.850000
DEBUG: Stream ID: 2147483697, Duck Volume: 0.850000
DEBUG: Stream ID: 2147483695, Duck Volume: 0.850000
DEBUG: Stream ID: 2147483693, Duck Volume: 0.850000
DEBUG: Stream ID: 2147483691, Duck Volume: 0.850000
DEBUG: Stream ID: 2147483689, Duck Volume: 0.850000
DEBUG: Printing paused_status_map:
DEBUG: Stream Type: OVERLAY
DEBUG: Stream Type: SOLO
DEBUG: Stream Type: SFX
DEBUG: Stream Type: CALLOUT
DEBUG: Stream Type: MUSIC
DEBUG: END GSoundProcessor::printBehaviorData()
DEBUG: END GSoundProcessor::postProcessBehaviors()
    INFO: BEGIN AltsoundProcessorBase::freeStream()
        INFO: Successfully free'd stream(2147483687)
    DEBUG: END AltsoundProcessorBase::freeStream()
INFO: BEGIN GSoundProcessor::adjustStreamVolumes()
DEBUG: BEGIN GSoundProcessor::findLowestDuckVolume()
    DEBUG: SFX duck_vol_map is empty()
DEBUG: END GSoundProcessor::findLowestDuckVolume()
    DEBUG: SFX ducking volume: 1.00
DEBUG: BEGIN: AltsoundProcessorBase::setVolume()
    INFO: Setting volume for stream 2147483689
    DEBUG: SAMPLE_VOL:0.34  GLOBAL_VOL:1.00  MASTER_VOL:1.00
    INFO: SUCCESS BASS_ChannelSetAttribute(BASS_ATTRIB_VOL)
DEBUG: END: AltsoundProcessorBase::setVolume()
    DEBUG: SFX stream 2147483689 gain:  0.40  group_vol:  0.85 ducked_vol:  1.00
DEBUG: BEGIN GSoundProcessor::findLowestDuckVolume()
    DEBUG: SFX duck_vol_map is empty()
DEBUG: END GSoundProcessor::findLowestDuckVolume()
    DEBUG: SFX ducking volume: 1.00
DEBUG: BEGIN: AltsoundProcessorBase::setVolume()
    INFO: Setting volume for stream 2147483691
    DEBUG: SAMPLE_VOL:0.34  GLOBAL_VOL:1.00  MASTER_VOL:1.00
    INFO: SUCCESS BASS_ChannelSetAttribute(BASS_ATTRIB_VOL)
DEBUG: END: AltsoundProcessorBase::setVolume()
    DEBUG: SFX stream 2147483691 gain:  0.40  group_vol:  0.85 ducked_vol:  1.00
DEBUG: BEGIN GSoundProcessor::findLowestDuckVolume()
    DEBUG: Min ducking value for MUSIC streams: 0.85
DEBUG: END GSoundProcessor::findLowestDuckVolume()
    DEBUG: MUSIC ducking volume: 0.85
DEBUG: BEGIN: AltsoundProcessorBase::setVolume()
    INFO: Setting volume for stream 2147483659
    DEBUG: SAMPLE_VOL:0.76  GLOBAL_VOL:1.00  MASTER_VOL:1.00
    INFO: SUCCESS BASS_ChannelSetAttribute(BASS_ATTRIB_VOL)
DEBUG: END: AltsoundProcessorBase::setVolume()
    DEBUG: MUSIC stream 2147483659 gain:  0.90  group_vol:  1.00 ducked_vol:  0.85
DEBUG: BEGIN GSoundProcessor::findLowestDuckVolume()
    DEBUG: SFX duck_vol_map is empty()
DEBUG: END GSoundProcessor::findLowestDuckVolume()
    DEBUG: SFX ducking volume: 1.00
DEBUG: BEGIN: AltsoundProcessorBase::setVolume()
    INFO: Setting volume for stream 2147483693
    DEBUG: SAMPLE_VOL:0.34  GLOBAL_VOL:1.00  MASTER_VOL:1.00
    INFO: SUCCESS BASS_ChannelSetAttribute(BASS_ATTRIB_VOL)
DEBUG: END: AltsoundProcessorBase::setVolume()
    DEBUG: SFX stream 2147483693 gain:  0.40  group_vol:  0.85 ducked_vol:  1.00
DEBUG: BEGIN GSoundProcessor::findLowestDuckVolume()
    DEBUG: SFX duck_vol_map is empty()
DEBUG: END GSoundProcessor::findLowestDuckVolume()
    DEBUG: SFX ducking volume: 1.00
DEBUG: BEGIN: AltsoundProcessorBase::setVolume()
    INFO: Setting volume for stream 2147483695
    DEBUG: SAMPLE_VOL:0.34  GLOBAL_VOL:1.00  MASTER_VOL:1.00
    INFO: SUCCESS BASS_ChannelSetAttribute(BASS_ATTRIB_VOL)
DEBUG: END: AltsoundProcessorBase::setVolume()
    DEBUG: SFX stream 2147483695 gain:  0.40  group_vol:  0.85 ducked_vol:  1.00
DEBUG: BEGIN GSoundProcessor::findLowestDuckVolume()
    DEBUG: SFX duck_vol_map is empty()
DEBUG: END GSoundProcessor::findLowestDuckVolume()
    DEBUG: SFX ducking volume: 1.00
DEBUG: BEGIN: AltsoundProcessorBase::setVolume()
    INFO: Setting volume for stream 2147483697
    DEBUG: SAMPLE_VOL:0.34  GLOBAL_VOL:1.00  MASTER_VOL:1.00
    INFO: SUCCESS BASS_ChannelSetAttribute(BASS_ATTRIB_VOL)
DEBUG: END: AltsoundProcessorBase::setVolume()
    DEBUG: SFX stream 2147483697 gain:  0.40  group_vol:  0.85 ducked_vol:  1.00
DEBUG: BEGIN GSoundProcessor::findLowestDuckVolume()
    DEBUG: SFX duck_vol_map is empty()
DEBUG: END GSoundProcessor::findLowestDuckVolume()
    DEBUG: SFX ducking volume: 1.00
DEBUG: BEGIN: AltsoundProcessorBase::setVolume()
    INFO: Setting volume for stream 2147483699
    DEBUG: SAMPLE_VOL:0.34  GLOBAL_VOL:1.00  MASTER_VOL:1.00
    INFO: SUCCESS BASS_ChannelSetAttribute(BASS_ATTRIB_VOL)
DEBUG: END: AltsoundProcessorBase::setVolume()
    DEBUG: SFX stream 2147483699 gain:  0.40  group_vol:  0.85 ducked_vol:  1.00
DEBUG: BEGIN GSoundProcessor::findLowestDuckVolume()
    DEBUG: SFX duck_vol_map is empty()
DEBUG: END GSoundProcessor::findLowestDuckVolume()
    DEBUG: SFX ducking volume: 1.00
DEBUG: BEGIN: AltsoundProcessorBase::setVolume()
    INFO: Setting volume for stream 2147483701
    DEBUG: SAMPLE_VOL:0.34  GLOBAL_VOL:1.00  MASTER_VOL:1.00
    INFO: SUCCESS BASS_ChannelSetAttribute(BASS_ATTRIB_VOL)
DEBUG: END: AltsoundProcessorBase::setVolume()
    DEBUG: SFX stream 2147483701 gain:  0.40  group_vol:  0.85 ducked_vol:  1.00
    INFO: Num active streams: 8
DEBUG: END GSoundProcessor::adjustStreamVolumes()
DEBUG: BEGIN GSoundProcessor::processPausedStreams()
DEBUG: BEGIN GSoundProcessor::tryResumeStream()
DEBUG: END GSoundProcessor::tryResumeStream()
DEBUG: BEGIN GSoundProcessor::tryResumeStream()
DEBUG: END GSoundProcessor::tryResumeStream()
DEBUG: BEGIN GSoundProcessor::tryResumeStream()
DEBUG: END GSoundProcessor::tryResumeStream()
DEBUG: BEGIN GSoundProcessor::tryResumeStream()
DEBUG: END GSoundProcessor::tryResumeStream()
DEBUG: BEGIN GSoundProcessor::tryResumeStream()
DEBUG: END GSoundProcessor::tryResumeStream()
DEBUG: BEGIN GSoundProcessor::tryResumeStream()
DEBUG: END GSoundProcessor::tryResumeStream()
DEBUG: BEGIN GSoundProcessor::tryResumeStream()
DEBUG: END GSoundProcessor::tryResumeStream()
DEBUG: BEGIN GSoundProcessor::tryResumeStream()
DEBUG: END GSoundProcessor::tryResumeStream()
DEBUG: END GSoundProcessor::processPausedStreams()
    INFO: SFX stream(2147483687) finished on ch(00)
DEBUG: END GSoundProcessor::common_callback()
DEBUG: BEGIN AltsoundProcessCommand()
DEBUG: Master Volume (Post Attenuation): 1.00
DEBUG: BEGIN altsound_preprocess_commands()
DEBUG: MAME_GEN: 0x0000000004000
DEBUG: Hardware Generation: DEDMD16, DEDMD32, DEDMD64, DE
DEBUG: END altsound_preprocess_commands()
DEBUG: Command complete. Processing...
    DEBUG: BEGIN GSoundProcessor::handleCmd()
        DEBUG: Acquiring mutex
        DEBUG: BEGIN GSoundProcessor::getSample()
        INFO: Found 1 sample(s) for ID: 007D
        INFO: Sample: gnr_300/0x007d-setup_validation.ogg
        DEBUG: END GSoundProcessor::getSample()
        DEBUG: BEGIN GSoundProcessor::processStream()
            DEBUG: BEGIN AltsoundProcessorBase::createStream()
                INFO: BEGIN: AltsoundProcessorBase::findFreeChannel()
                    INFO: Found free channel: 00
                DEBUG: END: AltsoundProcessorBase::findFreeChannel()
                INFO: Successfully created stream(2147483703) on channel(00)
            DEBUG: END: AltsoundProcessorBase::createStream()
        DEBUG: BEGIN: GSoundProcessor::processBehaviors()
            DEBUG: Processing SFX behaviors on OVERLAY streams
            DEBUG: Processing SFX behaviors on SOLO streams
            DEBUG: Processing SFX behaviors on SFX streams
            DEBUG: Processing SFX behaviors on CALLOUT streams
            DEBUG: Processing SFX behaviors on MUSIC streams
        DEBUG: BEGIN GSoundProcessor::printBehaviorData()
        DEBUG: Printing duck_vol_map:
        DEBUG: Stream Type: OVERLAY
        DEBUG: Stream Type: SOLO
        DEBUG: Stream Type: SFX
        DEBUG: Stream Type: CALLOUT
        DEBUG: Stream Type: MUSIC
        DEBUG: Stream ID: 2147483703, Duck Volume: 0.850000
        DEBUG: Stream ID: 2147483701, Duck Volume: 0.850000
        DEBUG: Stream ID: 2147483699, Duck Volume: 0.850000
        DEBUG: Stream ID: 2147483697, Duck Volume: 0.850000
        DEBUG: Stream ID: 2147483695, Duck Volume: 0.850000
        DEBUG: Stream ID: 2147483693, Duck Volume: 0.850000
        DEBUG: Stream ID: 2147483691, Duck Volume: 0.850000
        DEBUG: Stream ID: 2147483689, Duck Volume: 0.850000
        DEBUG: Printing paused_status_map:
        DEBUG: Stream Type: OVERLAY
        DEBUG: Stream Type: SOLO
        DEBUG: Stream Type: SFX
        DEBUG: Stream Type: CALLOUT
        DEBUG: Stream Type: MUSIC
        DEBUG: END GSoundProcessor::printBehaviorData()
        DEBUG: END GSoundProcessor::processBehaviors()
        DEBUG: END GSoundProcessor::processStream()
        INFO: BEGIN GSoundProcessor::adjustStreamVolumes()
        DEBUG: BEGIN GSoundProcessor::findLowestDuckVolume()
            DEBUG: SFX duck_vol_map is empty()
        DEBUG: END GSoundProcessor::findLowestDuckVolume()
            DEBUG: SFX ducking volume: 1.00
        DEBUG: BEGIN: AltsoundProcessorBase::setVolume()
            INFO: Setting volume for stream 2147483703
            DEBUG: SAMPLE_VOL:0.34  GLOBAL_VOL:1.00  MASTER_VOL:1.00
            INFO: SUCCESS BASS_ChannelSetAttribute(BASS_ATTRIB_VOL)
        DEBUG: END: AltsoundProcessorBase::setVolume()
            DEBUG: SFX stream 2147483703 gain:  0.40  group_vol:  0.85 ducked_vol:  1.00
        DEBUG: BEGIN GSoundProcessor::findLowestDuckVolume()
            DEBUG: SFX duck_vol_map is empty()
        DEBUG: END GSoundProcessor::findLowestDuckVolume()
            DEBUG: SFX ducking volume: 1.00
        DEBUG: BEGIN: AltsoundProcessorBase::setVolume()
            INFO: Setting volume for stream 2147483689
            DEBUG: SAMPLE_VOL:0.34  GLOBAL_VOL:1.00  MASTER_VOL:1.00
            INFO: SUCCESS BASS_ChannelSetAttribute(BASS_ATTRIB_VOL)
        DEBUG: END: AltsoundProcessorBase::setVolume()
            DEBUG: SFX stream 2147483689 gain:  0.40  group_vol:  0.85 ducked_vol:  1.00
        DEBUG: BEGIN GSoundProcessor::findLowestDuckVolume()
            DEBUG: SFX duck_vol_map is empty()
        DEBUG: END GSoundProcessor::findLowestDuckVolume()
            DEBUG: SFX ducking volume: 1.00
        DEBUG: BEGIN: AltsoundProcessorBase::setVolume()
            INFO: Setting volume for stream 2147483691
            DEBUG: SAMPLE_VOL:0.34  GLOBAL_VOL:1.00  MASTER_VOL:1.00
            INFO: SUCCESS BASS_ChannelSetAttribute(BASS_ATTRIB_VOL)
        DEBUG: END: AltsoundProcessorBase::setVolume()
            DEBUG: SFX stream 2147483691 gain:  0.40  group_vol:  0.85 ducked_vol:  1.00
        DEBUG: BEGIN GSoundProcessor::findLowestDuckVolume()
            DEBUG: Min ducking value for MUSIC streams: 0.85
        DEBUG: END GSoundProcessor::findLowestDuckVolume()
            DEBUG: MUSIC ducking volume: 0.85
        DEBUG: BEGIN: AltsoundProcessorBase::setVolume()
            INFO: Setting volume for stream 2147483659
            DEBUG: SAMPLE_VOL:0.76  GLOBAL_VOL:1.00  MASTER_VOL:1.00
            INFO: SUCCESS BASS_ChannelSetAttribute(BASS_ATTRIB_VOL)
        DEBUG: END: AltsoundProcessorBase::setVolume()
            DEBUG: MUSIC stream 2147483659 gain:  0.90  group_vol:  1.00 ducked_vol:  0.85
        DEBUG: BEGIN GSoundProcessor::findLowestDuckVolume()
            DEBUG: SFX duck_vol_map is empty()
        DEBUG: END GSoundProcessor::findLowestDuckVolume()
            DEBUG: SFX ducking volume: 1.00
        DEBUG: BEGIN: AltsoundProcessorBase::setVolume()
            INFO: Setting volume for stream 2147483693
            DEBUG: SAMPLE_VOL:0.34  GLOBAL_VOL:1.00  MASTER_VOL:1.00
            INFO: SUCCESS BASS_ChannelSetAttribute(BASS_ATTRIB_VOL)
        DEBUG: END: AltsoundProcessorBase::setVolume()
            DEBUG: SFX stream 2147483693 gain:  0.40  group_vol:  0.85 ducked_vol:  1.00
        DEBUG: BEGIN GSoundProcessor::findLowestDuckVolume()
            DEBUG: SFX duck_vol_map is empty()
        DEBUG: END GSoundProcessor::findLowestDuckVolume()
            DEBUG: SFX ducking volume: 1.00
        DEBUG: BEGIN: AltsoundProcessorBase::setVolume()
            INFO: Setting volume for stream 2147483695
            DEBUG: SAMPLE_VOL:0.34  GLOBAL_VOL:1.00  MASTER_VOL:1.00
            INFO: SUCCESS BASS_ChannelSetAttribute(BASS_ATTRIB_VOL)
        DEBUG: END: AltsoundProcessorBase::setVolume()
            DEBUG: SFX stream 2147483695 gain:  0.40  group_vol:  0.85 ducked_vol:  1.00
        DEBUG: BEGIN GSoundProcessor::findLowestDuckVolume()
            DEBUG: SFX duck_vol_map is empty()
        DEBUG: END GSoundProcessor::findLowestDuckVolume()
            DEBUG: SFX ducking volume: 1.00
        DEBUG: BEGIN: AltsoundProcessorBase::setVolume()
            INFO: Setting volume for stream 2147483697
            DEBUG: SAMPLE_VOL:0.34  GLOBAL_VOL:1.00  MASTER_VOL:1.00
            INFO: SUCCESS BASS_ChannelSetAttribute(BASS_ATTRIB_VOL)
        DEBUG: END: AltsoundProcessorBase::setVolume()
            DEBUG: SFX stream 2147483697 gain:  0.40  group_vol:  0.85 ducked_vol:  1.00
        DEBUG: BEGIN GSoundProcessor::findLowestDuckVolume()
            DEBUG: SFX duck_vol_map is empty()
        DEBUG: END GSoundProcessor::findLowestDuckVolume()
            DEBUG: SFX ducking volume: 1.00
        DEBUG: BEGIN: AltsoundProcessorBase::setVolume()
            INFO: Setting volume for stream 2147483699
            DEBUG: SAMPLE_VOL:0.34  GLOBAL_VOL:1.00  MASTER_VOL:1.00
            INFO: SUCCESS BASS_ChannelSetAttribute(BASS_ATTRIB_VOL)
        DEBUG: END: AltsoundProcessorBase::setVolume()
            DEBUG: SFX stream 2147483699 gain:  0.40  group_vol:  0.85 ducked_vol:  1.00
        DEBUG: BEGIN GSoundProcessor::findLowestDuckVolume()
            DEBUG: SFX duck_vol_map is empty()
        DEBUG: END GSoundProcessor::findLowestDuckVolume()
            DEBUG: SFX ducking volume: 1.00
        DEBUG: BEGIN: AltsoundProcessorBase::setVolume()
            INFO: Setting volume for stream 2147483701
            DEBUG: SAMPLE_VOL:0.34  GLOBAL_VOL:1.00  MASTER_VOL:1.00
            INFO: SUCCESS BASS_ChannelSetAttribute(BASS_ATTRIB_VOL)
        DEBUG: END: AltsoundProcessorBase::setVolume()
            DEBUG: SFX stream 2147483701 gain:  0.40  group_vol:  0.85 ducked_vol:  1.00
            INFO: Num active streams: 9
        DEBUG: END GSoundProcessor::adjustStreamVolumes()
        INFO: Playing SFX stream: gnr_300/0x007d-setup_validation.ogg
        DEBUG: HSTREAM(2147483703)  CH(00)  CMD(007D)  SAMPLE(gnr_300/0x007d-setup_validation.ogg)
            INFO: SUCCESS SFX stream playback
    DEBUG: END GSoundProcessor::handleCmd()
INFO: SUCCESS processor::handleCmd()
DEBUG: BEGIN altsound_postprocess_commands()
DEBUG: MAME_GEN: 0x0000000004000
DEBUG: END postprocess_commands()
DEBUG: END AltsoundProcessCommand()
DEBUG: 
DEBUG: 
BEGIN: GSoundProcessor::common_callback()
    INFO: HSYNC: 2147483690  HSTREAM: 2147483689
    DEBUG: Acquiring mutex
DEBUG: BEGIN: GSoundProcessor::postProcessBehaviors()
    DEBUG: Post-processing SFX behaviors on OVERLAY streams
    DEBUG: Post-processing SFX ducking impact on OVERLAY streams
    DEBUG: Post-processing SFX behaviors on SOLO streams
    DEBUG: Post-processing SFX ducking impact on SOLO streams
    DEBUG: Post-processing SFX behaviors on SFX streams
    DEBUG: Post-processing SFX ducking impact on SFX streams
    DEBUG: Post-processing SFX behaviors on CALLOUT streams
    DEBUG: Post-processing SFX ducking impact on CALLOUT streams
    DEBUG: Post-processing SFX behaviors on MUSIC streams
    DEBUG: Post-processing SFX ducking impact on MUSIC streams
    DEBUG: Erasing ducking impact from SFX stream: 2147483689
DEBUG: BEGIN GSoundProcessor::printBehaviorData()
DEBUG: Printing duck_vol_map:
DEBUG: Stream Type: OVERLAY
DEBUG: Stream Type: SOLO
DEBUG: Stream Type: SFX
DEBUG: Stream Type: CALLOUT
DEBUG: Stream Type: MUSIC
DEBUG: Stream ID: 2147483703, Duck Volume: 0.850000
DEBUG: Stream ID: 2147483701, Duck Volume: 0.850000
DEBUG: Stream ID: 2147483699, Duck Volume: 0.850000
DEBUG: Stream ID: 2147483697, Duck Volume: 0.850000
DEBUG: Stream ID: 2147483695, Duck Volume: 0.850000
DEBUG: Stream ID: 2147483693, Duck Volume: 0.850000
DEBUG: Stream ID: 2147483691, Duck Volume: 0.850000
DEBUG: Printing paused_status_map:
DEBUG: Stream Type: OVERLAY
DEBUG: Stream Type: SOLO
DEBUG: Stream Type: SFX
DEBUG: Stream Type: CALLOUT
DEBUG: Stream Type: MUSIC
DEBUG: END GSoundProcessor::printBehaviorData()
DEBUG: END GSoundProcessor::postProcessBehaviors()
    INFO: BEGIN AltsoundProcessorBase::freeStream()
        INFO: Successfully free'd stream(2147483689)
    DEBUG: END AltsoundProcessorBase::freeStream()
INFO: BEGIN GSoundProcessor::adjustStreamVolumes()
DEBUG: BEGIN GSoundProcessor::findLowestDuckVolume()
    DEBUG: SFX duck_vol_map is empty()
DEBUG: END GSoundProcessor::findLowestDuckVolume()
    DEBUG: SFX ducking volume: 1.00
DEBUG: BEGIN: AltsoundProcessorBase::setVolume()
    INFO: Setting volume for stream 2147483703
    DEBUG: SAMPLE_VOL:0.34  GLOBAL_VOL:1.00  MASTER_VOL:1.00
    INFO: SUCCESS BASS_ChannelSetAttribute(BASS_ATTRIB_VOL)
DEBUG: END: AltsoundProcessorBase::setVolume()
    DEBUG: SFX stream 2147483703 gain:  0.40  group_vol:  0.85 ducked_vol:  1.00
DEBUG: BEGIN GSoundProcessor::findLowestDuckVolume()
    DEBUG: SFX duck_vol_map is empty()
DEBUG: END GSoundProcessor::findLowestDuckVolume()
    DEBUG: SFX ducking volume: 1.00
DEBUG: BEGIN: AltsoundProcessorBase::setVolume()
    INFO: Setting volume for stream 2147483691
    DEBUG: SAMPLE_VOL:0.34  GLOBAL_VOL:1.00  MASTER_VOL:1.00
    INFO: SUCCESS BASS_ChannelSetAttribute(BASS_ATTRIB_VOL)
DEBUG: END: AltsoundProcessorBase::setVolume()
    DEBUG: SFX stream 2147483691 gain:  0.40  group_vol:  0.85 ducked_vol:  1.00
DEBUG: BEGIN GSoundProcessor::findLowestDuckVolume()
    DEBUG: Min ducking value for MUSIC streams: 0.85
DEBUG: END GSoundProcessor::findLowestDuckVolume()
    DEBUG: MUSIC ducking volume: 0.85
DEBUG: BEGIN: AltsoundProcessorBase::setVolume()
    INFO: Setting volume for stream 2147483659
    DEBUG: SAMPLE_VOL:0.76  GLOBAL_VOL:1.00  MASTER_VOL:1.00
    INFO: SUCCESS BASS_ChannelSetAttribute(BASS_ATTRIB_VOL)
DEBUG: END: AltsoundProcessorBase::setVolume()
    DEBUG: MUSIC stream 2147483659 gain:  0.90  group_vol:  1.00 ducked_vol:  0.85
DEBUG: BEGIN GSoundProcessor::findLowestDuckVolume()
    DEBUG: SFX duck_vol_map is empty()
DEBUG: END GSoundProcessor::findLowestDuckVolume()
    DEBUG: SFX ducking volume: 1.00
DEBUG: BEGIN: AltsoundProcessorBase::setVolume()
    INFO: Setting volume for stream 2147483693
    DEBUG: SAMPLE_VOL:0.34  GLOBAL_VOL:1.00  MASTER_VOL:1.00
    INFO: SUCCESS BASS_ChannelSetAttribute(BASS_ATTRIB_VOL)
DEBUG: END: AltsoundProcessorBase::setVolume()
    DEBUG: SFX stream 2147483693 gain:  0.40  group_vol:  0.85 ducked_vol:  1.00
DEBUG: BEGIN GSoundProcessor::findLowestDuckVolume()
    DEBUG: SFX duck_vol_map is empty()
DEBUG: END GSoundProcessor::findLowestDuckVolume()
    DEBUG: SFX ducking volume: 1.00
DEBUG: BEGIN: AltsoundProcessorBase::setVolume()
    INFO: Setting volume for stream 2147483695
    DEBUG: SAMPLE_VOL:0.34  GLOBAL_VOL:1.00  MASTER_VOL:1.00
    INFO: SUCCESS BASS_ChannelSetAttribute(BASS_ATTRIB_VOL)
DEBUG: END: AltsoundProcessorBase::setVolume()
    DEBUG: SFX stream 2147483695 gain:  0.40  group_vol:  0.85 ducked_vol:  1.00
DEBUG: BEGIN GSoundProcessor::findLowestDuckVolume()
    DEBUG: SFX duck_vol_map is empty()
DEBUG: END GSoundProcessor::findLowestDuckVolume()
    DEBUG: SFX ducking volume: 1.00
DEBUG: BEGIN: AltsoundProcessorBase::setVolume()
    INFO: Setting volume for stream 2147483697
    DEBUG: SAMPLE_VOL:0.34  GLOBAL_VOL:1.00  MASTER_VOL:1.00
    INFO: SUCCESS BASS_ChannelSetAttribute(BASS_ATTRIB_VOL)
DEBUG: END: AltsoundProcessorBase::setVolume()
    DEBUG: SFX stream 2147483697 gain:  0.40  group_vol:  0.85 ducked_vol:  1.00
DEBUG: BEGIN GSoundProcessor::findLowestDuckVolume()
    DEBUG: SFX duck_vol_map is empty()
DEBUG: END GSoundProcessor::findLowestDuckVolume()
    DEBUG: SFX ducking volume: 1.00
DEBUG: BEGIN: AltsoundProcessorBase::setVolume()
    INFO: Setting volume for stream 2147483699
    DEBUG: SAMPLE_VOL:0.34  GLOBAL_VOL:1.00  MASTER_VOL:1.00
    INFO: SUCCESS BASS_ChannelSetAttribute(BASS_ATTRIB_VOL)
DEBUG: END: AltsoundProcessorBase::setVolume()
    DEBUG: SFX stream 2147483699 gain:  0.40  group_vol:  0.85 ducked_vol:  1.00
DEBUG: BEGIN GSoundProcessor::findLowestDuckVolume()
    DEBUG: SFX duck_vol_map is empty()
DEBUG: END GSoundProcessor::findLowestDuckVolume()
    DEBUG: SFX ducking volume: 1.00
DEBUG: BEGIN: AltsoundProcessorBase::setVolume()
    INFO: Setting volume for stream 2147483701
    DEBUG: SAMPLE_VOL:0.34  GLOBAL_VOL:1.00  MASTER_VOL:1.00
    INFO: SUCCESS BASS_ChannelSetAttribute(BASS_ATTRIB_VOL)
DEBUG: END: AltsoundProcessorBase::setVolume()
    DEBUG: SFX stream 2147483701 gain:  0.40  group_vol:  0.85 ducked_vol:  1.00
    INFO: Num active streams: 8
DEBUG: END GSoundProcessor::adjustStreamVolumes()
DEBUG: BEGIN GSoundProcessor::processPausedStreams()
DEBUG: BEGIN GSoundProcessor::tryResumeStream()
DEBUG: END GSoundProcessor::tryResumeStream()
DEBUG: BEGIN GSoundProcessor::tryResumeStream()
DEBUG: END GSoundProcessor::tryResumeStream()
DEBUG: BEGIN GSoundProcessor::tryResumeStream()
DEBUG: END GSoundProcessor::tryResumeStream()
DEBUG: BEGIN GSoundProcessor::tryResumeStream()
DEBUG: END GSoundProcessor::tryResumeStream()
DEBUG: BEGIN GSoundProcessor::tryResumeStream()
DEBUG: END GSoundProcessor::tryResumeStream()
DEBUG: BEGIN GSoundProcessor::tryResumeStream()
DEBUG: END GSoundProcessor::tryResumeStream()
DEBUG: BEGIN GSoundProcessor::tryResumeStream()
DEBUG: END GSoundProcessor::tryResumeStream()
DEBUG: BEGIN GSoundProcessor::tryResumeStream()
DEBUG: END GSoundProcessor::tryResumeStream()
DEBUG: END GSoundProcessor::processPausedStreams()
    INFO: SFX stream(2147483689) finished on ch(01)
DEBUG: END GSoundProcessor::common_callback()
DEBUG: BEGIN AltsoundProcessCommand()
DEBUG: Master Volume (Post Attenuation): 1.00
DEBUG: BEGIN altsound_preprocess_commands()
DEBUG: MAME_GEN: 0x0000000004000
DEBUG: Hardware Generation: DEDMD16, DEDMD32, DEDMD64, DE
DEBUG: END altsound_preprocess_commands()
DEBUG: Command complete. Processing...
    DEBUG: BEGIN GSoundProcessor::handleCmd()
        DEBUG: Acquiring mutex
        DEBUG: BEGIN GSoundProcessor::getSample()
        INFO: Found 1 sample(s) for ID: 007B
        INFO: Sample: gnr_300/0x007b-push_button.ogg
        DEBUG: END GSoundProcessor::getSample()
        DEBUG: BEGIN GSoundProcessor::processStream()
            DEBUG: BEGIN AltsoundProcessorBase::createStream()
                INFO: BEGIN: AltsoundProcessorBase::findFreeChannel()
                    INFO: Found free channel: 01
                DEBUG: END: AltsoundProcessorBase::findFreeChannel()
                INFO: Successfully created stream(2147483705) on channel(01)
            DEBUG: END: AltsoundProcessorBase::createStream()
        DEBUG: BEGIN: GSoundProcessor::processBehaviors()
            DEBUG: Processing SFX behaviors on OVERLAY streams
            DEBUG: Processing SFX behaviors on SOLO streams
            DEBUG: Processing SFX behaviors on SFX streams
            DEBUG: Processing SFX behaviors on CALLOUT streams
            DEBUG: Processing SFX behaviors on MUSIC streams
        DEBUG: BEGIN GSoundProcessor::printBehaviorData()
        DEBUG: Printing duck_vol_map:
        DEBUG: Stream Type: OVERLAY
        DEBUG: Stream Type: SOLO
        DEBUG: Stream Type: SFX
        DEBUG: Stream Type: CALLOUT
        DEBUG: Stream Type: MUSIC
        DEBUG: Stream ID: 2147483705, Duck Volume: 0.850000
        DEBUG: Stream ID: 2147483703, Duck Volume: 0.850000
        DEBUG: Stream ID: 2147483701, Duck Volume: 0.850000
        DEBUG: Stream ID: 2147483699, Duck Volume: 0.850000
        DEBUG: Stream ID: 2147483697, Duck Volume: 0.850000
        DEBUG: Stream ID: 2147483695, Duck Volume: 0.850000
        DEBUG: Stream ID: 2147483693, Duck Volume: 0.850000
        DEBUG: Stream ID: 2147483691, Duck Volume: 0.850000
        DEBUG: Printing paused_status_map:
        DEBUG: Stream Type: OVERLAY
        DEBUG: Stream Type: SOLO
        DEBUG: Stream Type: SFX
        DEBUG: Stream Type: CALLOUT
        DEBUG: Stream Type: MUSIC
        DEBUG: END GSoundProcessor::printBehaviorData()
        DEBUG: END GSoundProcessor::processBehaviors()
        DEBUG: END GSoundProcessor::processStream()
        INFO: BEGIN GSoundProcessor::adjustStreamVolumes()
        DEBUG: BEGIN GSoundProcessor::findLowestDuckVolume()
            DEBUG: SFX duck_vol_map is empty()
        DEBUG: END GSoundProcessor::findLowestDuckVolume()
            DEBUG: SFX ducking volume: 1.00
        DEBUG: BEGIN: AltsoundProcessorBase::setVolume()
            INFO: Setting volume for stream 2147483703
            DEBUG: SAMPLE_VOL:0.34  GLOBAL_VOL:1.00  MASTER_VOL:1.00
            INFO: SUCCESS BASS_ChannelSetAttribute(BASS_ATTRIB_VOL)
        DEBUG: END: AltsoundProcessorBase::setVolume()
            DEBUG: SFX stream 2147483703 gain:  0.40  group_vol:  0.85 ducked_vol:  1.00
        DEBUG: BEGIN GSoundProcessor::findLowestDuckVolume()
            DEBUG: SFX duck_vol_map is empty()
        DEBUG: END GSoundProcessor::findLowestDuckVolume()
            DEBUG: SFX ducking volume: 1.00
        DEBUG: BEGIN: AltsoundProcessorBase::setVolume()
            INFO: Setting volume for stream 2147483705
            DEBUG: SAMPLE_VOL:0.34  GLOBAL_VOL:1.00  MASTER_VOL:1.00
            INFO: SUCCESS BASS_ChannelSetAttribute(BASS_ATTRIB_VOL)
        DEBUG: END: AltsoundProcessorBase::setVolume()
            DEBUG: SFX stream 2147483705 gain:  0.40  group_vol:  0.85 ducked_vol:  1.00
        DEBUG: BEGIN GSoundProcessor::findLowestDuckVolume()
            DEBUG: SFX duck_vol_map is empty()
        DEBUG: END GSoundProcessor::findLowestDuckVolume()
            DEBUG: SFX ducking volume: 1.00
        DEBUG: BEGIN: AltsoundProcessorBase::setVolume()
            INFO: Setting volume for stream 2147483691
            DEBUG: SAMPLE_VOL:0.34  GLOBAL_VOL:1.00  MASTER_VOL:1.00
            INFO: SUCCESS BASS_ChannelSetAttribute(BASS_ATTRIB_VOL)
        DEBUG: END: AltsoundProcessorBase::setVolume()
            DEBUG: SFX stream 2147483691 gain:  0.40  group_vol:  0.85 ducked_vol:  1.00
        DEBUG: BEGIN GSoundProcessor::findLowestDuckVolume()
            DEBUG: Min ducking value for MUSIC streams: 0.85
        DEBUG: END GSoundProcessor::findLowestDuckVolume()
            DEBUG: MUSIC ducking volume: 0.85
        DEBUG: BEGIN: AltsoundProcessorBase::setVolume()
            INFO: Setting volume for stream 2147483659
            DEBUG: SAMPLE_VOL:0.76  GLOBAL_VOL:1.00  MASTER_VOL:1.00
            INFO: SUCCESS BASS_ChannelSetAttribute(BASS_ATTRIB_VOL)
        DEBUG: END: AltsoundProcessorBase::setVolume()
            DEBUG: MUSIC stream 2147483659 gain:  0.90  group_vol:  1.00 ducked_vol:  0.85
        DEBUG: BEGIN GSoundProcessor::findLowestDuckVolume()
            DEBUG: SFX duck_vol_map is empty()
        DEBUG: END GSoundProcessor::findLowestDuckVolume()
            DEBUG: SFX ducking volume: 1.00
        DEBUG: BEGIN: AltsoundProcessorBase::setVolume()
            INFO: Setting volume for stream 2147483693
            DEBUG: SAMPLE_VOL:0.34  GLOBAL_VOL:1.00  MASTER_VOL:1.00
            INFO: SUCCESS BASS_ChannelSetAttribute(BASS_ATTRIB_VOL)
        DEBUG: END: AltsoundProcessorBase::setVolume()
            DEBUG: SFX stream 2147483693 gain:  0.40  group_vol:  0.85 ducked_vol:  1.00
        DEBUG: BEGIN GSoundProcessor::findLowestDuckVolume()
            DEBUG: SFX duck_vol_map is empty()
        DEBUG: END GSoundProcessor::findLowestDuckVolume()
            DEBUG: SFX ducking volume: 1.00
        DEBUG: BEGIN: AltsoundProcessorBase::setVolume()
            INFO: Setting volume for stream 2147483695
            DEBUG: SAMPLE_VOL:0.34  GLOBAL_VOL:1.00  MASTER_VOL:1.00
            INFO: SUCCESS BASS_ChannelSetAttribute(BASS_ATTRIB_VOL)
        DEBUG: END: AltsoundProcessorBase::setVolume()
            DEBUG: SFX stream 2147483695 gain:  0.40  group_vol:  0.85 ducked_vol:  1.00
        DEBUG: BEGIN GSoundProcessor::findLowestDuckVolume()
            DEBUG: SFX duck_vol_map is empty()
        DEBUG: END GSoundProcessor::findLowestDuckVolume()
            DEBUG: SFX ducking volume: 1.00
        DEBUG: BEGIN: AltsoundProcessorBase::setVolume()
            INFO: Setting volume for stream 2147483697
            DEBUG: SAMPLE_VOL:0.34  GLOBAL_VOL:1.00  MASTER_VOL:1.00
            INFO: SUCCESS BASS_ChannelSetAttribute(BASS_ATTRIB_VOL)
        DEBUG: END: AltsoundProcessorBase::setVolume()
            DEBUG: SFX stream 2147483697 gain:  0.40  group_vol:  0.85 ducked_vol:  1.00
        DEBUG: BEGIN GSoundProcessor::findLowestDuckVolume()
            DEBUG: SFX duck_vol_map is empty()
        DEBUG: END GSoundProcessor::findLowestDuckVolume()
            DEBUG: SFX ducking volume: 1.00
        DEBUG: BEGIN: AltsoundProcessorBase::setVolume()
            INFO: Setting volume for stream 2147483699
            DEBUG: SAMPLE_VOL:0.34  GLOBAL_VOL:1.00  MASTER_VOL:1.00
            INFO: SUCCESS BASS_ChannelSetAttribute(BASS_ATTRIB_VOL)
        DEBUG: END: AltsoundProcessorBase::setVolume()
            DEBUG: SFX stream 2147483699 gain:  0.40  group_vol:  0.85 ducked_vol:  1.00
        DEBUG: BEGIN GSoundProcessor::findLowestDuckVolume()
            DEBUG: SFX duck_vol_map is empty()
        DEBUG: END GSoundProcessor::findLowestDuckVolume()
            DEBUG: SFX ducking volume: 1.00
        DEBUG: BEGIN: AltsoundProcessorBase::setVolume()
            INFO: Setting volume for stream 2147483701
            DEBUG: SAMPLE_VOL:0.34  GLOBAL_VOL:1.00  MASTER_VOL:1.00
            INFO: SUCCESS BASS_ChannelSetAttribute(BASS_ATTRIB_VOL)
        DEBUG: END: AltsoundProcessorBase::setVolume()
            DEBUG: SFX stream 2147483701 gain:  0.40  group_vol:  0.85 ducked_vol:  1.00
            INFO: Num active streams: 9
        DEBUG: END GSoundProcessor::adjustStreamVolumes()
        INFO: Playing SFX stream: gnr_300/0x007b-push_button.ogg
        DEBUG: HSTREAM(2147483705)  CH(01)  CMD(007B)  SAMPLE(gnr_300/0x007b-push_button.ogg)
            INFO: SUCCESS SFX stream playback
    DEBUG: END GSoundProcessor::handleCmd()
INFO: SUCCESS processor::handleCmd()
DEBUG: BEGIN altsound_postprocess_commands()
DEBUG: MAME_GEN: 0x0000000004000
DEBUG: END postprocess_commands()
DEBUG: END AltsoundProcessCommand()
DEBUG: 
DEBUG: 
BEGIN: GSoundProcessor::common_callback()
    INFO: HSYNC: 2147483694  HSTREAM: 2147483693
    DEBUG: Acquiring mutex
DEBUG: BEGIN: GSoundProcessor::postProcessBehaviors()
    DEBUG: Post-processing SFX behaviors on OVERLAY streams
    DEBUG: Post-processing SFX ducking impact on OVERLAY streams
    DEBUG: Post-processing SFX behaviors on SOLO streams
    DEBUG: Post-processing SFX ducking impact on SOLO streams
    DEBUG: Post-processing SFX behaviors on SFX streams
    DEBUG: Post-processing SFX ducking impact on SFX streams
    DEBUG: Post-processing SFX behaviors on CALLOUT streams
    DEBUG: Post-processing SFX ducking impact on CALLOUT streams
    DEBUG: Post-processing SFX behaviors on MUSIC streams
    DEBUG: Post-processing SFX ducking impact on MUSIC streams
    DEBUG: Erasing ducking impact from SFX stream: 2147483693
DEBUG: BEGIN GSoundProcessor::printBehaviorData()
DEBUG: Printing duck_vol_map:
DEBUG: Stream Type: OVERLAY
DEBUG: Stream Type: SOLO
DEBUG: Stream Type: SFX
DEBUG: Stream Type: CALLOUT
DEBUG: Stream Type: MUSIC
DEBUG: Stream ID: 2147483705, Duck Volume: 0.850000
DEBUG: Stream ID: 2147483703, Duck Volume: 0.850000
DEBUG: Stream ID: 2147483701, Duck Volume: 0.850000
DEBUG: Stream ID: 2147483699, Duck Volume: 0.850000
DEBUG: Stream ID: 2147483697, Duck Volume: 0.850000
DEBUG: Stream ID: 2147483695, Duck Volume: 0.850000
DEBUG: Stream ID: 2147483691, Duck Volume: 0.850000
DEBUG: Printing paused_status_map:
DEBUG: Stream Type: OVERLAY
DEBUG: Stream Type: SOLO
DEBUG: Stream Type: SFX
DEBUG: Stream Type: CALLOUT
DEBUG: Stream Type: MUSIC
DEBUG: END GSoundProcessor::printBehaviorData()
DEBUG: END GSoundProcessor::postProcessBehaviors()
    INFO: BEGIN AltsoundProcessorBase::freeStream()
        INFO: Successfully free'd stream(2147483693)
    DEBUG: END AltsoundProcessorBase::freeStream()
INFO: BEGIN GSoundProcessor::adjustStreamVolumes()
DEBUG: BEGIN GSoundProcessor::findLowestDuckVolume()
    DEBUG: SFX duck_vol_map is empty()
DEBUG: END GSoundProcessor::findLowestDuckVolume()
    DEBUG: SFX ducking volume: 1.00
DEBUG: BEGIN: AltsoundProcessorBase::setVolume()
    INFO: Setting volume for stream 2147483703
    DEBUG: SAMPLE_VOL:0.34  GLOBAL_VOL:1.00  MASTER_VOL:1.00
    INFO: SUCCESS BASS_ChannelSetAttribute(BASS_ATTRIB_VOL)
DEBUG: END: AltsoundProcessorBase::setVolume()
    DEBUG: SFX stream 2147483703 gain:  0.40  group_vol:  0.85 ducked_vol:  1.00
DEBUG: BEGIN GSoundProcessor::findLowestDuckVolume()
    DEBUG: SFX duck_vol_map is empty()
DEBUG: END GSoundProcessor::findLowestDuckVolume()
    DEBUG: SFX ducking volume: 1.00
DEBUG: BEGIN: AltsoundProcessorBase::setVolume()
    INFO: Setting volume for stream 2147483705
    DEBUG: SAMPLE_VOL:0.34  GLOBAL_VOL:1.00  MASTER_VOL:1.00
    INFO: SUCCESS BASS_ChannelSetAttribute(BASS_ATTRIB_VOL)
DEBUG: END: AltsoundProcessorBase::setVolume()
    DEBUG: SFX stream 2147483705 gain:  0.40  group_vol:  0.85 ducked_vol:  1.00
DEBUG: BEGIN GSoundProcessor::findLowestDuckVolume()
    DEBUG: SFX duck_vol_map is empty()
DEBUG: END GSoundProcessor::findLowestDuckVolume()
    DEBUG: SFX ducking volume: 1.00
DEBUG: BEGIN: AltsoundProcessorBase::setVolume()
    INFO: Setting volume for stream 2147483691
    DEBUG: SAMPLE_VOL:0.34  GLOBAL_VOL:1.00  MASTER_VOL:1.00
    INFO: SUCCESS BASS_ChannelSetAttribute(BASS_ATTRIB_VOL)
DEBUG: END: AltsoundProcessorBase::setVolume()
    DEBUG: SFX stream 2147483691 gain:  0.40  group_vol:  0.85 ducked_vol:  1.00
DEBUG: BEGIN GSoundProcessor::findLowestDuckVolume()
    DEBUG: Min ducking value for MUSIC streams: 0.85
DEBUG: END GSoundProcessor::findLowestDuckVolume()
    DEBUG: MUSIC ducking volume: 0.85
DEBUG: BEGIN: AltsoundProcessorBase::setVolume()
    INFO: Setting volume for stream 2147483659
    DEBUG: SAMPLE_VOL:0.76  GLOBAL_VOL:1.00  MASTER_VOL:1.00
    INFO: SUCCESS BASS_ChannelSetAttribute(BASS_ATTRIB_VOL)
DEBUG: END: AltsoundProcessorBase::setVolume()
    DEBUG: MUSIC stream 2147483659 gain:  0.90  group_vol:  1.00 ducked_vol:  0.85
DEBUG: BEGIN GSoundProcessor::findLowestDuckVolume()
    DEBUG: SFX duck_vol_map is empty()
DEBUG: END GSoundProcessor::findLowestDuckVolume()
    DEBUG: SFX ducking volume: 1.00
DEBUG: BEGIN: AltsoundProcessorBase::setVolume()
    INFO: Setting volume for stream 2147483695
    DEBUG: SAMPLE_VOL:0.34  GLOBAL_VOL:1.00  MASTER_VOL:1.00
    INFO: SUCCESS BASS_ChannelSetAttribute(BASS_ATTRIB_VOL)
DEBUG: END: AltsoundProcessorBase::setVolume()
    DEBUG: SFX stream 2147483695 gain:  0.40  group_vol:  0.85 ducked_vol:  1.00
DEBUG: BEGIN GSoundProcessor::findLowestDuckVolume()
    DEBUG: SFX duck_vol_map is empty()
DEBUG: END GSoundProcessor::findLowestDuckVolume()
    DEBUG: SFX ducking volume: 1.00
DEBUG: BEGIN: AltsoundProcessorBase::setVolume()
    INFO: Setting volume for stream 2147483697
    DEBUG: SAMPLE_VOL:0.34  GLOBAL_VOL:1.00  MASTER_VOL:1.00
    INFO: SUCCESS BASS_ChannelSetAttribute(BASS_ATTRIB_VOL)
DEBUG: END: AltsoundProcessorBase::setVolume()
    DEBUG: SFX stream 2147483697 gain:  0.40  group_vol:  0.85 ducked_vol:  1.00
DEBUG: BEGIN GSoundProcessor::findLowestDuckVolume()
    DEBUG: SFX duck_vol_map is empty()
DEBUG: END GSoundProcessor::findLowestDuckVolume()
    DEBUG: SFX ducking volume: 1.00
DEBUG: BEGIN: AltsoundProcessorBase::setVolume()
    INFO: Setting volume for stream 2147483699
    DEBUG: SAMPLE_VOL:0.34  GLOBAL_VOL:1.00  MASTER_VOL:1.00
    INFO: SUCCESS BASS_ChannelSetAttribute(BASS_ATTRIB_VOL)
DEBUG: END: AltsoundProcessorBase::setVolume()
    DEBUG: SFX stream 2147483699 gain:  0.40  group_vol:  0.85 ducked_vol:  1.00
DEBUG: BEGIN GSoundProcessor::findLowestDuckVolume()
    DEBUG: SFX duck_vol_map is empty()
DEBUG: END GSoundProcessor::findLowestDuckVolume()
    DEBUG: SFX ducking volume: 1.00
DEBUG: BEGIN: AltsoundProcessorBase::setVolume()
    INFO: Setting volume for stream 2147483701
    DEBUG: SAMPLE_VOL:0.34  GLOBAL_VOL:1.00  MASTER_VOL:1.00
    INFO: SUCCESS BASS_ChannelSetAttribute(BASS_ATTRIB_VOL)
DEBUG: END: AltsoundProcessorBase::setVolume()
    DEBUG: SFX stream 2147483701 gain:  0.40  group_vol:  0.85 ducked_vol:  1.00
    INFO: Num active streams: 8
DEBUG: END GSoundProcessor::adjustStreamVolumes()
DEBUG: BEGIN GSoundProcessor::processPausedStreams()
DEBUG: BEGIN GSoundProcessor::tryResumeStream()
DEBUG: END GSoundProcessor::tryResumeStream()
DEBUG: BEGIN GSoundProcessor::tryResumeStream()
DEBUG: END GSoundProcessor::tryResumeStream()
DEBUG: BEGIN GSoundProcessor::tryResumeStream()
DEBUG: END GSoundProcessor::tryResumeStream()
DEBUG: BEGIN GSoundProcessor::tryResumeStream()
DEBUG: END GSoundProcessor::tryResumeStream()
DEBUG: BEGIN GSoundProcessor::tryResumeStream()
DEBUG: END GSoundProcessor::tryResumeStream()
DEBUG: BEGIN GSoundProcessor::tryResumeStream()
DEBUG: END GSoundProcessor::tryResumeStream()
DEBUG: BEGIN GSoundProcessor::tryResumeStream()
DEBUG: END GSoundProcessor::tryResumeStream()
DEBUG: BEGIN GSoundProcessor::tryResumeStream()
DEBUG: END GSoundProcessor::tryResumeStream()
DEBUG: END GSoundProcessor::processPausedStreams()
    INFO: SFX stream(2147483693) finished on ch(04)
DEBUG: END GSoundProcessor::common_callback()
DEBUG: 
BEGIN: GSoundProcessor::common_callback()
    INFO: HSYNC: 2147483696  HSTREAM: 2147483695
    DEBUG: Acquiring mutex
DEBUG: BEGIN: GSoundProcessor::postProcessBehaviors()
    DEBUG: Post-processing SFX behaviors on OVERLAY streams
    DEBUG: Post-processing SFX ducking impact on OVERLAY streams
    DEBUG: Post-processing SFX behaviors on SOLO streams
    DEBUG: Post-processing SFX ducking impact on SOLO streams
    DEBUG: Post-processing SFX behaviors on SFX streams
    DEBUG: Post-processing SFX ducking impact on SFX streams
    DEBUG: Post-processing SFX behaviors on CALLOUT streams
    DEBUG: Post-processing SFX ducking impact on CALLOUT streams
    DEBUG: Post-processing SFX behaviors on MUSIC streams
    DEBUG: Post-processing SFX ducking impact on MUSIC streams
    DEBUG: Erasing ducking impact from SFX stream: 2147483695
DEBUG: BEGIN GSoundProcessor::printBehaviorData()
DEBUG: Printing duck_vol_map:
DEBUG: Stream Type: OVERLAY
DEBUG: Stream Type: SOLO
DEBUG: Stream Type: SFX
DEBUG: Stream Type: CALLOUT
DEBUG: Stream Type: MUSIC
DEBUG: Stream ID: 2147483705, Duck Volume: 0.850000
DEBUG: Stream ID: 2147483703, Duck Volume: 0.850000
DEBUG: Stream ID: 2147483701, Duck Volume: 0.850000
DEBUG: Stream ID: 2147483699, Duck Volume: 0.850000
DEBUG: Stream ID: 2147483697, Duck Volume: 0.850000
DEBUG: Stream ID: 2147483691, Duck Volume: 0.850000
DEBUG: Printing paused_status_map:
DEBUG: Stream Type: OVERLAY
DEBUG: Stream Type: SOLO
DEBUG: Stream Type: SFX
DEBUG: Stream Type: CALLOUT
DEBUG: Stream Type: MUSIC
DEBUG: END GSoundProcessor::printBehaviorData()
DEBUG: END GSoundProcessor::postProcessBehaviors()
    INFO: BEGIN AltsoundProcessorBase::freeStream()
        INFO: Successfully free'd stream(2147483695)
    DEBUG: END AltsoundProcessorBase::freeStream()
INFO: BEGIN GSoundProcessor::adjustStreamVolumes()
DEBUG: BEGIN GSoundProcessor::findLowestDuckVolume()
    DEBUG: SFX duck_vol_map is empty()
DEBUG: END GSoundProcessor::findLowestDuckVolume()
    DEBUG: SFX ducking volume: 1.00
DEBUG: BEGIN: AltsoundProcessorBase::setVolume()
    INFO: Setting volume for stream 2147483703
    DEBUG: SAMPLE_VOL:0.34  GLOBAL_VOL:1.00  MASTER_VOL:1.00
    INFO: SUCCESS BASS_ChannelSetAttribute(BASS_ATTRIB_VOL)
DEBUG: END: AltsoundProcessorBase::setVolume()
    DEBUG: SFX stream 2147483703 gain:  0.40  group_vol:  0.85 ducked_vol:  1.00
DEBUG: BEGIN GSoundProcessor::findLowestDuckVolume()
    DEBUG: SFX duck_vol_map is empty()
DEBUG: END GSoundProcessor::findLowestDuckVolume()
    DEBUG: SFX ducking volume: 1.00
DEBUG: BEGIN: AltsoundProcessorBase::setVolume()
    INFO: Setting volume for stream 2147483705
    DEBUG: SAMPLE_VOL:0.34  GLOBAL_VOL:1.00  MASTER_VOL:1.00
    INFO: SUCCESS BASS_ChannelSetAttribute(BASS_ATTRIB_VOL)
DEBUG: END: AltsoundProcessorBase::setVolume()
    DEBUG: SFX stream 2147483705 gain:  0.40  group_vol:  0.85 ducked_vol:  1.00
DEBUG: BEGIN GSoundProcessor::findLowestDuckVolume()
    DEBUG: SFX duck_vol_map is empty()
DEBUG: END GSoundProcessor::findLowestDuckVolume()
    DEBUG: SFX ducking volume: 1.00
DEBUG: BEGIN: AltsoundProcessorBase::setVolume()
    INFO: Setting volume for stream 2147483691
    DEBUG: SAMPLE_VOL:0.34  GLOBAL_VOL:1.00  MASTER_VOL:1.00
    INFO: SUCCESS BASS_ChannelSetAttribute(BASS_ATTRIB_VOL)
DEBUG: END: AltsoundProcessorBase::setVolume()
    DEBUG: SFX stream 2147483691 gain:  0.40  group_vol:  0.85 ducked_vol:  1.00
DEBUG: BEGIN GSoundProcessor::findLowestDuckVolume()
    DEBUG: Min ducking value for MUSIC streams: 0.85
DEBUG: END GSoundProcessor::findLowestDuckVolume()
    DEBUG: MUSIC ducking volume: 0.85
DEBUG: BEGIN: AltsoundProcessorBase::setVolume()
    INFO: Setting volume for stream 2147483659
    DEBUG: SAMPLE_VOL:0.76  GLOBAL_VOL:1.00  MASTER_VOL:1.00
    INFO: SUCCESS BASS_ChannelSetAttribute(BASS_ATTRIB_VOL)
DEBUG: END: AltsoundProcessorBase::setVolume()
    DEBUG: MUSIC stream 2147483659 gain:  0.90  group_vol:  1.00 ducked_vol:  0.85
DEBUG: BEGIN GSoundProcessor::findLowestDuckVolume()
    DEBUG: SFX duck_vol_map is empty()
DEBUG: END GSoundProcessor::findLowestDuckVolume()
    DEBUG: SFX ducking volume: 1.00
DEBUG: BEGIN: AltsoundProcessorBase::setVolume()
    INFO: Setting volume for stream 2147483697
    DEBUG: SAMPLE_VOL:0.34  GLOBAL_VOL:1.00  MASTER_VOL:1.00
    INFO: SUCCESS BASS_ChannelSetAttribute(BASS_ATTRIB_VOL)
DEBUG: END: AltsoundProcessorBase::setVolume()
    DEBUG: SFX stream 2147483697 gain:  0.40  group_vol:  0.85 ducked_vol:  1.00
DEBUG: BEGIN GSoundProcessor::findLowestDuckVolume()
    DEBUG: SFX duck_vol_map is empty()
DEBUG: END GSoundProcessor::findLowestDuckVolume()
    DEBUG: SFX ducking volume: 1.00
DEBUG: BEGIN: AltsoundProcessorBase::setVolume()
    INFO: Setting volume for stream 2147483699
    DEBUG: SAMPLE_VOL:0.34  GLOBAL_VOL:1.00  MASTER_VOL:1.00
    INFO: SUCCESS BASS_ChannelSetAttribute(BASS_ATTRIB_VOL)
DEBUG: END: AltsoundProcessorBase::setVolume()
    DEBUG: SFX stream 2147483699 gain:  0.40  group_vol:  0.85 ducked_vol:  1.00
DEBUG: BEGIN GSoundProcessor::findLowestDuckVolume()
    DEBUG: SFX duck_vol_map is empty()
DEBUG: END GSoundProcessor::findLowestDuckVolume()
    DEBUG: SFX ducking volume: 1.00
DEBUG: BEGIN: AltsoundProcessorBase::setVolume()
    INFO: Setting volume for stream 2147483701
    DEBUG: SAMPLE_VOL:0.34  GLOBAL_VOL:1.00  MASTER_VOL:1.00
    INFO: SUCCESS BASS_ChannelSetAttribute(BASS_ATTRIB_VOL)
DEBUG: END: AltsoundProcessorBase::setVolume()
    DEBUG: SFX stream 2147483701 gain:  0.40  group_vol:  0.85 ducked_vol:  1.00
    INFO: Num active streams: 7
DEBUG: END GSoundProcessor::adjustStreamVolumes()
DEBUG: BEGIN GSoundProcessor::processPausedStreams()
DEBUG: BEGIN GSoundProcessor::tryResumeStream()
DEBUG: END GSoundProcessor::tryResumeStream()
DEBUG: BEGIN GSoundProcessor::tryResumeStream()
DEBUG: END GSoundProcessor::tryResumeStream()
DEBUG: BEGIN GSoundProcessor::tryResumeStream()
DEBUG: END GSoundProcessor::tryResumeStream()
DEBUG: BEGIN GSoundProcessor::tryResumeStream()
DEBUG: END GSoundProcessor::tryResumeStream()
DEBUG: BEGIN GSoundProcessor::tryResumeStream()
DEBUG: END GSoundProcessor::tryResumeStream()
DEBUG: BEGIN GSoundProcessor::tryResumeStream()
DEBUG: END GSoundProcessor::tryResumeStream()
DEBUG: BEGIN GSoundProcessor::tryResumeStream()
DEBUG: END GSoundProcessor::tryResumeStream()
DEBUG: END GSoundProcessor::processPausedStreams()
    INFO: SFX stream(2147483695) finished on ch(05)
DEBUG: END GSoundProcessor::common_callback()
DEBUG: BEGIN AltsoundProcessCommand()
DEBUG: Master Volume (Post Attenuation): 1.00
DEBUG: BEGIN altsound_preprocess_commands()
DEBUG: MAME_GEN: 0x0000000004000
DEBUG: Hardware Generation: DEDMD16, DEDMD32, DEDMD64, DE
DEBUG: END altsound_preprocess_commands()
DEBUG: Command complete. Processing...
    DEBUG: BEGIN GSoundProcessor::handleCmd()
        DEBUG: Acquiring mutex
        DEBUG: BEGIN GSoundProcessor::getSample()
        INFO: Found 1 sample(s) for ID: 007C
        INFO: Sample: gnr_300/0x007c-setup_button.ogg
        DEBUG: END GSoundProcessor::getSample()
        DEBUG: BEGIN GSoundProcessor::processStream()
            DEBUG: BEGIN AltsoundProcessorBase::createStream()
                INFO: BEGIN: AltsoundProcessorBase::findFreeChannel()
                    INFO: Found free channel: 04
                DEBUG: END: AltsoundProcessorBase::findFreeChannel()
                INFO: Successfully created stream(2147483707) on channel(04)
            DEBUG: END: AltsoundProcessorBase::createStream()
        DEBUG: BEGIN: GSoundProcessor::processBehaviors()
            DEBUG: Processing SFX behaviors on OVERLAY streams
            DEBUG: Processing SFX behaviors on SOLO streams
            DEBUG: Processing SFX behaviors on SFX streams
            DEBUG: Processing SFX behaviors on CALLOUT streams
            DEBUG: Processing SFX behaviors on MUSIC streams
        DEBUG: BEGIN GSoundProcessor::printBehaviorData()
        DEBUG: Printing duck_vol_map:
        DEBUG: Stream Type: OVERLAY
        DEBUG: Stream Type: SOLO
        DEBUG: Stream Type: SFX
        DEBUG: Stream Type: CALLOUT
        DEBUG: Stream Type: MUSIC
        DEBUG: Stream ID: 2147483707, Duck Volume: 0.850000
        DEBUG: Stream ID: 2147483705, Duck Volume: 0.850000
        DEBUG: Stream ID: 2147483703, Duck Volume: 0.850000
        DEBUG: Stream ID: 2147483701, Duck Volume: 0.850000
        DEBUG: Stream ID: 2147483699, Duck Volume: 0.850000
        DEBUG: Stream ID: 2147483697, Duck Volume: 0.850000
        DEBUG: Stream ID: 2147483691, Duck Volume: 0.850000
        DEBUG: Printing paused_status_map:
        DEBUG: Stream Type: OVERLAY
        DEBUG: Stream Type: SOLO
        DEBUG: Stream Type: SFX
        DEBUG: Stream Type: CALLOUT
        DEBUG: Stream Type: MUSIC
        DEBUG: END GSoundProcessor::printBehaviorData()
        DEBUG: END GSoundProcessor::processBehaviors()
        DEBUG: END GSoundProcessor::processStream()
        INFO: BEGIN GSoundProcessor::adjustStreamVolumes()
        DEBUG: BEGIN GSoundProcessor::findLowestDuckVolume()
            DEBUG: SFX duck_vol_map is empty()
        DEBUG: END GSoundProcessor::findLowestDuckVolume()
            DEBUG: SFX ducking volume: 1.00
        DEBUG: BEGIN: AltsoundProcessorBase::setVolume()
            INFO: Setting volume for stream 2147483703
            DEBUG: SAMPLE_VOL:0.34  GLOBAL_VOL:1.00  MASTER_VOL:1.00
            INFO: SUCCESS BASS_ChannelSetAttribute(BASS_ATTRIB_VOL)
        DEBUG: END: AltsoundProcessorBase::setVolume()
            DEBUG: SFX stream 2147483703 gain:  0.40  group_vol:  0.85 ducked_vol:  1.00
        DEBUG: BEGIN GSoundProcessor::findLowestDuckVolume()
            DEBUG: SFX duck_vol_map is empty()
        DEBUG: END GSoundProcessor::findLowestDuckVolume()
            DEBUG: SFX ducking volume: 1.00
        DEBUG: BEGIN: AltsoundProcessorBase::setVolume()
            INFO: Setting volume for stream 2147483705
            DEBUG: SAMPLE_VOL:0.34  GLOBAL_VOL:1.00  MASTER_VOL:1.00
            INFO: SUCCESS BASS_ChannelSetAttribute(BASS_ATTRIB_VOL)
        DEBUG: END: AltsoundProcessorBase::setVolume()
            DEBUG: SFX stream 2147483705 gain:  0.40  group_vol:  0.85 ducked_vol:  1.00
        DEBUG: BEGIN GSoundProcessor::findLowestDuckVolume()
            DEBUG: SFX duck_vol_map is empty()
        DEBUG: END GSoundProcessor::findLowestDuckVolume()
            DEBUG: SFX ducking volume: 1.00
        DEBUG: BEGIN: AltsoundProcessorBase::setVolume()
            INFO: Setting volume for stream 2147483691
            DEBUG: SAMPLE_VOL:0.34  GLOBAL_VOL:1.00  MASTER_VOL:1.00
            INFO: SUCCESS BASS_ChannelSetAttribute(BASS_ATTRIB_VOL)
        DEBUG: END: AltsoundProcessorBase::setVolume()
            DEBUG: SFX stream 2147483691 gain:  0.40  group_vol:  0.85 ducked_vol:  1.00
        DEBUG: BEGIN GSoundProcessor::findLowestDuckVolume()
            DEBUG: Min ducking value for MUSIC streams: 0.85
        DEBUG: END GSoundProcessor::findLowestDuckVolume()
            DEBUG: MUSIC ducking volume: 0.85
        DEBUG: BEGIN: AltsoundProcessorBase::setVolume()
            INFO: Setting volume for stream 2147483659
            DEBUG: SAMPLE_VOL:0.76  GLOBAL_VOL:1.00  MASTER_VOL:1.00
            INFO: SUCCESS BASS_ChannelSetAttribute(BASS_ATTRIB_VOL)
        DEBUG: END: AltsoundProcessorBase::setVolume()
            DEBUG: MUSIC stream 2147483659 gain:  0.90  group_vol:  1.00 ducked_vol:  0.85
        DEBUG: BEGIN GSoundProcessor::findLowestDuckVolume()
            DEBUG: SFX duck_vol_map is empty()
        DEBUG: END GSoundProcessor::findLowestDuckVolume()
            DEBUG: SFX ducking volume: 1.00
        DEBUG: BEGIN: AltsoundProcessorBase::setVolume()
            INFO: Setting volume for stream 2147483707
            DEBUG: SAMPLE_VOL:0.34  GLOBAL_VOL:1.00  MASTER_VOL:1.00
            INFO: SUCCESS BASS_ChannelSetAttribute(BASS_ATTRIB_VOL)
        DEBUG: END: AltsoundProcessorBase::setVolume()
            DEBUG: SFX stream 2147483707 gain:  0.40  group_vol:  0.85 ducked_vol:  1.00
        DEBUG: BEGIN GSoundProcessor::findLowestDuckVolume()
            DEBUG: SFX duck_vol_map is empty()
        DEBUG: END GSoundProcessor::findLowestDuckVolume()
            DEBUG: SFX ducking volume: 1.00
        DEBUG: BEGIN: AltsoundProcessorBase::setVolume()
            INFO: Setting volume for stream 2147483697
            DEBUG: SAMPLE_VOL:0.34  GLOBAL_VOL:1.00  MASTER_VOL:1.00
            INFO: SUCCESS BASS_ChannelSetAttribute(BASS_ATTRIB_VOL)
        DEBUG: END: AltsoundProcessorBase::setVolume()
            DEBUG: SFX stream 2147483697 gain:  0.40  group_vol:  0.85 ducked_vol:  1.00
        DEBUG: BEGIN GSoundProcessor::findLowestDuckVolume()
            DEBUG: SFX duck_vol_map is empty()
        DEBUG: END GSoundProcessor::findLowestDuckVolume()
            DEBUG: SFX ducking volume: 1.00
        DEBUG: BEGIN: AltsoundProcessorBase::setVolume()
            INFO: Setting volume for stream 2147483699
            DEBUG: SAMPLE_VOL:0.34  GLOBAL_VOL:1.00  MASTER_VOL:1.00
            INFO: SUCCESS BASS_ChannelSetAttribute(BASS_ATTRIB_VOL)
        DEBUG: END: AltsoundProcessorBase::setVolume()
            DEBUG: SFX stream 2147483699 gain:  0.40  group_vol:  0.85 ducked_vol:  1.00
        DEBUG: BEGIN GSoundProcessor::findLowestDuckVolume()
            DEBUG: SFX duck_vol_map is empty()
        DEBUG: END GSoundProcessor::findLowestDuckVolume()
            DEBUG: SFX ducking volume: 1.00
        DEBUG: BEGIN: AltsoundProcessorBase::setVolume()
            INFO: Setting volume for stream 2147483701
            DEBUG: SAMPLE_VOL:0.34  GLOBAL_VOL:1.00  MASTER_VOL:1.00
            INFO: SUCCESS BASS_ChannelSetAttribute(BASS_ATTRIB_VOL)
        DEBUG: END: AltsoundProcessorBase::setVolume()
            DEBUG: SFX stream 2147483701 gain:  0.40  group_vol:  0.85 ducked_vol:  1.00
            INFO: Num active streams: 8
        DEBUG: END GSoundProcessor::adjustStreamVolumes()
        INFO: Playing SFX stream: gnr_300/0x007c-setup_button.ogg
        DEBUG: HSTREAM(2147483707)  CH(04)  CMD(007C)  SAMPLE(gnr_300/0x007c-setup_button.ogg)
            INFO: SUCCESS SFX stream playback
    DEBUG: END GSoundProcessor::handleCmd()
INFO: SUCCESS processor::handleCmd()
DEBUG: BEGIN altsound_postprocess_commands()
DEBUG: MAME_GEN: 0x0000000004000
DEBUG: END postprocess_commands()
DEBUG: END AltsoundProcessCommand()
DEBUG: 
DEBUG: 
BEGIN: GSoundProcessor::common_callback()
    INFO: HSYNC: 2147483692  HSTREAM: 2147483691
    DEBUG: Acquiring mutex
DEBUG: BEGIN: GSoundProcessor::postProcessBehaviors()
    DEBUG: Post-processing SFX behaviors on OVERLAY streams
    DEBUG: Post-processing SFX ducking impact on OVERLAY streams
    DEBUG: Post-processing SFX behaviors on SOLO streams
    DEBUG: Post-processing SFX ducking impact on SOLO streams
    DEBUG: Post-processing SFX behaviors on SFX streams
    DEBUG: Post-processing SFX ducking impact on SFX streams
    DEBUG: Post-processing SFX behaviors on CALLOUT streams
    DEBUG: Post-processing SFX ducking impact on CALLOUT streams
    DEBUG: Post-processing SFX behaviors on MUSIC streams
    DEBUG: Post-processing SFX ducking impact on MUSIC streams
    DEBUG: Erasing ducking impact from SFX stream: 2147483691
DEBUG: BEGIN GSoundProcessor::printBehaviorData()
DEBUG: Printing duck_vol_map:
DEBUG: Stream Type: OVERLAY
DEBUG: Stream Type: SOLO
DEBUG: Stream Type: SFX
DEBUG: Stream Type: CALLOUT
DEBUG: Stream Type: MUSIC
DEBUG: Stream ID: 2147483707, Duck Volume: 0.850000
DEBUG: Stream ID: 2147483705, Duck Volume: 0.850000
DEBUG: Stream ID: 2147483703, Duck Volume: 0.850000
DEBUG: Stream ID: 2147483701, Duck Volume: 0.850000
DEBUG: Stream ID: 2147483699, Duck Volume: 0.850000
DEBUG: Stream ID: 2147483697, Duck Volume: 0.850000
DEBUG: Printing paused_status_map:
DEBUG: Stream Type: OVERLAY
DEBUG: Stream Type: SOLO
DEBUG: Stream Type: SFX
DEBUG: Stream Type: CALLOUT
DEBUG: Stream Type: MUSIC
DEBUG: END GSoundProcessor::printBehaviorData()
DEBUG: END GSoundProcessor::postProcessBehaviors()
    INFO: BEGIN AltsoundProcessorBase::freeStream()
        INFO: Successfully free'd stream(2147483691)
    DEBUG: END AltsoundProcessorBase::freeStream()
INFO: BEGIN GSoundProcessor::adjustStreamVolumes()
DEBUG: BEGIN GSoundProcessor::findLowestDuckVolume()
    DEBUG: SFX duck_vol_map is empty()
DEBUG: END GSoundProcessor::findLowestDuckVolume()
    DEBUG: SFX ducking volume: 1.00
DEBUG: BEGIN: AltsoundProcessorBase::setVolume()
    INFO: Setting volume for stream 2147483703
    DEBUG: SAMPLE_VOL:0.34  GLOBAL_VOL:1.00  MASTER_VOL:1.00
    INFO: SUCCESS BASS_ChannelSetAttribute(BASS_ATTRIB_VOL)
DEBUG: END: AltsoundProcessorBase::setVolume()
    DEBUG: SFX stream 2147483703 gain:  0.40  group_vol:  0.85 ducked_vol:  1.00
DEBUG: BEGIN GSoundProcessor::findLowestDuckVolume()
    DEBUG: SFX duck_vol_map is empty()
DEBUG: END GSoundProcessor::findLowestDuckVolume()
    DEBUG: SFX ducking volume: 1.00
DEBUG: BEGIN: AltsoundProcessorBase::setVolume()
    INFO: Setting volume for stream 2147483705
    DEBUG: SAMPLE_VOL:0.34  GLOBAL_VOL:1.00  MASTER_VOL:1.00
    INFO: SUCCESS BASS_ChannelSetAttribute(BASS_ATTRIB_VOL)
DEBUG: END: AltsoundProcessorBase::setVolume()
    DEBUG: SFX stream 2147483705 gain:  0.40  group_vol:  0.85 ducked_vol:  1.00
DEBUG: BEGIN GSoundProcessor::findLowestDuckVolume()
    DEBUG: Min ducking value for MUSIC streams: 0.85
DEBUG: END GSoundProcessor::findLowestDuckVolume()
    DEBUG: MUSIC ducking volume: 0.85
DEBUG: BEGIN: AltsoundProcessorBase::setVolume()
    INFO: Setting volume for stream 2147483659
    DEBUG: SAMPLE_VOL:0.76  GLOBAL_VOL:1.00  MASTER_VOL:1.00
    INFO: SUCCESS BASS_ChannelSetAttribute(BASS_ATTRIB_VOL)
DEBUG: END: AltsoundProcessorBase::setVolume()
    DEBUG: MUSIC stream 2147483659 gain:  0.90  group_vol:  1.00 ducked_vol:  0.85
DEBUG: BEGIN GSoundProcessor::findLowestDuckVolume()
    DEBUG: SFX duck_vol_map is empty()
DEBUG: END GSoundProcessor::findLowestDuckVolume()
    DEBUG: SFX ducking volume: 1.00
DEBUG: BEGIN: AltsoundProcessorBase::setVolume()
    INFO: Setting volume for stream 2147483707
    DEBUG: SAMPLE_VOL:0.34  GLOBAL_VOL:1.00  MASTER_VOL:1.00
    INFO: SUCCESS BASS_ChannelSetAttribute(BASS_ATTRIB_VOL)
DEBUG: END: AltsoundProcessorBase::setVolume()
    DEBUG: SFX stream 2147483707 gain:  0.40  group_vol:  0.85 ducked_vol:  1.00
DEBUG: BEGIN GSoundProcessor::findLowestDuckVolume()
    DEBUG: SFX duck_vol_map is empty()
DEBUG: END GSoundProcessor::findLowestDuckVolume()
    DEBUG: SFX ducking volume: 1.00
DEBUG: BEGIN: AltsoundProcessorBase::setVolume()
    INFO: Setting volume for stream 2147483697
    DEBUG: SAMPLE_VOL:0.34  GLOBAL_VOL:1.00  MASTER_VOL:1.00
    INFO: SUCCESS BASS_ChannelSetAttribute(BASS_ATTRIB_VOL)
DEBUG: END: AltsoundProcessorBase::setVolume()
    DEBUG: SFX stream 2147483697 gain:  0.40  group_vol:  0.85 ducked_vol:  1.00
DEBUG: BEGIN GSoundProcessor::findLowestDuckVolume()
    DEBUG: SFX duck_vol_map is empty()
DEBUG: END GSoundProcessor::findLowestDuckVolume()
    DEBUG: SFX ducking volume: 1.00
DEBUG: BEGIN: AltsoundProcessorBase::setVolume()
    INFO: Setting volume for stream 2147483699
    DEBUG: SAMPLE_VOL:0.34  GLOBAL_VOL:1.00  MASTER_VOL:1.00
    INFO: SUCCESS BASS_ChannelSetAttribute(BASS_ATTRIB_VOL)
DEBUG: END: AltsoundProcessorBase::setVolume()
    DEBUG: SFX stream 2147483699 gain:  0.40  group_vol:  0.85 ducked_vol:  1.00
DEBUG: BEGIN GSoundProcessor::findLowestDuckVolume()
    DEBUG: SFX duck_vol_map is empty()
DEBUG: END GSoundProcessor::findLowestDuckVolume()
    DEBUG: SFX ducking volume: 1.00
DEBUG: BEGIN: AltsoundProcessorBase::setVolume()
    INFO: Setting volume for stream 2147483701
    DEBUG: SAMPLE_VOL:0.34  GLOBAL_VOL:1.00  MASTER_VOL:1.00
    INFO: SUCCESS BASS_ChannelSetAttribute(BASS_ATTRIB_VOL)
DEBUG: END: AltsoundProcessorBase::setVolume()
    DEBUG: SFX stream 2147483701 gain:  0.40  group_vol:  0.85 ducked_vol:  1.00
    INFO: Num active streams: 7
DEBUG: END GSoundProcessor::adjustStreamVolumes()
DEBUG: BEGIN GSoundProcessor::processPausedStreams()
DEBUG: BEGIN GSoundProcessor::tryResumeStream()
DEBUG: END GSoundProcessor::tryResumeStream()
DEBUG: BEGIN GSoundProcessor::tryResumeStream()
DEBUG: END GSoundProcessor::tryResumeStream()
DEBUG: BEGIN GSoundProcessor::tryResumeStream()
DEBUG: END GSoundProcessor::tryResumeStream()
DEBUG: BEGIN GSoundProcessor::tryResumeStream()
DEBUG: END GSoundProcessor::tryResumeStream()
DEBUG: BEGIN GSoundProcessor::tryResumeStream()
DEBUG: END GSoundProcessor::tryResumeStream()
DEBUG: BEGIN GSoundProcessor::tryResumeStream()
DEBUG: END GSoundProcessor::tryResumeStream()
DEBUG: BEGIN GSoundProcessor::tryResumeStream()
DEBUG: END GSoundProcessor::tryResumeStream()
DEBUG: END GSoundProcessor::processPausedStreams()
    INFO: SFX stream(2147483691) finished on ch(02)
DEBUG: END GSoundProcessor::common_callback()
DEBUG: 
BEGIN: GSoundProcessor::common_callback()
    INFO: HSYNC: 2147483702  HSTREAM: 2147483701
    DEBUG: Acquiring mutex
DEBUG: BEGIN: GSoundProcessor::postProcessBehaviors()
    DEBUG: Post-processing SFX behaviors on OVERLAY streams
    DEBUG: Post-processing SFX ducking impact on OVERLAY streams
    DEBUG: Post-processing SFX behaviors on SOLO streams
    DEBUG: Post-processing SFX ducking impact on SOLO streams
    DEBUG: Post-processing SFX behaviors on SFX streams
    DEBUG: Post-processing SFX ducking impact on SFX streams
    DEBUG: Post-processing SFX behaviors on CALLOUT streams
    DEBUG: Post-processing SFX ducking impact on CALLOUT streams
    DEBUG: Post-processing SFX behaviors on MUSIC streams
    DEBUG: Post-processing SFX ducking impact on MUSIC streams
    DEBUG: Erasing ducking impact from SFX stream: 2147483701
DEBUG: BEGIN GSoundProcessor::printBehaviorData()
DEBUG: Printing duck_vol_map:
DEBUG: Stream Type: OVERLAY
DEBUG: Stream Type: SOLO
DEBUG: Stream Type: SFX
DEBUG: Stream Type: CALLOUT
DEBUG: Stream Type: MUSIC
DEBUG: Stream ID: 2147483707, Duck Volume: 0.850000
DEBUG: Stream ID: 2147483705, Duck Volume: 0.850000
DEBUG: Stream ID: 2147483703, Duck Volume: 0.850000
DEBUG: Stream ID: 2147483699, Duck Volume: 0.850000
DEBUG: Stream ID: 2147483697, Duck Volume: 0.850000
DEBUG: Printing paused_status_map:
DEBUG: Stream Type: OVERLAY
DEBUG: Stream Type: SOLO
DEBUG: Stream Type: SFX
DEBUG: Stream Type: CALLOUT
DEBUG: Stream Type: MUSIC
DEBUG: END GSoundProcessor::printBehaviorData()
DEBUG: END GSoundProcessor::postProcessBehaviors()
    INFO: BEGIN AltsoundProcessorBase::freeStream()
        INFO: Successfully free'd stream(2147483701)
    DEBUG: END AltsoundProcessorBase::freeStream()
INFO: BEGIN GSoundProcessor::adjustStreamVolumes()
DEBUG: BEGIN GSoundProcessor::findLowestDuckVolume()
    DEBUG: SFX duck_vol_map is empty()
DEBUG: END GSoundProcessor::findLowestDuckVolume()
    DEBUG: SFX ducking volume: 1.00
DEBUG: BEGIN: AltsoundProcessorBase::setVolume()
    INFO: Setting volume for stream 2147483703
    DEBUG: SAMPLE_VOL:0.34  GLOBAL_VOL:1.00  MASTER_VOL:1.00
    INFO: SUCCESS BASS_ChannelSetAttribute(BASS_ATTRIB_VOL)
DEBUG: END: AltsoundProcessorBase::setVolume()
    DEBUG: SFX stream 2147483703 gain:  0.40  group_vol:  0.85 ducked_vol:  1.00
DEBUG: BEGIN GSoundProcessor::findLowestDuckVolume()
    DEBUG: SFX duck_vol_map is empty()
DEBUG: END GSoundProcessor::findLowestDuckVolume()
    DEBUG: SFX ducking volume: 1.00
DEBUG: BEGIN: AltsoundProcessorBase::setVolume()
    INFO: Setting volume for stream 2147483705
    DEBUG: SAMPLE_VOL:0.34  GLOBAL_VOL:1.00  MASTER_VOL:1.00
    INFO: SUCCESS BASS_ChannelSetAttribute(BASS_ATTRIB_VOL)
DEBUG: END: AltsoundProcessorBase::setVolume()
    DEBUG: SFX stream 2147483705 gain:  0.40  group_vol:  0.85 ducked_vol:  1.00
DEBUG: BEGIN GSoundProcessor::findLowestDuckVolume()
    DEBUG: Min ducking value for MUSIC streams: 0.85
DEBUG: END GSoundProcessor::findLowestDuckVolume()
    DEBUG: MUSIC ducking volume: 0.85
DEBUG: BEGIN: AltsoundProcessorBase::setVolume()
    INFO: Setting volume for stream 2147483659
    DEBUG: SAMPLE_VOL:0.76  GLOBAL_VOL:1.00  MASTER_VOL:1.00
    INFO: SUCCESS BASS_ChannelSetAttribute(BASS_ATTRIB_VOL)
DEBUG: END: AltsoundProcessorBase::setVolume()
    DEBUG: MUSIC stream 2147483659 gain:  0.90  group_vol:  1.00 ducked_vol:  0.85
DEBUG: BEGIN GSoundProcessor::findLowestDuckVolume()
    DEBUG: SFX duck_vol_map is empty()
DEBUG: END GSoundProcessor::findLowestDuckVolume()
    DEBUG: SFX ducking volume: 1.00
DEBUG: BEGIN: AltsoundProcessorBase::setVolume()
    INFO: Setting volume for stream 2147483707
    DEBUG: SAMPLE_VOL:0.34  GLOBAL_VOL:1.00  MASTER_VOL:1.00
    INFO: SUCCESS BASS_ChannelSetAttribute(BASS_ATTRIB_VOL)
DEBUG: END: AltsoundProcessorBase::setVolume()
    DEBUG: SFX stream 2147483707 gain:  0.40  group_vol:  0.85 ducked_vol:  1.00
DEBUG: BEGIN GSoundProcessor::findLowestDuckVolume()
    DEBUG: SFX duck_vol_map is empty()
DEBUG: END GSoundProcessor::findLowestDuckVolume()
    DEBUG: SFX ducking volume: 1.00
DEBUG: BEGIN: AltsoundProcessorBase::setVolume()
    INFO: Setting volume for stream 2147483697
    DEBUG: SAMPLE_VOL:0.34  GLOBAL_VOL:1.00  MASTER_VOL:1.00
    INFO: SUCCESS BASS_ChannelSetAttribute(BASS_ATTRIB_VOL)
DEBUG: END: AltsoundProcessorBase::setVolume()
    DEBUG: SFX stream 2147483697 gain:  0.40  group_vol:  0.85 ducked_vol:  1.00
DEBUG: BEGIN GSoundProcessor::findLowestDuckVolume()
    DEBUG: SFX duck_vol_map is empty()
DEBUG: END GSoundProcessor::findLowestDuckVolume()
    DEBUG: SFX ducking volume: 1.00
DEBUG: BEGIN: AltsoundProcessorBase::setVolume()
    INFO: Setting volume for stream 2147483699
    DEBUG: SAMPLE_VOL:0.34  GLOBAL_VOL:1.00  MASTER_VOL:1.00
    INFO: SUCCESS BASS_ChannelSetAttribute(BASS_ATTRIB_VOL)
DEBUG: END: AltsoundProcessorBase::setVolume()
    DEBUG: SFX stream 2147483699 gain:  0.40  group_vol:  0.85 ducked_vol:  1.00
    INFO: Num active streams: 6
DEBUG: END GSoundProcessor::adjustStreamVolumes()
DEBUG: BEGIN GSoundProcessor::processPausedStreams()
DEBUG: BEGIN GSoundProcessor::tryResumeStream()
DEBUG: END GSoundProcessor::tryResumeStream()
DEBUG: BEGIN GSoundProcessor::tryResumeStream()
DEBUG: END GSoundProcessor::tryResumeStream()
DEBUG: BEGIN GSoundProcessor::tryResumeStream()
DEBUG: END GSoundProcessor::tryResumeStream()
DEBUG: BEGIN GSoundProcessor::tryResumeStream()
DEBUG: END GSoundProcessor::tryResumeStream()
DEBUG: BEGIN GSoundProcessor::tryResumeStream()
DEBUG: END GSoundProcessor::tryResumeStream()
DEBUG: BEGIN GSoundProcessor::tryResumeStream()
DEBUG: END GSoundProcessor::tryResumeStream()
DEBUG: END GSoundProcessor::processPausedStreams()
    INFO: SFX stream(2147483701) finished on ch(08)
DEBUG: END GSoundProcessor::common_callback()
DEBUG: 
BEGIN: GSoundProcessor::common_callback()
    INFO: HSYNC: 2147483700  HSTREAM: 2147483699
    DEBUG: Acquiring mutex
DEBUG: BEGIN: GSoundProcessor::postProcessBehaviors()
    DEBUG: Post-processing SFX behaviors on OVERLAY streams
    DEBUG: Post-processing SFX ducking impact on OVERLAY streams
    DEBUG: Post-processing SFX behaviors on SOLO streams
    DEBUG: Post-processing SFX ducking impact on SOLO streams
    DEBUG: Post-processing SFX behaviors on SFX streams
    DEBUG: Post-processing SFX ducking impact on SFX streams
    DEBUG: Post-processing SFX behaviors on CALLOUT streams
    DEBUG: Post-processing SFX ducking impact on CALLOUT streams
    DEBUG: Post-processing SFX behaviors on MUSIC streams
    DEBUG: Post-processing SFX ducking impact on MUSIC streams
    DEBUG: Erasing ducking impact from SFX stream: 2147483699
DEBUG: BEGIN GSoundProcessor::printBehaviorData()
DEBUG: Printing duck_vol_map:
DEBUG: Stream Type: OVERLAY
DEBUG: Stream Type: SOLO
DEBUG: Stream Type: SFX
DEBUG: Stream Type: CALLOUT
DEBUG: Stream Type: MUSIC
DEBUG: Stream ID: 2147483707, Duck Volume: 0.850000
DEBUG: Stream ID: 2147483705, Duck Volume: 0.850000
DEBUG: Stream ID: 2147483703, Duck Volume: 0.850000
DEBUG: Stream ID: 2147483697, Duck Volume: 0.850000
DEBUG: Printing paused_status_map:
DEBUG: Stream Type: OVERLAY
DEBUG: Stream Type: SOLO
DEBUG: Stream Type: SFX
DEBUG: Stream Type: CALLOUT
DEBUG: Stream Type: MUSIC
DEBUG: END GSoundProcessor::printBehaviorData()
DEBUG: END GSoundProcessor::postProcessBehaviors()
    INFO: BEGIN AltsoundProcessorBase::freeStream()
        INFO: Successfully free'd stream(2147483699)
    DEBUG: END AltsoundProcessorBase::freeStream()
INFO: BEGIN GSoundProcessor::adjustStreamVolumes()
DEBUG: BEGIN GSoundProcessor::findLowestDuckVolume()
    DEBUG: SFX duck_vol_map is empty()
DEBUG: END GSoundProcessor::findLowestDuckVolume()
    DEBUG: SFX ducking volume: 1.00
DEBUG: BEGIN: AltsoundProcessorBase::setVolume()
    INFO: Setting volume for stream 2147483703
    DEBUG: SAMPLE_VOL:0.34  GLOBAL_VOL:1.00  MASTER_VOL:1.00
    INFO: SUCCESS BASS_ChannelSetAttribute(BASS_ATTRIB_VOL)
DEBUG: END: AltsoundProcessorBase::setVolume()
    DEBUG: SFX stream 2147483703 gain:  0.40  group_vol:  0.85 ducked_vol:  1.00
DEBUG: BEGIN GSoundProcessor::findLowestDuckVolume()
    DEBUG: SFX duck_vol_map is empty()
DEBUG: END GSoundProcessor::findLowestDuckVolume()
    DEBUG: SFX ducking volume: 1.00
DEBUG: BEGIN: AltsoundProcessorBase::setVolume()
    INFO: Setting volume for stream 2147483705
    DEBUG: SAMPLE_VOL:0.34  GLOBAL_VOL:1.00  MASTER_VOL:1.00
    INFO: SUCCESS BASS_ChannelSetAttribute(BASS_ATTRIB_VOL)
DEBUG: END: AltsoundProcessorBase::setVolume()
    DEBUG: SFX stream 2147483705 gain:  0.40  group_vol:  0.85 ducked_vol:  1.00
DEBUG: BEGIN GSoundProcessor::findLowestDuckVolume()
    DEBUG: Min ducking value for MUSIC streams: 0.85
DEBUG: END GSoundProcessor::findLowestDuckVolume()
    DEBUG: MUSIC ducking volume: 0.85
DEBUG: BEGIN: AltsoundProcessorBase::setVolume()
    INFO: Setting volume for stream 2147483659
    DEBUG: SAMPLE_VOL:0.76  GLOBAL_VOL:1.00  MASTER_VOL:1.00
    INFO: SUCCESS BASS_ChannelSetAttribute(BASS_ATTRIB_VOL)
DEBUG: END: AltsoundProcessorBase::setVolume()
    DEBUG: MUSIC stream 2147483659 gain:  0.90  group_vol:  1.00 ducked_vol:  0.85
DEBUG: BEGIN GSoundProcessor::findLowestDuckVolume()
    DEBUG: SFX duck_vol_map is empty()
DEBUG: END GSoundProcessor::findLowestDuckVolume()
    DEBUG: SFX ducking volume: 1.00
DEBUG: BEGIN: AltsoundProcessorBase::setVolume()
    INFO: Setting volume for stream 2147483707
    DEBUG: SAMPLE_VOL:0.34  GLOBAL_VOL:1.00  MASTER_VOL:1.00
    INFO: SUCCESS BASS_ChannelSetAttribute(BASS_ATTRIB_VOL)
DEBUG: END: AltsoundProcessorBase::setVolume()
    DEBUG: SFX stream 2147483707 gain:  0.40  group_vol:  0.85 ducked_vol:  1.00
DEBUG: BEGIN GSoundProcessor::findLowestDuckVolume()
    DEBUG: SFX duck_vol_map is empty()
DEBUG: END GSoundProcessor::findLowestDuckVolume()
    DEBUG: SFX ducking volume: 1.00
DEBUG: BEGIN: AltsoundProcessorBase::setVolume()
    INFO: Setting volume for stream 2147483697
    DEBUG: SAMPLE_VOL:0.34  GLOBAL_VOL:1.00  MASTER_VOL:1.00
    INFO: SUCCESS BASS_ChannelSetAttribute(BASS_ATTRIB_VOL)
DEBUG: END: AltsoundProcessorBase::setVolume()
    DEBUG: SFX stream 2147483697 gain:  0.40  group_vol:  0.85 ducked_vol:  1.00
    INFO: Num active streams: 5
DEBUG: END GSoundProcessor::adjustStreamVolumes()
DEBUG: BEGIN GSoundProcessor::processPausedStreams()
DEBUG: BEGIN GSoundProcessor::tryResumeStream()
DEBUG: END GSoundProcessor::tryResumeStream()
DEBUG: BEGIN GSoundProcessor::tryResumeStream()
DEBUG: END GSoundProcessor::tryResumeStream()
DEBUG: BEGIN GSoundProcessor::tryResumeStream()
DEBUG: END GSoundProcessor::tryResumeStream()
DEBUG: BEGIN GSoundProcessor::tryResumeStream()
DEBUG: END GSoundProcessor::tryResumeStream()
DEBUG: BEGIN GSoundProcessor::tryResumeStream()
DEBUG: END GSoundProcessor::tryResumeStream()
DEBUG: END GSoundProcessor::processPausedStreams()
    INFO: SFX stream(2147483699) finished on ch(07)
DEBUG: END GSoundProcessor::common_callback()
DEBUG: BEGIN AltsoundProcessCommand()
DEBUG: Master Volume (Post Attenuation): 1.00
DEBUG: BEGIN altsound_preprocess_commands()
DEBUG: MAME_GEN: 0x0000000004000
DEBUG: Hardware Generation: DEDMD16, DEDMD32, DEDMD64, DE
DEBUG: END altsound_preprocess_commands()
DEBUG: Command complete. Processing...
    DEBUG: BEGIN GSoundProcessor::handleCmd()
        DEBUG: Acquiring mutex
        DEBUG: BEGIN GSoundProcessor::getSample()
        INFO: Found 1 sample(s) for ID: 007D
        INFO: Sample: gnr_300/0x007d-setup_validation.ogg
        DEBUG: END GSoundProcessor::getSample()
        DEBUG: BEGIN GSoundProcessor::processStream()
            DEBUG: BEGIN AltsoundProcessorBase::createStream()
                INFO: BEGIN: AltsoundProcessorBase::findFreeChannel()
                    INFO: Found free channel: 02
                DEBUG: END: AltsoundProcessorBase::findFreeChannel()
                INFO: Successfully created stream(2147483709) on channel(02)
            DEBUG: END: AltsoundProcessorBase::createStream()
        DEBUG: BEGIN: GSoundProcessor::processBehaviors()
            DEBUG: Processing SFX behaviors on OVERLAY streams
            DEBUG: Processing SFX behaviors on SOLO streams
            DEBUG: Processing SFX behaviors on SFX streams
            DEBUG: Processing SFX behaviors on CALLOUT streams
            DEBUG: Processing SFX behaviors on MUSIC streams
        DEBUG: BEGIN GSoundProcessor::printBehaviorData()
        DEBUG: Printing duck_vol_map:
        DEBUG: Stream Type: OVERLAY
        DEBUG: Stream Type: SOLO
        DEBUG: Stream Type: SFX
        DEBUG: Stream Type: CALLOUT
        DEBUG: Stream Type: MUSIC
        DEBUG: Stream ID: 2147483709, Duck Volume: 0.850000
        DEBUG: Stream ID: 2147483707, Duck Volume: 0.850000
        DEBUG: Stream ID: 2147483705, Duck Volume: 0.850000
        DEBUG: Stream ID: 2147483703, Duck Volume: 0.850000
        DEBUG: Stream ID: 2147483697, Duck Volume: 0.850000
        DEBUG: Printing paused_status_map:
        DEBUG: Stream Type: OVERLAY
        DEBUG: Stream Type: SOLO
        DEBUG: Stream Type: SFX
        DEBUG: Stream Type: CALLOUT
        DEBUG: Stream Type: MUSIC
        DEBUG: END GSoundProcessor::printBehaviorData()
        DEBUG: END GSoundProcessor::processBehaviors()
        DEBUG: END GSoundProcessor::processStream()
        INFO: BEGIN GSoundProcessor::adjustStreamVolumes()
        DEBUG: BEGIN GSoundProcessor::findLowestDuckVolume()
            DEBUG: SFX duck_vol_map is empty()
        DEBUG: END GSoundProcessor::findLowestDuckVolume()
            DEBUG: SFX ducking volume: 1.00
        DEBUG: BEGIN: AltsoundProcessorBase::setVolume()
            INFO: Setting volume for stream 2147483703
            DEBUG: SAMPLE_VOL:0.34  GLOBAL_VOL:1.00  MASTER_VOL:1.00
            INFO: SUCCESS BASS_ChannelSetAttribute(BASS_ATTRIB_VOL)
        DEBUG: END: AltsoundProcessorBase::setVolume()
            DEBUG: SFX stream 2147483703 gain:  0.40  group_vol:  0.85 ducked_vol:  1.00
        DEBUG: BEGIN GSoundProcessor::findLowestDuckVolume()
            DEBUG: SFX duck_vol_map is empty()
        DEBUG: END GSoundProcessor::findLowestDuckVolume()
            DEBUG: SFX ducking volume: 1.00
        DEBUG: BEGIN: AltsoundProcessorBase::setVolume()
            INFO: Setting volume for stream 2147483705
            DEBUG: SAMPLE_VOL:0.34  GLOBAL_VOL:1.00  MASTER_VOL:1.00
            INFO: SUCCESS BASS_ChannelSetAttribute(BASS_ATTRIB_VOL)
        DEBUG: END: AltsoundProcessorBase::setVolume()
            DEBUG: SFX stream 2147483705 gain:  0.40  group_vol:  0.85 ducked_vol:  1.00
        DEBUG: BEGIN GSoundProcessor::findLowestDuckVolume()
            DEBUG: SFX duck_vol_map is empty()
        DEBUG: END GSoundProcessor::findLowestDuckVolume()
            DEBUG: SFX ducking volume: 1.00
        DEBUG: BEGIN: AltsoundProcessorBase::setVolume()
            INFO: Setting volume for stream 2147483709
            DEBUG: SAMPLE_VOL:0.34  GLOBAL_VOL:1.00  MASTER_VOL:1.00
            INFO: SUCCESS BASS_ChannelSetAttribute(BASS_ATTRIB_VOL)
        DEBUG: END: AltsoundProcessorBase::setVolume()
            DEBUG: SFX stream 2147483709 gain:  0.40  group_vol:  0.85 ducked_vol:  1.00
        DEBUG: BEGIN GSoundProcessor::findLowestDuckVolume()
            DEBUG: Min ducking value for MUSIC streams: 0.85
        DEBUG: END GSoundProcessor::findLowestDuckVolume()
            DEBUG: MUSIC ducking volume: 0.85
        DEBUG: BEGIN: AltsoundProcessorBase::setVolume()
            INFO: Setting volume for stream 2147483659
            DEBUG: SAMPLE_VOL:0.76  GLOBAL_VOL:1.00  MASTER_VOL:1.00
            INFO: SUCCESS BASS_ChannelSetAttribute(BASS_ATTRIB_VOL)
        DEBUG: END: AltsoundProcessorBase::setVolume()
            DEBUG: MUSIC stream 2147483659 gain:  0.90  group_vol:  1.00 ducked_vol:  0.85
        DEBUG: BEGIN GSoundProcessor::findLowestDuckVolume()
            DEBUG: SFX duck_vol_map is empty()
        DEBUG: END GSoundProcessor::findLowestDuckVolume()
            DEBUG: SFX ducking volume: 1.00
        DEBUG: BEGIN: AltsoundProcessorBase::setVolume()
            INFO: Setting volume for stream 2147483707
            DEBUG: SAMPLE_VOL:0.34  GLOBAL_VOL:1.00  MASTER_VOL:1.00
            INFO: SUCCESS BASS_ChannelSetAttribute(BASS_ATTRIB_VOL)
        DEBUG: END: AltsoundProcessorBase::setVolume()
            DEBUG: SFX stream 2147483707 gain:  0.40  group_vol:  0.85 ducked_vol:  1.00
        DEBUG: BEGIN GSoundProcessor::findLowestDuckVolume()
            DEBUG: SFX duck_vol_map is empty()
        DEBUG: END GSoundProcessor::findLowestDuckVolume()
            DEBUG: SFX ducking volume: 1.00
        DEBUG: BEGIN: AltsoundProcessorBase::setVolume()
            INFO: Setting volume for stream 2147483697
            DEBUG: SAMPLE_VOL:0.34  GLOBAL_VOL:1.00  MASTER_VOL:1.00
            INFO: SUCCESS BASS_ChannelSetAttribute(BASS_ATTRIB_VOL)
        DEBUG: END: AltsoundProcessorBase::setVolume()
            DEBUG: SFX stream 2147483697 gain:  0.40  group_vol:  0.85 ducked_vol:  1.00
            INFO: Num active streams: 6
        DEBUG: END GSoundProcessor::adjustStreamVolumes()
        INFO: Playing SFX stream: gnr_300/0x007d-setup_validation.ogg
        DEBUG: HSTREAM(2147483709)  CH(02)  CMD(007D)  SAMPLE(gnr_300/0x007d-setup_validation.ogg)
            INFO: SUCCESS SFX stream playback
    DEBUG: END GSoundProcessor::handleCmd()
INFO: SUCCESS processor::handleCmd()
DEBUG: BEGIN altsound_postprocess_commands()
DEBUG: MAME_GEN: 0x0000000004000
DEBUG: END postprocess_commands()
DEBUG: END AltsoundProcessCommand()
DEBUG: 
DEBUG: BEGIN AltsoundProcessCommand()
DEBUG: Master Volume (Post Attenuation): 1.00
DEBUG: BEGIN altsound_preprocess_commands()
DEBUG: MAME_GEN: 0x0000000004000
DEBUG: Hardware Generation: DEDMD16, DEDMD32, DEDMD64, DE
DEBUG: END altsound_preprocess_commands()
DEBUG: Command complete. Processing...
    DEBUG: BEGIN GSoundProcessor::handleCmd()
        DEBUG: Acquiring mutex
        DEBUG: BEGIN GSoundProcessor::getSample()
        INFO: Found 1 sample(s) for ID: 007B
        INFO: Sample: gnr_300/0x007b-push_button.ogg
        DEBUG: END GSoundProcessor::getSample()
        DEBUG: BEGIN GSoundProcessor::processStream()
            DEBUG: BEGIN AltsoundProcessorBase::createStream()
                INFO: BEGIN: AltsoundProcessorBase::findFreeChannel()
                    INFO: Found free channel: 05
                DEBUG: END: AltsoundProcessorBase::findFreeChannel()
                INFO: Successfully created stream(2147483711) on channel(05)
            DEBUG: END: AltsoundProcessorBase::createStream()
        DEBUG: BEGIN: GSoundProcessor::processBehaviors()
            DEBUG: Processing SFX behaviors on OVERLAY streams
            DEBUG: Processing SFX behaviors on SOLO streams
            DEBUG: Processing SFX behaviors on SFX streams
            DEBUG: Processing SFX behaviors on CALLOUT streams
            DEBUG: Processing SFX behaviors on MUSIC streams
        DEBUG: BEGIN GSoundProcessor::printBehaviorData()
        DEBUG: Printing duck_vol_map:
        DEBUG: Stream Type: OVERLAY
        DEBUG: Stream Type: SOLO
        DEBUG: Stream Type: SFX
        DEBUG: Stream Type: CALLOUT
        DEBUG: Stream Type: MUSIC
        DEBUG: Stream ID: 2147483711, Duck Volume: 0.850000
        DEBUG: Stream ID: 2147483709, Duck Volume: 0.850000
        DEBUG: Stream ID: 2147483707, Duck Volume: 0.850000
        DEBUG: Stream ID: 2147483705, Duck Volume: 0.850000
        DEBUG: Stream ID: 2147483703, Duck Volume: 0.850000
        DEBUG: Stream ID: 2147483697, Duck Volume: 0.850000
        DEBUG: Printing paused_status_map:
        DEBUG: Stream Type: OVERLAY
        DEBUG: Stream Type: SOLO
        DEBUG: Stream Type: SFX
        DEBUG: Stream Type: CALLOUT
        DEBUG: Stream Type: MUSIC
        DEBUG: END GSoundProcessor::printBehaviorData()
        DEBUG: END GSoundProcessor::processBehaviors()
        DEBUG: END GSoundProcessor::processStream()
        INFO: BEGIN GSoundProcessor::adjustStreamVolumes()
        DEBUG: BEGIN GSoundProcessor::findLowestDuckVolume()
            DEBUG: SFX duck_vol_map is empty()
        DEBUG: END GSoundProcessor::findLowestDuckVolume()
            DEBUG: SFX ducking volume: 1.00
        DEBUG: BEGIN: AltsoundProcessorBase::setVolume()
            INFO: Setting volume for stream 2147483703
            DEBUG: SAMPLE_VOL:0.34  GLOBAL_VOL:1.00  MASTER_VOL:1.00
            INFO: SUCCESS BASS_ChannelSetAttribute(BASS_ATTRIB_VOL)
        DEBUG: END: AltsoundProcessorBase::setVolume()
            DEBUG: SFX stream 2147483703 gain:  0.40  group_vol:  0.85 ducked_vol:  1.00
        DEBUG: BEGIN GSoundProcessor::findLowestDuckVolume()
            DEBUG: SFX duck_vol_map is empty()
        DEBUG: END GSoundProcessor::findLowestDuckVolume()
            DEBUG: SFX ducking volume: 1.00
        DEBUG: BEGIN: AltsoundProcessorBase::setVolume()
            INFO: Setting volume for stream 2147483705
            DEBUG: SAMPLE_VOL:0.34  GLOBAL_VOL:1.00  MASTER_VOL:1.00
            INFO: SUCCESS BASS_ChannelSetAttribute(BASS_ATTRIB_VOL)
        DEBUG: END: AltsoundProcessorBase::setVolume()
            DEBUG: SFX stream 2147483705 gain:  0.40  group_vol:  0.85 ducked_vol:  1.00
        DEBUG: BEGIN GSoundProcessor::findLowestDuckVolume()
            DEBUG: SFX duck_vol_map is empty()
        DEBUG: END GSoundProcessor::findLowestDuckVolume()
            DEBUG: SFX ducking volume: 1.00
        DEBUG: BEGIN: AltsoundProcessorBase::setVolume()
            INFO: Setting volume for stream 2147483709
            DEBUG: SAMPLE_VOL:0.34  GLOBAL_VOL:1.00  MASTER_VOL:1.00
            INFO: SUCCESS BASS_ChannelSetAttribute(BASS_ATTRIB_VOL)
        DEBUG: END: AltsoundProcessorBase::setVolume()
            DEBUG: SFX stream 2147483709 gain:  0.40  group_vol:  0.85 ducked_vol:  1.00
        DEBUG: BEGIN GSoundProcessor::findLowestDuckVolume()
            DEBUG: Min ducking value for MUSIC streams: 0.85
        DEBUG: END GSoundProcessor::findLowestDuckVolume()
            DEBUG: MUSIC ducking volume: 0.85
        DEBUG: BEGIN: AltsoundProcessorBase::setVolume()
            INFO: Setting volume for stream 2147483659
            DEBUG: SAMPLE_VOL:0.76  GLOBAL_VOL:1.00  MASTER_VOL:1.00
            INFO: SUCCESS BASS_ChannelSetAttribute(BASS_ATTRIB_VOL)
        DEBUG: END: AltsoundProcessorBase::setVolume()
            DEBUG: MUSIC stream 2147483659 gain:  0.90  group_vol:  1.00 ducked_vol:  0.85
        DEBUG: BEGIN GSoundProcessor::findLowestDuckVolume()
            DEBUG: SFX duck_vol_map is empty()
        DEBUG: END GSoundProcessor::findLowestDuckVolume()
            DEBUG: SFX ducking volume: 1.00
        DEBUG: BEGIN: AltsoundProcessorBase::setVolume()
            INFO: Setting volume for stream 2147483707
            DEBUG: SAMPLE_VOL:0.34  GLOBAL_VOL:1.00  MASTER_VOL:1.00
            INFO: SUCCESS BASS_ChannelSetAttribute(BASS_ATTRIB_VOL)
        DEBUG: END: AltsoundProcessorBase::setVolume()
            DEBUG: SFX stream 2147483707 gain:  0.40  group_vol:  0.85 ducked_vol:  1.00
        DEBUG: BEGIN GSoundProcessor::findLowestDuckVolume()
            DEBUG: SFX duck_vol_map is empty()
        DEBUG: END GSoundProcessor::findLowestDuckVolume()
            DEBUG: SFX ducking volume: 1.00
        DEBUG: BEGIN: AltsoundProcessorBase::setVolume()
            INFO: Setting volume for stream 2147483711
            DEBUG: SAMPLE_VOL:0.34  GLOBAL_VOL:1.00  MASTER_VOL:1.00
            INFO: SUCCESS BASS_ChannelSetAttribute(BASS_ATTRIB_VOL)
        DEBUG: END: AltsoundProcessorBase::setVolume()
            DEBUG: SFX stream 2147483711 gain:  0.40  group_vol:  0.85 ducked_vol:  1.00
        DEBUG: BEGIN GSoundProcessor::findLowestDuckVolume()
            DEBUG: SFX duck_vol_map is empty()
        DEBUG: END GSoundProcessor::findLowestDuckVolume()
            DEBUG: SFX ducking volume: 1.00
        DEBUG: BEGIN: AltsoundProcessorBase::setVolume()
            INFO: Setting volume for stream 2147483697
            DEBUG: SAMPLE_VOL:0.34  GLOBAL_VOL:1.00  MASTER_VOL:1.00
            INFO: SUCCESS BASS_ChannelSetAttribute(BASS_ATTRIB_VOL)
        DEBUG: END: AltsoundProcessorBase::setVolume()
            DEBUG: SFX stream 2147483697 gain:  0.40  group_vol:  0.85 ducked_vol:  1.00
            INFO: Num active streams: 7
        DEBUG: END GSoundProcessor::adjustStreamVolumes()
        INFO: Playing SFX stream: gnr_300/0x007b-push_button.ogg
        DEBUG: HSTREAM(2147483711)  CH(05)  CMD(007B)  SAMPLE(gnr_300/0x007b-push_button.ogg)
            INFO: SUCCESS SFX stream playback
    DEBUG: END GSoundProcessor::handleCmd()
INFO: SUCCESS processor::handleCmd()
DEBUG: BEGIN altsound_postprocess_commands()
DEBUG: MAME_GEN: 0x0000000004000
DEBUG: END postprocess_commands()
DEBUG: END AltsoundProcessCommand()
DEBUG: 
DEBUG: BEGIN AltsoundProcessCommand()
DEBUG: Master Volume (Post Attenuation): 1.00
DEBUG: BEGIN altsound_preprocess_commands()
DEBUG: MAME_GEN: 0x0000000004000
DEBUG: Hardware Generation: DEDMD16, DEDMD32, DEDMD64, DE
DEBUG: END altsound_preprocess_commands()
DEBUG: Command complete. Processing...
    DEBUG: BEGIN GSoundProcessor::handleCmd()
        DEBUG: Acquiring mutex
        DEBUG: BEGIN GSoundProcessor::getSample()
        INFO: Found 1 sample(s) for ID: 007C
        INFO: Sample: gnr_300/0x007c-setup_button.ogg
        DEBUG: END GSoundProcessor::getSample()
        DEBUG: BEGIN GSoundProcessor::processStream()
            DEBUG: BEGIN AltsoundProcessorBase::createStream()
                INFO: BEGIN: AltsoundProcessorBase::findFreeChannel()
                    INFO: Found free channel: 07
                DEBUG: END: AltsoundProcessorBase::findFreeChannel()
                INFO: Successfully created stream(2147483713) on channel(07)
            DEBUG: END: AltsoundProcessorBase::createStream()
        DEBUG: BEGIN: GSoundProcessor::processBehaviors()
            DEBUG: Processing SFX behaviors on OVERLAY streams
            DEBUG: Processing SFX behaviors on SOLO streams
            DEBUG: Processing SFX behaviors on SFX streams
            DEBUG: Processing SFX behaviors on CALLOUT streams
            DEBUG: Processing SFX behaviors on MUSIC streams
        DEBUG: BEGIN GSoundProcessor::printBehaviorData()
        DEBUG: Printing duck_vol_map:
        DEBUG: Stream Type: OVERLAY
        DEBUG: Stream Type: SOLO
        DEBUG: Stream Type: SFX
        DEBUG: Stream Type: CALLOUT
        DEBUG: Stream Type: MUSIC
        DEBUG: Stream ID: 2147483713, Duck Volume: 0.850000
        DEBUG: Stream ID: 2147483711, Duck Volume: 0.850000
        DEBUG: Stream ID: 2147483709, Duck Volume: 0.850000
        DEBUG: Stream ID: 2147483707, Duck Volume: 0.850000
        DEBUG: Stream ID: 2147483705, Duck Volume: 0.850000
        DEBUG: Stream ID: 2147483703, Duck Volume: 0.850000
        DEBUG: Stream ID: 2147483697, Duck Volume: 0.850000
        DEBUG: Printing paused_status_map:
        DEBUG: Stream Type: OVERLAY
        DEBUG: Stream Type: SOLO
        DEBUG: Stream Type: SFX
        DEBUG: Stream Type: CALLOUT
        DEBUG: Stream Type: MUSIC
        DEBUG: END GSoundProcessor::printBehaviorData()
        DEBUG: END GSoundProcessor::processBehaviors()
        DEBUG: END GSoundProcessor::processStream()
        INFO: BEGIN GSoundProcessor::adjustStreamVolumes()
        DEBUG: BEGIN GSoundProcessor::findLowestDuckVolume()
            DEBUG: SFX duck_vol_map is empty()
        DEBUG: END GSoundProcessor::findLowestDuckVolume()
            DEBUG: SFX ducking volume: 1.00
        DEBUG: BEGIN: AltsoundProcessorBase::setVolume()
            INFO: Setting volume for stream 2147483703
            DEBUG: SAMPLE_VOL:0.34  GLOBAL_VOL:1.00  MASTER_VOL:1.00
            INFO: SUCCESS BASS_ChannelSetAttribute(BASS_ATTRIB_VOL)
        DEBUG: END: AltsoundProcessorBase::setVolume()
            DEBUG: SFX stream 2147483703 gain:  0.40  group_vol:  0.85 ducked_vol:  1.00
        DEBUG: BEGIN GSoundProcessor::findLowestDuckVolume()
            DEBUG: SFX duck_vol_map is empty()
        DEBUG: END GSoundProcessor::findLowestDuckVolume()
            DEBUG: SFX ducking volume: 1.00
        DEBUG: BEGIN: AltsoundProcessorBase::setVolume()
            INFO: Setting volume for stream 2147483705
            DEBUG: SAMPLE_VOL:0.34  GLOBAL_VOL:1.00  MASTER_VOL:1.00
            INFO: SUCCESS BASS_ChannelSetAttribute(BASS_ATTRIB_VOL)
        DEBUG: END: AltsoundProcessorBase::setVolume()
            DEBUG: SFX stream 2147483705 gain:  0.40  group_vol:  0.85 ducked_vol:  1.00
        DEBUG: BEGIN GSoundProcessor::findLowestDuckVolume()
            DEBUG: SFX duck_vol_map is empty()
        DEBUG: END GSoundProcessor::findLowestDuckVolume()
            DEBUG: SFX ducking volume: 1.00
        DEBUG: BEGIN: AltsoundProcessorBase::setVolume()
            INFO: Setting volume for stream 2147483709
            DEBUG: SAMPLE_VOL:0.34  GLOBAL_VOL:1.00  MASTER_VOL:1.00
            INFO: SUCCESS BASS_ChannelSetAttribute(BASS_ATTRIB_VOL)
        DEBUG: END: AltsoundProcessorBase::setVolume()
            DEBUG: SFX stream 2147483709 gain:  0.40  group_vol:  0.85 ducked_vol:  1.00
        DEBUG: BEGIN GSoundProcessor::findLowestDuckVolume()
            DEBUG: Min ducking value for MUSIC streams: 0.85
        DEBUG: END GSoundProcessor::findLowestDuckVolume()
            DEBUG: MUSIC ducking volume: 0.85
        DEBUG: BEGIN: AltsoundProcessorBase::setVolume()
            INFO: Setting volume for stream 2147483659
            DEBUG: SAMPLE_VOL:0.76  GLOBAL_VOL:1.00  MASTER_VOL:1.00
            INFO: SUCCESS BASS_ChannelSetAttribute(BASS_ATTRIB_VOL)
        DEBUG: END: AltsoundProcessorBase::setVolume()
            DEBUG: MUSIC stream 2147483659 gain:  0.90  group_vol:  1.00 ducked_vol:  0.85
        DEBUG: BEGIN GSoundProcessor::findLowestDuckVolume()
            DEBUG: SFX duck_vol_map is empty()
        DEBUG: END GSoundProcessor::findLowestDuckVolume()
            DEBUG: SFX ducking volume: 1.00
        DEBUG: BEGIN: AltsoundProcessorBase::setVolume()
            INFO: Setting volume for stream 2147483707
            DEBUG: SAMPLE_VOL:0.34  GLOBAL_VOL:1.00  MASTER_VOL:1.00
            INFO: SUCCESS BASS_ChannelSetAttribute(BASS_ATTRIB_VOL)
        DEBUG: END: AltsoundProcessorBase::setVolume()
            DEBUG: SFX stream 2147483707 gain:  0.40  group_vol:  0.85 ducked_vol:  1.00
        DEBUG: BEGIN GSoundProcessor::findLowestDuckVolume()
            DEBUG: SFX duck_vol_map is empty()
        DEBUG: END GSoundProcessor::findLowestDuckVolume()
            DEBUG: SFX ducking volume: 1.00
        DEBUG: BEGIN: AltsoundProcessorBase::setVolume()
            INFO: Setting volume for stream 2147483711
            DEBUG: SAMPLE_VOL:0.34  GLOBAL_VOL:1.00  MASTER_VOL:1.00
            INFO: SUCCESS BASS_ChannelSetAttribute(BASS_ATTRIB_VOL)
        DEBUG: END: AltsoundProcessorBase::setVolume()
            DEBUG: SFX stream 2147483711 gain:  0.40  group_vol:  0.85 ducked_vol:  1.00
        DEBUG: BEGIN GSoundProcessor::findLowestDuckVolume()
            DEBUG: SFX duck_vol_map is empty()
        DEBUG: END GSoundProcessor::findLowestDuckVolume()
            DEBUG: SFX ducking volume: 1.00
        DEBUG: BEGIN: AltsoundProcessorBase::setVolume()
            INFO: Setting volume for stream 2147483697
            DEBUG: SAMPLE_VOL:0.34  GLOBAL_VOL:1.00  MASTER_VOL:1.00
            INFO: SUCCESS BASS_ChannelSetAttribute(BASS_ATTRIB_VOL)
        DEBUG: END: AltsoundProcessorBase::setVolume()
            DEBUG: SFX stream 2147483697 gain:  0.40  group_vol:  0.85 ducked_vol:  1.00
        DEBUG: BEGIN GSoundProcessor::findLowestDuckVolume()
            DEBUG: SFX duck_vol_map is empty()
        DEBUG: END GSoundProcessor::findLowestDuckVolume()
            DEBUG: SFX ducking volume: 1.00
        DEBUG: BEGIN: AltsoundProcessorBase::setVolume()
            INFO: Setting volume for stream 2147483713
            DEBUG: SAMPLE_VOL:0.34  GLOBAL_VOL:1.00  MASTER_VOL:1.00
            INFO: SUCCESS BASS_ChannelSetAttribute(BASS_ATTRIB_VOL)
        DEBUG: END: AltsoundProcessorBase::setVolume()
            DEBUG: SFX stream 2147483713 gain:  0.40  group_vol:  0.85 ducked_vol:  1.00
            INFO: Num active streams: 8
        DEBUG: END GSoundProcessor::adjustStreamVolumes()
        INFO: Playing SFX stream: gnr_300/0x007c-setup_button.ogg
        DEBUG: HSTREAM(2147483713)  CH(07)  CMD(007C)  SAMPLE(gnr_300/0x007c-setup_button.ogg)
            INFO: SUCCESS SFX stream playback
    DEBUG: END GSoundProcessor::handleCmd()
INFO: SUCCESS processor::handleCmd()
DEBUG: BEGIN altsound_postprocess_commands()
DEBUG: MAME_GEN: 0x0000000004000
DEBUG: END postprocess_commands()
DEBUG: END AltsoundProcessCommand()
DEBUG: 
DEBUG: 
BEGIN: GSoundProcessor::common_callback()
    INFO: HSYNC: 2147483698  HSTREAM: 2147483697
    DEBUG: Acquiring mutex
DEBUG: BEGIN: GSoundProcessor::postProcessBehaviors()
    DEBUG: Post-processing SFX behaviors on OVERLAY streams
    DEBUG: Post-processing SFX ducking impact on OVERLAY streams
    DEBUG: Post-processing SFX behaviors on SOLO streams
    DEBUG: Post-processing SFX ducking impact on SOLO streams
    DEBUG: Post-processing SFX behaviors on SFX streams
    DEBUG: Post-processing SFX ducking impact on SFX streams
    DEBUG: Post-processing SFX behaviors on CALLOUT streams
    DEBUG: Post-processing SFX ducking impact on CALLOUT streams
    DEBUG: Post-processing SFX behaviors on MUSIC streams
    DEBUG: Post-processing SFX ducking impact on MUSIC streams
    DEBUG: Erasing ducking impact from SFX stream: 2147483697
DEBUG: BEGIN GSoundProcessor::printBehaviorData()
DEBUG: Printing duck_vol_map:
DEBUG: Stream Type: OVERLAY
DEBUG: Stream Type: SOLO
DEBUG: Stream Type: SFX
DEBUG: Stream Type: CALLOUT
DEBUG: Stream Type: MUSIC
DEBUG: Stream ID: 2147483713, Duck Volume: 0.850000
DEBUG: Stream ID: 2147483711, Duck Volume: 0.850000
DEBUG: Stream ID: 2147483709, Duck Volume: 0.850000
DEBUG: Stream ID: 2147483707, Duck Volume: 0.850000
DEBUG: Stream ID: 2147483705, Duck Volume: 0.850000
DEBUG: Stream ID: 2147483703, Duck Volume: 0.850000
DEBUG: Printing paused_status_map:
DEBUG: Stream Type: OVERLAY
DEBUG: Stream Type: SOLO
DEBUG: Stream Type: SFX
DEBUG: Stream Type: CALLOUT
DEBUG: Stream Type: MUSIC
DEBUG: END GSoundProcessor::printBehaviorData()
DEBUG: END GSoundProcessor::postProcessBehaviors()
    INFO: BEGIN AltsoundProcessorBase::freeStream()
        INFO: Successfully free'd stream(2147483697)
    DEBUG: END AltsoundProcessorBase::freeStream()
INFO: BEGIN GSoundProcessor::adjustStreamVolumes()
DEBUG: BEGIN GSoundProcessor::findLowestDuckVolume()
    DEBUG: SFX duck_vol_map is empty()
DEBUG: END GSoundProcessor::findLowestDuckVolume()
    DEBUG: SFX ducking volume: 1.00
DEBUG: BEGIN: AltsoundProcessorBase::setVolume()
    INFO: Setting volume for stream 2147483703
    DEBUG: SAMPLE_VOL:0.34  GLOBAL_VOL:1.00  MASTER_VOL:1.00
    INFO: SUCCESS BASS_ChannelSetAttribute(BASS_ATTRIB_VOL)
DEBUG: END: AltsoundProcessorBase::setVolume()
    DEBUG: SFX stream 2147483703 gain:  0.40  group_vol:  0.85 ducked_vol:  1.00
DEBUG: BEGIN GSoundProcessor::findLowestDuckVolume()
    DEBUG: SFX duck_vol_map is empty()
DEBUG: END GSoundProcessor::findLowestDuckVolume()
    DEBUG: SFX ducking volume: 1.00
DEBUG: BEGIN: AltsoundProcessorBase::setVolume()
    INFO: Setting volume for stream 2147483705
    DEBUG: SAMPLE_VOL:0.34  GLOBAL_VOL:1.00  MASTER_VOL:1.00
    INFO: SUCCESS BASS_ChannelSetAttribute(BASS_ATTRIB_VOL)
DEBUG: END: AltsoundProcessorBase::setVolume()
    DEBUG: SFX stream 2147483705 gain:  0.40  group_vol:  0.85 ducked_vol:  1.00
DEBUG: BEGIN GSoundProcessor::findLowestDuckVolume()
    DEBUG: SFX duck_vol_map is empty()
DEBUG: END GSoundProcessor::findLowestDuckVolume()
    DEBUG: SFX ducking volume: 1.00
DEBUG: BEGIN: AltsoundProcessorBase::setVolume()
    INFO: Setting volume for stream 2147483709
    DEBUG: SAMPLE_VOL:0.34  GLOBAL_VOL:1.00  MASTER_VOL:1.00
    INFO: SUCCESS BASS_ChannelSetAttribute(BASS_ATTRIB_VOL)
DEBUG: END: AltsoundProcessorBase::setVolume()
    DEBUG: SFX stream 2147483709 gain:  0.40  group_vol:  0.85 ducked_vol:  1.00
DEBUG: BEGIN GSoundProcessor::findLowestDuckVolume()
    DEBUG: Min ducking value for MUSIC streams: 0.85
DEBUG: END GSoundProcessor::findLowestDuckVolume()
    DEBUG: MUSIC ducking volume: 0.85
DEBUG: BEGIN: AltsoundProcessorBase::setVolume()
    INFO: Setting volume for stream 2147483659
    DEBUG: SAMPLE_VOL:0.76  GLOBAL_VOL:1.00  MASTER_VOL:1.00
    INFO: SUCCESS BASS_ChannelSetAttribute(BASS_ATTRIB_VOL)
DEBUG: END: AltsoundProcessorBase::setVolume()
    DEBUG: MUSIC stream 2147483659 gain:  0.90  group_vol:  1.00 ducked_vol:  0.85
DEBUG: BEGIN GSoundProcessor::findLowestDuckVolume()
    DEBUG: SFX duck_vol_map is empty()
DEBUG: END GSoundProcessor::findLowestDuckVolume()
    DEBUG: SFX ducking volume: 1.00
DEBUG: BEGIN: AltsoundProcessorBase::setVolume()
    INFO: Setting volume for stream 2147483707
    DEBUG: SAMPLE_VOL:0.34  GLOBAL_VOL:1.00  MASTER_VOL:1.00
    INFO: SUCCESS BASS_ChannelSetAttribute(BASS_ATTRIB_VOL)
DEBUG: END: AltsoundProcessorBase::setVolume()
    DEBUG: SFX stream 2147483707 gain:  0.40  group_vol:  0.85 ducked_vol:  1.00
DEBUG: BEGIN GSoundProcessor::findLowestDuckVolume()
    DEBUG: SFX duck_vol_map is empty()
DEBUG: END GSoundProcessor::findLowestDuckVolume()
    DEBUG: SFX ducking volume: 1.00
DEBUG: BEGIN: AltsoundProcessorBase::setVolume()
    INFO: Setting volume for stream 2147483711
    DEBUG: SAMPLE_VOL:0.34  GLOBAL_VOL:1.00  MASTER_VOL:1.00
    INFO: SUCCESS BASS_ChannelSetAttribute(BASS_ATTRIB_VOL)
DEBUG: END: AltsoundProcessorBase::setVolume()
    DEBUG: SFX stream 2147483711 gain:  0.40  group_vol:  0.85 ducked_vol:  1.00
DEBUG: BEGIN GSoundProcessor::findLowestDuckVolume()
    DEBUG: SFX duck_vol_map is empty()
DEBUG: END GSoundProcessor::findLowestDuckVolume()
    DEBUG: SFX ducking volume: 1.00
DEBUG: BEGIN: AltsoundProcessorBase::setVolume()
    INFO: Setting volume for stream 2147483713
    DEBUG: SAMPLE_VOL:0.34  GLOBAL_VOL:1.00  MASTER_VOL:1.00
    INFO: SUCCESS BASS_ChannelSetAttribute(BASS_ATTRIB_VOL)
DEBUG: END: AltsoundProcessorBase::setVolume()
    DEBUG: SFX stream 2147483713 gain:  0.40  group_vol:  0.85 ducked_vol:  1.00
    INFO: Num active streams: 7
DEBUG: END GSoundProcessor::adjustStreamVolumes()
DEBUG: BEGIN GSoundProcessor::processPausedStreams()
DEBUG: BEGIN GSoundProcessor::tryResumeStream()
DEBUG: END GSoundProcessor::tryResumeStream()
DEBUG: BEGIN GSoundProcessor::tryResumeStream()
DEBUG: END GSoundProcessor::tryResumeStream()
DEBUG: BEGIN GSoundProcessor::tryResumeStream()
DEBUG: END GSoundProcessor::tryResumeStream()
DEBUG: BEGIN GSoundProcessor::tryResumeStream()
DEBUG: END GSoundProcessor::tryResumeStream()
DEBUG: BEGIN GSoundProcessor::tryResumeStream()
DEBUG: END GSoundProcessor::tryResumeStream()
DEBUG: BEGIN GSoundProcessor::tryResumeStream()
DEBUG: END GSoundProcessor::tryResumeStream()
DEBUG: BEGIN GSoundProcessor::tryResumeStream()
DEBUG: END GSoundProcessor::tryResumeStream()
DEBUG: END GSoundProcessor::processPausedStreams()
    INFO: SFX stream(2147483697) finished on ch(06)
DEBUG: END GSoundProcessor::common_callback()
DEBUG: 
BEGIN: GSoundProcessor::common_callback()
    INFO: HSYNC: 2147483706  HSTREAM: 2147483705
    DEBUG: Acquiring mutex
DEBUG: BEGIN: GSoundProcessor::postProcessBehaviors()
    DEBUG: Post-processing SFX behaviors on OVERLAY streams
    DEBUG: Post-processing SFX ducking impact on OVERLAY streams
    DEBUG: Post-processing SFX behaviors on SOLO streams
    DEBUG: Post-processing SFX ducking impact on SOLO streams
    DEBUG: Post-processing SFX behaviors on SFX streams
    DEBUG: Post-processing SFX ducking impact on SFX streams
    DEBUG: Post-processing SFX behaviors on CALLOUT streams
    DEBUG: Post-processing SFX ducking impact on CALLOUT streams
    DEBUG: Post-processing SFX behaviors on MUSIC streams
    DEBUG: Post-processing SFX ducking impact on MUSIC streams
    DEBUG: Erasing ducking impact from SFX stream: 2147483705
DEBUG: BEGIN GSoundProcessor::printBehaviorData()
DEBUG: Printing duck_vol_map:
DEBUG: Stream Type: OVERLAY
DEBUG: Stream Type: SOLO
DEBUG: Stream Type: SFX
DEBUG: Stream Type: CALLOUT
DEBUG: Stream Type: MUSIC
DEBUG: Stream ID: 2147483713, Duck Volume: 0.850000
DEBUG: Stream ID: 2147483711, Duck Volume: 0.850000
DEBUG: Stream ID: 2147483709, Duck Volume: 0.850000
DEBUG: Stream ID: 2147483707, Duck Volume: 0.850000
DEBUG: Stream ID: 2147483703, Duck Volume: 0.850000
DEBUG: Printing paused_status_map:
DEBUG: Stream Type: OVERLAY
DEBUG: Stream Type: SOLO
DEBUG: Stream Type: SFX
DEBUG: Stream Type: CALLOUT
DEBUG: Stream Type: MUSIC
DEBUG: END GSoundProcessor::printBehaviorData()
DEBUG: END GSoundProcessor::postProcessBehaviors()
    INFO: BEGIN AltsoundProcessorBase::freeStream()
        INFO: Successfully free'd stream(2147483705)
    DEBUG: END AltsoundProcessorBase::freeStream()
INFO: BEGIN GSoundProcessor::adjustStreamVolumes()
DEBUG: BEGIN GSoundProcessor::findLowestDuckVolume()
    DEBUG: SFX duck_vol_map is empty()
DEBUG: END GSoundProcessor::findLowestDuckVolume()
    DEBUG: SFX ducking volume: 1.00
DEBUG: BEGIN: AltsoundProcessorBase::setVolume()
    INFO: Setting volume for stream 2147483703
    DEBUG: SAMPLE_VOL:0.34  GLOBAL_VOL:1.00  MASTER_VOL:1.00
    INFO: SUCCESS BASS_ChannelSetAttribute(BASS_ATTRIB_VOL)
DEBUG: END: AltsoundProcessorBase::setVolume()
    DEBUG: SFX stream 2147483703 gain:  0.40  group_vol:  0.85 ducked_vol:  1.00
DEBUG: BEGIN GSoundProcessor::findLowestDuckVolume()
    DEBUG: SFX duck_vol_map is empty()
DEBUG: END GSoundProcessor::findLowestDuckVolume()
    DEBUG: SFX ducking volume: 1.00
DEBUG: BEGIN: AltsoundProcessorBase::setVolume()
    INFO: Setting volume for stream 2147483709
    DEBUG: SAMPLE_VOL:0.34  GLOBAL_VOL:1.00  MASTER_VOL:1.00
    INFO: SUCCESS BASS_ChannelSetAttribute(BASS_ATTRIB_VOL)
DEBUG: END: AltsoundProcessorBase::setVolume()
    DEBUG: SFX stream 2147483709 gain:  0.40  group_vol:  0.85 ducked_vol:  1.00
DEBUG: BEGIN GSoundProcessor::findLowestDuckVolume()
    DEBUG: Min ducking value for MUSIC streams: 0.85
DEBUG: END GSoundProcessor::findLowestDuckVolume()
    DEBUG: MUSIC ducking volume: 0.85
DEBUG: BEGIN: AltsoundProcessorBase::setVolume()
    INFO: Setting volume for stream 2147483659
    DEBUG: SAMPLE_VOL:0.76  GLOBAL_VOL:1.00  MASTER_VOL:1.00
    INFO: SUCCESS BASS_ChannelSetAttribute(BASS_ATTRIB_VOL)
DEBUG: END: AltsoundProcessorBase::setVolume()
    DEBUG: MUSIC stream 2147483659 gain:  0.90  group_vol:  1.00 ducked_vol:  0.85
DEBUG: BEGIN GSoundProcessor::findLowestDuckVolume()
    DEBUG: SFX duck_vol_map is empty()
DEBUG: END GSoundProcessor::findLowestDuckVolume()
    DEBUG: SFX ducking volume: 1.00
DEBUG: BEGIN: AltsoundProcessorBase::setVolume()
    INFO: Setting volume for stream 2147483707
    DEBUG: SAMPLE_VOL:0.34  GLOBAL_VOL:1.00  MASTER_VOL:1.00
    INFO: SUCCESS BASS_ChannelSetAttribute(BASS_ATTRIB_VOL)
DEBUG: END: AltsoundProcessorBase::setVolume()
    DEBUG: SFX stream 2147483707 gain:  0.40  group_vol:  0.85 ducked_vol:  1.00
DEBUG: BEGIN GSoundProcessor::findLowestDuckVolume()
    DEBUG: SFX duck_vol_map is empty()
DEBUG: END GSoundProcessor::findLowestDuckVolume()
    DEBUG: SFX ducking volume: 1.00
DEBUG: BEGIN: AltsoundProcessorBase::setVolume()
    INFO: Setting volume for stream 2147483711
    DEBUG: SAMPLE_VOL:0.34  GLOBAL_VOL:1.00  MASTER_VOL:1.00
    INFO: SUCCESS BASS_ChannelSetAttribute(BASS_ATTRIB_VOL)
DEBUG: END: AltsoundProcessorBase::setVolume()
    DEBUG: SFX stream 2147483711 gain:  0.40  group_vol:  0.85 ducked_vol:  1.00
DEBUG: BEGIN GSoundProcessor::findLowestDuckVolume()
    DEBUG: SFX duck_vol_map is empty()
DEBUG: END GSoundProcessor::findLowestDuckVolume()
    DEBUG: SFX ducking volume: 1.00
DEBUG: BEGIN: AltsoundProcessorBase::setVolume()
    INFO: Setting volume for stream 2147483713
    DEBUG: SAMPLE_VOL:0.34  GLOBAL_VOL:1.00  MASTER_VOL:1.00
    INFO: SUCCESS BASS_ChannelSetAttribute(BASS_ATTRIB_VOL)
DEBUG: END: AltsoundProcessorBase::setVolume()
    DEBUG: SFX stream 2147483713 gain:  0.40  group_vol:  0.85 ducked_vol:  1.00
    INFO: Num active streams: 6
DEBUG: END GSoundProcessor::adjustStreamVolumes()
DEBUG: BEGIN GSoundProcessor::processPausedStreams()
DEBUG: BEGIN GSoundProcessor::tryResumeStream()
DEBUG: END GSoundProcessor::tryResumeStream()
DEBUG: BEGIN GSoundProcessor::tryResumeStream()
DEBUG: END GSoundProcessor::tryResumeStream()
DEBUG: BEGIN GSoundProcessor::tryResumeStream()
DEBUG: END GSoundProcessor::tryResumeStream()
DEBUG: BEGIN GSoundProcessor::tryResumeStream()
DEBUG: END GSoundProcessor::tryResumeStream()
DEBUG: BEGIN GSoundProcessor::tryResumeStream()
DEBUG: END GSoundProcessor::tryResumeStream()
DEBUG: BEGIN GSoundProcessor::tryResumeStream()
DEBUG: END GSoundProcessor::tryResumeStream()
DEBUG: END GSoundProcessor::processPausedStreams()
    INFO: SFX stream(2147483705) finished on ch(01)
DEBUG: END GSoundProcessor::common_callback()
DEBUG: BEGIN AltsoundProcessCommand()
DEBUG: Master Volume (Post Attenuation): 1.00
DEBUG: BEGIN altsound_preprocess_commands()
DEBUG: MAME_GEN: 0x0000000004000
DEBUG: Hardware Generation: DEDMD16, DEDMD32, DEDMD64, DE
DEBUG: END altsound_preprocess_commands()
DEBUG: Command complete. Processing...
    DEBUG: BEGIN GSoundProcessor::handleCmd()
        DEBUG: Acquiring mutex
        DEBUG: BEGIN GSoundProcessor::getSample()
        INFO: Found 1 sample(s) for ID: 007D
        INFO: Sample: gnr_300/0x007d-setup_validation.ogg
        DEBUG: END GSoundProcessor::getSample()
        DEBUG: BEGIN GSoundProcessor::processStream()
            DEBUG: BEGIN AltsoundProcessorBase::createStream()
                INFO: BEGIN: AltsoundProcessorBase::findFreeChannel()
                    INFO: Found free channel: 01
                DEBUG: END: AltsoundProcessorBase::findFreeChannel()
                INFO: Successfully created stream(2147483715) on channel(01)
            DEBUG: END: AltsoundProcessorBase::createStream()
        DEBUG: BEGIN: GSoundProcessor::processBehaviors()
            DEBUG: Processing SFX behaviors on OVERLAY streams
            DEBUG: Processing SFX behaviors on SOLO streams
            DEBUG: Processing SFX behaviors on SFX streams
            DEBUG: Processing SFX behaviors on CALLOUT streams
            DEBUG: Processing SFX behaviors on MUSIC streams
        DEBUG: BEGIN GSoundProcessor::printBehaviorData()
        DEBUG: Printing duck_vol_map:
        DEBUG: Stream Type: OVERLAY
        DEBUG: Stream Type: SOLO
        DEBUG: Stream Type: SFX
        DEBUG: Stream Type: CALLOUT
        DEBUG: Stream Type: MUSIC
        DEBUG: Stream ID: 2147483715, Duck Volume: 0.850000
        DEBUG: Stream ID: 2147483713, Duck Volume: 0.850000
        DEBUG: Stream ID: 2147483711, Duck Volume: 0.850000
        DEBUG: Stream ID: 2147483709, Duck Volume: 0.850000
        DEBUG: Stream ID: 2147483707, Duck Volume: 0.850000
        DEBUG: Stream ID: 2147483703, Duck Volume: 0.850000
        DEBUG: Printing paused_status_map:
        DEBUG: Stream Type: OVERLAY
        DEBUG: Stream Type: SOLO
        DEBUG: Stream Type: SFX
        DEBUG: Stream Type: CALLOUT
        DEBUG: Stream Type: MUSIC
        DEBUG: END GSoundProcessor::printBehaviorData()
        DEBUG: END GSoundProcessor::processBehaviors()
        DEBUG: END GSoundProcessor::processStream()
        INFO: BEGIN GSoundProcessor::adjustStreamVolumes()
        DEBUG: BEGIN GSoundProcessor::findLowestDuckVolume()
            DEBUG: SFX duck_vol_map is empty()
        DEBUG: END GSoundProcessor::findLowestDuckVolume()
            DEBUG: SFX ducking volume: 1.00
        DEBUG: BEGIN: AltsoundProcessorBase::setVolume()
            INFO: Setting volume for stream 2147483703
            DEBUG: SAMPLE_VOL:0.34  GLOBAL_VOL:1.00  MASTER_VOL:1.00
            INFO: SUCCESS BASS_ChannelSetAttribute(BASS_ATTRIB_VOL)
        DEBUG: END: AltsoundProcessorBase::setVolume()
            DEBUG: SFX stream 2147483703 gain:  0.40  group_vol:  0.85 ducked_vol:  1.00
        DEBUG: BEGIN GSoundProcessor::findLowestDuckVolume()
            DEBUG: SFX duck_vol_map is empty()
        DEBUG: END GSoundProcessor::findLowestDuckVolume()
            DEBUG: SFX ducking volume: 1.00
        DEBUG: BEGIN: AltsoundProcessorBase::setVolume()
            INFO: Setting volume for stream 2147483715
            DEBUG: SAMPLE_VOL:0.34  GLOBAL_VOL:1.00  MASTER_VOL:1.00
            INFO: SUCCESS BASS_ChannelSetAttribute(BASS_ATTRIB_VOL)
        DEBUG: END: AltsoundProcessorBase::setVolume()
            DEBUG: SFX stream 2147483715 gain:  0.40  group_vol:  0.85 ducked_vol:  1.00
        DEBUG: BEGIN GSoundProcessor::findLowestDuckVolume()
            DEBUG: SFX duck_vol_map is empty()
        DEBUG: END GSoundProcessor::findLowestDuckVolume()
            DEBUG: SFX ducking volume: 1.00
        DEBUG: BEGIN: AltsoundProcessorBase::setVolume()
            INFO: Setting volume for stream 2147483709
            DEBUG: SAMPLE_VOL:0.34  GLOBAL_VOL:1.00  MASTER_VOL:1.00
            INFO: SUCCESS BASS_ChannelSetAttribute(BASS_ATTRIB_VOL)
        DEBUG: END: AltsoundProcessorBase::setVolume()
            DEBUG: SFX stream 2147483709 gain:  0.40  group_vol:  0.85 ducked_vol:  1.00
        DEBUG: BEGIN GSoundProcessor::findLowestDuckVolume()
            DEBUG: Min ducking value for MUSIC streams: 0.85
        DEBUG: END GSoundProcessor::findLowestDuckVolume()
            DEBUG: MUSIC ducking volume: 0.85
        DEBUG: BEGIN: AltsoundProcessorBase::setVolume()
            INFO: Setting volume for stream 2147483659
            DEBUG: SAMPLE_VOL:0.76  GLOBAL_VOL:1.00  MASTER_VOL:1.00
            INFO: SUCCESS BASS_ChannelSetAttribute(BASS_ATTRIB_VOL)
        DEBUG: END: AltsoundProcessorBase::setVolume()
            DEBUG: MUSIC stream 2147483659 gain:  0.90  group_vol:  1.00 ducked_vol:  0.85
        DEBUG: BEGIN GSoundProcessor::findLowestDuckVolume()
            DEBUG: SFX duck_vol_map is empty()
        DEBUG: END GSoundProcessor::findLowestDuckVolume()
            DEBUG: SFX ducking volume: 1.00
        DEBUG: BEGIN: AltsoundProcessorBase::setVolume()
            INFO: Setting volume for stream 2147483707
            DEBUG: SAMPLE_VOL:0.34  GLOBAL_VOL:1.00  MASTER_VOL:1.00
            INFO: SUCCESS BASS_ChannelSetAttribute(BASS_ATTRIB_VOL)
        DEBUG: END: AltsoundProcessorBase::setVolume()
            DEBUG: SFX stream 2147483707 gain:  0.40  group_vol:  0.85 ducked_vol:  1.00
        DEBUG: BEGIN GSoundProcessor::findLowestDuckVolume()
            DEBUG: SFX duck_vol_map is empty()
        DEBUG: END GSoundProcessor::findLowestDuckVolume()
            DEBUG: SFX ducking volume: 1.00
        DEBUG: BEGIN: AltsoundProcessorBase::setVolume()
            INFO: Setting volume for stream 2147483711
            DEBUG: SAMPLE_VOL:0.34  GLOBAL_VOL:1.00  MASTER_VOL:1.00
            INFO: SUCCESS BASS_ChannelSetAttribute(BASS_ATTRIB_VOL)
        DEBUG: END: AltsoundProcessorBase::setVolume()
            DEBUG: SFX stream 2147483711 gain:  0.40  group_vol:  0.85 ducked_vol:  1.00
        DEBUG: BEGIN GSoundProcessor::findLowestDuckVolume()
            DEBUG: SFX duck_vol_map is empty()
        DEBUG: END GSoundProcessor::findLowestDuckVolume()
            DEBUG: SFX ducking volume: 1.00
        DEBUG: BEGIN: AltsoundProcessorBase::setVolume()
            INFO: Setting volume for stream 2147483713
            DEBUG: SAMPLE_VOL:0.34  GLOBAL_VOL:1.00  MASTER_VOL:1.00
            INFO: SUCCESS BASS_ChannelSetAttribute(BASS_ATTRIB_VOL)
        DEBUG: END: AltsoundProcessorBase::setVolume()
            DEBUG: SFX stream 2147483713 gain:  0.40  group_vol:  0.85 ducked_vol:  1.00
            INFO: Num active streams: 7
        DEBUG: END GSoundProcessor::adjustStreamVolumes()
        INFO: Playing SFX stream: gnr_300/0x007d-setup_validation.ogg
        DEBUG: HSTREAM(2147483715)  CH(01)  CMD(007D)  SAMPLE(gnr_300/0x007d-setup_validation.ogg)
            INFO: SUCCESS SFX stream playback
    DEBUG: END GSoundProcessor::handleCmd()
INFO: SUCCESS processor::handleCmd()
DEBUG: BEGIN altsound_postprocess_commands()
DEBUG: MAME_GEN: 0x0000000004000
DEBUG: END postprocess_commands()
DEBUG: END AltsoundProcessCommand()
DEBUG: 
DEBUG: BEGIN AltsoundProcessCommand()
DEBUG: Master Volume (Post Attenuation): 1.00
DEBUG: BEGIN altsound_preprocess_commands()
DEBUG: MAME_GEN: 0x0000000004000
DEBUG: Hardware Generation: DEDMD16, DEDMD32, DEDMD64, DE
DEBUG: END altsound_preprocess_commands()
DEBUG: Command complete. Processing...
    DEBUG: BEGIN GSoundProcessor::handleCmd()
        DEBUG: Acquiring mutex
        DEBUG: BEGIN GSoundProcessor::getSample()
        INFO: Found 1 sample(s) for ID: 007B
        INFO: Sample: gnr_300/0x007b-push_button.ogg
        DEBUG: END GSoundProcessor::getSample()
        DEBUG: BEGIN GSoundProcessor::processStream()
            DEBUG: BEGIN AltsoundProcessorBase::createStream()
                INFO: BEGIN: AltsoundProcessorBase::findFreeChannel()
                    INFO: Found free channel: 06
                DEBUG: END: AltsoundProcessorBase::findFreeChannel()
                INFO: Successfully created stream(2147483717) on channel(06)
            DEBUG: END: AltsoundProcessorBase::createStream()
        DEBUG: BEGIN: GSoundProcessor::processBehaviors()
            DEBUG: Processing SFX behaviors on OVERLAY streams
            DEBUG: Processing SFX behaviors on SOLO streams
            DEBUG: Processing SFX behaviors on SFX streams
            DEBUG: Processing SFX behaviors on CALLOUT streams
            DEBUG: Processing SFX behaviors on MUSIC streams
        DEBUG: BEGIN GSoundProcessor::printBehaviorData()
        DEBUG: Printing duck_vol_map:
        DEBUG: Stream Type: OVERLAY
        DEBUG: Stream Type: SOLO
        DEBUG: Stream Type: SFX
        DEBUG: Stream Type: CALLOUT
        DEBUG: Stream Type: MUSIC
        DEBUG: Stream ID: 2147483717, Duck Volume: 0.850000
        DEBUG: Stream ID: 2147483715, Duck Volume: 0.850000
        DEBUG: Stream ID: 2147483713, Duck Volume: 0.850000
        DEBUG: Stream ID: 2147483711, Duck Volume: 0.850000
        DEBUG: Stream ID: 2147483709, Duck Volume: 0.850000
        DEBUG: Stream ID: 2147483707, Duck Volume: 0.850000
        DEBUG: Stream ID: 2147483703, Duck Volume: 0.850000
        DEBUG: Printing paused_status_map:
        DEBUG: Stream Type: OVERLAY
        DEBUG: Stream Type: SOLO
        DEBUG: Stream Type: SFX
        DEBUG: Stream Type: CALLOUT
        DEBUG: Stream Type: MUSIC
        DEBUG: END GSoundProcessor::printBehaviorData()
        DEBUG: END GSoundProcessor::processBehaviors()
        DEBUG: END GSoundProcessor::processStream()
        INFO: BEGIN GSoundProcessor::adjustStreamVolumes()
        DEBUG: BEGIN GSoundProcessor::findLowestDuckVolume()
            DEBUG: SFX duck_vol_map is empty()
        DEBUG: END GSoundProcessor::findLowestDuckVolume()
            DEBUG: SFX ducking volume: 1.00
        DEBUG: BEGIN: AltsoundProcessorBase::setVolume()
            INFO: Setting volume for stream 2147483703
            DEBUG: SAMPLE_VOL:0.34  GLOBAL_VOL:1.00  MASTER_VOL:1.00
            INFO: SUCCESS BASS_ChannelSetAttribute(BASS_ATTRIB_VOL)
        DEBUG: END: AltsoundProcessorBase::setVolume()
            DEBUG: SFX stream 2147483703 gain:  0.40  group_vol:  0.85 ducked_vol:  1.00
        DEBUG: BEGIN GSoundProcessor::findLowestDuckVolume()
            DEBUG: SFX duck_vol_map is empty()
        DEBUG: END GSoundProcessor::findLowestDuckVolume()
            DEBUG: SFX ducking volume: 1.00
        DEBUG: BEGIN: AltsoundProcessorBase::setVolume()
            INFO: Setting volume for stream 2147483715
            DEBUG: SAMPLE_VOL:0.34  GLOBAL_VOL:1.00  MASTER_VOL:1.00
            INFO: SUCCESS BASS_ChannelSetAttribute(BASS_ATTRIB_VOL)
        DEBUG: END: AltsoundProcessorBase::setVolume()
            DEBUG: SFX stream 2147483715 gain:  0.40  group_vol:  0.85 ducked_vol:  1.00
        DEBUG: BEGIN GSoundProcessor::findLowestDuckVolume()
            DEBUG: SFX duck_vol_map is empty()
        DEBUG: END GSoundProcessor::findLowestDuckVolume()
            DEBUG: SFX ducking volume: 1.00
        DEBUG: BEGIN: AltsoundProcessorBase::setVolume()
            INFO: Setting volume for stream 2147483709
            DEBUG: SAMPLE_VOL:0.34  GLOBAL_VOL:1.00  MASTER_VOL:1.00
            INFO: SUCCESS BASS_ChannelSetAttribute(BASS_ATTRIB_VOL)
        DEBUG: END: AltsoundProcessorBase::setVolume()
            DEBUG: SFX stream 2147483709 gain:  0.40  group_vol:  0.85 ducked_vol:  1.00
        DEBUG: BEGIN GSoundProcessor::findLowestDuckVolume()
            DEBUG: Min ducking value for MUSIC streams: 0.85
        DEBUG: END GSoundProcessor::findLowestDuckVolume()
            DEBUG: MUSIC ducking volume: 0.85
        DEBUG: BEGIN: AltsoundProcessorBase::setVolume()
            INFO: Setting volume for stream 2147483659
            DEBUG: SAMPLE_VOL:0.76  GLOBAL_VOL:1.00  MASTER_VOL:1.00
            INFO: SUCCESS BASS_ChannelSetAttribute(BASS_ATTRIB_VOL)
        DEBUG: END: AltsoundProcessorBase::setVolume()
            DEBUG: MUSIC stream 2147483659 gain:  0.90  group_vol:  1.00 ducked_vol:  0.85
        DEBUG: BEGIN GSoundProcessor::findLowestDuckVolume()
            DEBUG: SFX duck_vol_map is empty()
        DEBUG: END GSoundProcessor::findLowestDuckVolume()
            DEBUG: SFX ducking volume: 1.00
        DEBUG: BEGIN: AltsoundProcessorBase::setVolume()
            INFO: Setting volume for stream 2147483707
            DEBUG: SAMPLE_VOL:0.34  GLOBAL_VOL:1.00  MASTER_VOL:1.00
            INFO: SUCCESS BASS_ChannelSetAttribute(BASS_ATTRIB_VOL)
        DEBUG: END: AltsoundProcessorBase::setVolume()
            DEBUG: SFX stream 2147483707 gain:  0.40  group_vol:  0.85 ducked_vol:  1.00
        DEBUG: BEGIN GSoundProcessor::findLowestDuckVolume()
            DEBUG: SFX duck_vol_map is empty()
        DEBUG: END GSoundProcessor::findLowestDuckVolume()
            DEBUG: SFX ducking volume: 1.00
        DEBUG: BEGIN: AltsoundProcessorBase::setVolume()
            INFO: Setting volume for stream 2147483711
            DEBUG: SAMPLE_VOL:0.34  GLOBAL_VOL:1.00  MASTER_VOL:1.00
            INFO: SUCCESS BASS_ChannelSetAttribute(BASS_ATTRIB_VOL)
        DEBUG: END: AltsoundProcessorBase::setVolume()
            DEBUG: SFX stream 2147483711 gain:  0.40  group_vol:  0.85 ducked_vol:  1.00
        DEBUG: BEGIN GSoundProcessor::findLowestDuckVolume()
            DEBUG: SFX duck_vol_map is empty()
        DEBUG: END GSoundProcessor::findLowestDuckVolume()
            DEBUG: SFX ducking volume: 1.00
        DEBUG: BEGIN: AltsoundProcessorBase::setVolume()
            INFO: Setting volume for stream 2147483717
            DEBUG: SAMPLE_VOL:0.34  GLOBAL_VOL:1.00  MASTER_VOL:1.00
            INFO: SUCCESS BASS_ChannelSetAttribute(BASS_ATTRIB_VOL)
        DEBUG: END: AltsoundProcessorBase::setVolume()
            DEBUG: SFX stream 2147483717 gain:  0.40  group_vol:  0.85 ducked_vol:  1.00
        DEBUG: BEGIN GSoundProcessor::findLowestDuckVolume()
            DEBUG: SFX duck_vol_map is empty()
        DEBUG: END GSoundProcessor::findLowestDuckVolume()
            DEBUG: SFX ducking volume: 1.00
        DEBUG: BEGIN: AltsoundProcessorBase::setVolume()
            INFO: Setting volume for stream 2147483713
            DEBUG: SAMPLE_VOL:0.34  GLOBAL_VOL:1.00  MASTER_VOL:1.00
            INFO: SUCCESS BASS_ChannelSetAttribute(BASS_ATTRIB_VOL)
        DEBUG: END: AltsoundProcessorBase::setVolume()
            DEBUG: SFX stream 2147483713 gain:  0.40  group_vol:  0.85 ducked_vol:  1.00
            INFO: Num active streams: 8
        DEBUG: END GSoundProcessor::adjustStreamVolumes()
        INFO: Playing SFX stream: gnr_300/0x007b-push_button.ogg
        DEBUG: HSTREAM(2147483717)  CH(06)  CMD(007B)  SAMPLE(gnr_300/0x007b-push_button.ogg)
            INFO: SUCCESS SFX stream playback
    DEBUG: END GSoundProcessor::handleCmd()
INFO: SUCCESS processor::handleCmd()
DEBUG: BEGIN altsound_postprocess_commands()
DEBUG: MAME_GEN: 0x0000000004000
DEBUG: END postprocess_commands()
DEBUG: END AltsoundProcessCommand()
DEBUG: 
DEBUG: 
BEGIN: GSoundProcessor::common_callback()
    INFO: HSYNC: 2147483708  HSTREAM: 2147483707
    DEBUG: Acquiring mutex
DEBUG: BEGIN: GSoundProcessor::postProcessBehaviors()
    DEBUG: Post-processing SFX behaviors on OVERLAY streams
    DEBUG: Post-processing SFX ducking impact on OVERLAY streams
    DEBUG: Post-processing SFX behaviors on SOLO streams
    DEBUG: Post-processing SFX ducking impact on SOLO streams
    DEBUG: Post-processing SFX behaviors on SFX streams
    DEBUG: Post-processing SFX ducking impact on SFX streams
    DEBUG: Post-processing SFX behaviors on CALLOUT streams
    DEBUG: Post-processing SFX ducking impact on CALLOUT streams
    DEBUG: Post-processing SFX behaviors on MUSIC streams
    DEBUG: Post-processing SFX ducking impact on MUSIC streams
    DEBUG: Erasing ducking impact from SFX stream: 2147483707
DEBUG: BEGIN GSoundProcessor::printBehaviorData()
DEBUG: Printing duck_vol_map:
DEBUG: Stream Type: OVERLAY
DEBUG: Stream Type: SOLO
DEBUG: Stream Type: SFX
DEBUG: Stream Type: CALLOUT
DEBUG: Stream Type: MUSIC
DEBUG: Stream ID: 2147483717, Duck Volume: 0.850000
DEBUG: Stream ID: 2147483715, Duck Volume: 0.850000
DEBUG: Stream ID: 2147483713, Duck Volume: 0.850000
DEBUG: Stream ID: 2147483711, Duck Volume: 0.850000
DEBUG: Stream ID: 2147483709, Duck Volume: 0.850000
DEBUG: Stream ID: 2147483703, Duck Volume: 0.850000
DEBUG: Printing paused_status_map:
DEBUG: Stream Type: OVERLAY
DEBUG: Stream Type: SOLO
DEBUG: Stream Type: SFX
DEBUG: Stream Type: CALLOUT
DEBUG: Stream Type: MUSIC
DEBUG: END GSoundProcessor::printBehaviorData()
DEBUG: END GSoundProcessor::postProcessBehaviors()
    INFO: BEGIN AltsoundProcessorBase::freeStream()
        INFO: Successfully free'd stream(2147483707)
    DEBUG: END AltsoundProcessorBase::freeStream()
INFO: BEGIN GSoundProcessor::adjustStreamVolumes()
DEBUG: BEGIN GSoundProcessor::findLowestDuckVolume()
    DEBUG: SFX duck_vol_map is empty()
DEBUG: END GSoundProcessor::findLowestDuckVolume()
    DEBUG: SFX ducking volume: 1.00
DEBUG: BEGIN: AltsoundProcessorBase::setVolume()
    INFO: Setting volume for stream 2147483703
    DEBUG: SAMPLE_VOL:0.34  GLOBAL_VOL:1.00  MASTER_VOL:1.00
    INFO: SUCCESS BASS_ChannelSetAttribute(BASS_ATTRIB_VOL)
DEBUG: END: AltsoundProcessorBase::setVolume()
    DEBUG: SFX stream 2147483703 gain:  0.40  group_vol:  0.85 ducked_vol:  1.00
DEBUG: BEGIN GSoundProcessor::findLowestDuckVolume()
    DEBUG: SFX duck_vol_map is empty()
DEBUG: END GSoundProcessor::findLowestDuckVolume()
    DEBUG: SFX ducking volume: 1.00
DEBUG: BEGIN: AltsoundProcessorBase::setVolume()
    INFO: Setting volume for stream 2147483715
    DEBUG: SAMPLE_VOL:0.34  GLOBAL_VOL:1.00  MASTER_VOL:1.00
    INFO: SUCCESS BASS_ChannelSetAttribute(BASS_ATTRIB_VOL)
DEBUG: END: AltsoundProcessorBase::setVolume()
    DEBUG: SFX stream 2147483715 gain:  0.40  group_vol:  0.85 ducked_vol:  1.00
DEBUG: BEGIN GSoundProcessor::findLowestDuckVolume()
    DEBUG: SFX duck_vol_map is empty()
DEBUG: END GSoundProcessor::findLowestDuckVolume()
    DEBUG: SFX ducking volume: 1.00
DEBUG: BEGIN: AltsoundProcessorBase::setVolume()
    INFO: Setting volume for stream 2147483709
    DEBUG: SAMPLE_VOL:0.34  GLOBAL_VOL:1.00  MASTER_VOL:1.00
    INFO: SUCCESS BASS_ChannelSetAttribute(BASS_ATTRIB_VOL)
DEBUG: END: AltsoundProcessorBase::setVolume()
    DEBUG: SFX stream 2147483709 gain:  0.40  group_vol:  0.85 ducked_vol:  1.00
DEBUG: BEGIN GSoundProcessor::findLowestDuckVolume()
    DEBUG: Min ducking value for MUSIC streams: 0.85
DEBUG: END GSoundProcessor::findLowestDuckVolume()
    DEBUG: MUSIC ducking volume: 0.85
DEBUG: BEGIN: AltsoundProcessorBase::setVolume()
    INFO: Setting volume for stream 2147483659
    DEBUG: SAMPLE_VOL:0.76  GLOBAL_VOL:1.00  MASTER_VOL:1.00
    INFO: SUCCESS BASS_ChannelSetAttribute(BASS_ATTRIB_VOL)
DEBUG: END: AltsoundProcessorBase::setVolume()
    DEBUG: MUSIC stream 2147483659 gain:  0.90  group_vol:  1.00 ducked_vol:  0.85
DEBUG: BEGIN GSoundProcessor::findLowestDuckVolume()
    DEBUG: SFX duck_vol_map is empty()
DEBUG: END GSoundProcessor::findLowestDuckVolume()
    DEBUG: SFX ducking volume: 1.00
DEBUG: BEGIN: AltsoundProcessorBase::setVolume()
    INFO: Setting volume for stream 2147483711
    DEBUG: SAMPLE_VOL:0.34  GLOBAL_VOL:1.00  MASTER_VOL:1.00
    INFO: SUCCESS BASS_ChannelSetAttribute(BASS_ATTRIB_VOL)
DEBUG: END: AltsoundProcessorBase::setVolume()
    DEBUG: SFX stream 2147483711 gain:  0.40  group_vol:  0.85 ducked_vol:  1.00
DEBUG: BEGIN GSoundProcessor::findLowestDuckVolume()
    DEBUG: SFX duck_vol_map is empty()
DEBUG: END GSoundProcessor::findLowestDuckVolume()
    DEBUG: SFX ducking volume: 1.00
DEBUG: BEGIN: AltsoundProcessorBase::setVolume()
    INFO: Setting volume for stream 2147483717
    DEBUG: SAMPLE_VOL:0.34  GLOBAL_VOL:1.00  MASTER_VOL:1.00
    INFO: SUCCESS BASS_ChannelSetAttribute(BASS_ATTRIB_VOL)
DEBUG: END: AltsoundProcessorBase::setVolume()
    DEBUG: SFX stream 2147483717 gain:  0.40  group_vol:  0.85 ducked_vol:  1.00
DEBUG: BEGIN GSoundProcessor::findLowestDuckVolume()
    DEBUG: SFX duck_vol_map is empty()
DEBUG: END GSoundProcessor::findLowestDuckVolume()
    DEBUG: SFX ducking volume: 1.00
DEBUG: BEGIN: AltsoundProcessorBase::setVolume()
    INFO: Setting volume for stream 2147483713
    DEBUG: SAMPLE_VOL:0.34  GLOBAL_VOL:1.00  MASTER_VOL:1.00
    INFO: SUCCESS BASS_ChannelSetAttribute(BASS_ATTRIB_VOL)
DEBUG: END: AltsoundProcessorBase::setVolume()
    DEBUG: SFX stream 2147483713 gain:  0.40  group_vol:  0.85 ducked_vol:  1.00
    INFO: Num active streams: 7
DEBUG: END GSoundProcessor::adjustStreamVolumes()
DEBUG: BEGIN GSoundProcessor::processPausedStreams()
DEBUG: BEGIN GSoundProcessor::tryResumeStream()
DEBUG: END GSoundProcessor::tryResumeStream()
DEBUG: BEGIN GSoundProcessor::tryResumeStream()
DEBUG: END GSoundProcessor::tryResumeStream()
DEBUG: BEGIN GSoundProcessor::tryResumeStream()
DEBUG: END GSoundProcessor::tryResumeStream()
DEBUG: BEGIN GSoundProcessor::tryResumeStream()
DEBUG: END GSoundProcessor::tryResumeStream()
DEBUG: BEGIN GSoundProcessor::tryResumeStream()
DEBUG: END GSoundProcessor::tryResumeStream()
DEBUG: BEGIN GSoundProcessor::tryResumeStream()
DEBUG: END GSoundProcessor::tryResumeStream()
DEBUG: BEGIN GSoundProcessor::tryResumeStream()
DEBUG: END GSoundProcessor::tryResumeStream()
DEBUG: END GSoundProcessor::processPausedStreams()
    INFO: SFX stream(2147483707) finished on ch(04)
DEBUG: END GSoundProcessor::common_callback()
DEBUG: 
BEGIN: GSoundProcessor::common_callback()
    INFO: HSYNC: 2147483704  HSTREAM: 2147483703
    DEBUG: Acquiring mutex
DEBUG: BEGIN: GSoundProcessor::postProcessBehaviors()
    DEBUG: Post-processing SFX behaviors on OVERLAY streams
    DEBUG: Post-processing SFX ducking impact on OVERLAY streams
    DEBUG: Post-processing SFX behaviors on SOLO streams
    DEBUG: Post-processing SFX ducking impact on SOLO streams
    DEBUG: Post-processing SFX behaviors on SFX streams
    DEBUG: Post-processing SFX ducking impact on SFX streams
    DEBUG: Post-processing SFX behaviors on CALLOUT streams
    DEBUG: Post-processing SFX ducking impact on CALLOUT streams
    DEBUG: Post-processing SFX behaviors on MUSIC streams
    DEBUG: Post-processing SFX ducking impact on MUSIC streams
    DEBUG: Erasing ducking impact from SFX stream: 2147483703
DEBUG: BEGIN GSoundProcessor::printBehaviorData()
DEBUG: Printing duck_vol_map:
DEBUG: Stream Type: OVERLAY
DEBUG: Stream Type: SOLO
DEBUG: Stream Type: SFX
DEBUG: Stream Type: CALLOUT
DEBUG: Stream Type: MUSIC
DEBUG: Stream ID: 2147483717, Duck Volume: 0.850000
DEBUG: Stream ID: 2147483715, Duck Volume: 0.850000
DEBUG: Stream ID: 2147483713, Duck Volume: 0.850000
DEBUG: Stream ID: 2147483711, Duck Volume: 0.850000
DEBUG: Stream ID: 2147483709, Duck Volume: 0.850000
DEBUG: Printing paused_status_map:
DEBUG: Stream Type: OVERLAY
DEBUG: Stream Type: SOLO
DEBUG: Stream Type: SFX
DEBUG: Stream Type: CALLOUT
DEBUG: Stream Type: MUSIC
DEBUG: END GSoundProcessor::printBehaviorData()
DEBUG: END GSoundProcessor::postProcessBehaviors()
    INFO: BEGIN AltsoundProcessorBase::freeStream()
        INFO: Successfully free'd stream(2147483703)
    DEBUG: END AltsoundProcessorBase::freeStream()
INFO: BEGIN GSoundProcessor::adjustStreamVolumes()
DEBUG: BEGIN GSoundProcessor::findLowestDuckVolume()
    DEBUG: SFX duck_vol_map is empty()
DEBUG: END GSoundProcessor::findLowestDuckVolume()
    DEBUG: SFX ducking volume: 1.00
DEBUG: BEGIN: AltsoundProcessorBase::setVolume()
    INFO: Setting volume for stream 2147483715
    DEBUG: SAMPLE_VOL:0.34  GLOBAL_VOL:1.00  MASTER_VOL:1.00
    INFO: SUCCESS BASS_ChannelSetAttribute(BASS_ATTRIB_VOL)
DEBUG: END: AltsoundProcessorBase::setVolume()
    DEBUG: SFX stream 2147483715 gain:  0.40  group_vol:  0.85 ducked_vol:  1.00
DEBUG: BEGIN GSoundProcessor::findLowestDuckVolume()
    DEBUG: SFX duck_vol_map is empty()
DEBUG: END GSoundProcessor::findLowestDuckVolume()
    DEBUG: SFX ducking volume: 1.00
DEBUG: BEGIN: AltsoundProcessorBase::setVolume()
    INFO: Setting volume for stream 2147483709
    DEBUG: SAMPLE_VOL:0.34  GLOBAL_VOL:1.00  MASTER_VOL:1.00
    INFO: SUCCESS BASS_ChannelSetAttribute(BASS_ATTRIB_VOL)
DEBUG: END: AltsoundProcessorBase::setVolume()
    DEBUG: SFX stream 2147483709 gain:  0.40  group_vol:  0.85 ducked_vol:  1.00
DEBUG: BEGIN GSoundProcessor::findLowestDuckVolume()
    DEBUG: Min ducking value for MUSIC streams: 0.85
DEBUG: END GSoundProcessor::findLowestDuckVolume()
    DEBUG: MUSIC ducking volume: 0.85
DEBUG: BEGIN: AltsoundProcessorBase::setVolume()
    INFO: Setting volume for stream 2147483659
    DEBUG: SAMPLE_VOL:0.76  GLOBAL_VOL:1.00  MASTER_VOL:1.00
    INFO: SUCCESS BASS_ChannelSetAttribute(BASS_ATTRIB_VOL)
DEBUG: END: AltsoundProcessorBase::setVolume()
    DEBUG: MUSIC stream 2147483659 gain:  0.90  group_vol:  1.00 ducked_vol:  0.85
DEBUG: BEGIN GSoundProcessor::findLowestDuckVolume()
    DEBUG: SFX duck_vol_map is empty()
DEBUG: END GSoundProcessor::findLowestDuckVolume()
    DEBUG: SFX ducking volume: 1.00
DEBUG: BEGIN: AltsoundProcessorBase::setVolume()
    INFO: Setting volume for stream 2147483711
    DEBUG: SAMPLE_VOL:0.34  GLOBAL_VOL:1.00  MASTER_VOL:1.00
    INFO: SUCCESS BASS_ChannelSetAttribute(BASS_ATTRIB_VOL)
DEBUG: END: AltsoundProcessorBase::setVolume()
    DEBUG: SFX stream 2147483711 gain:  0.40  group_vol:  0.85 ducked_vol:  1.00
DEBUG: BEGIN GSoundProcessor::findLowestDuckVolume()
    DEBUG: SFX duck_vol_map is empty()
DEBUG: END GSoundProcessor::findLowestDuckVolume()
    DEBUG: SFX ducking volume: 1.00
DEBUG: BEGIN: AltsoundProcessorBase::setVolume()
    INFO: Setting volume for stream 2147483717
    DEBUG: SAMPLE_VOL:0.34  GLOBAL_VOL:1.00  MASTER_VOL:1.00
    INFO: SUCCESS BASS_ChannelSetAttribute(BASS_ATTRIB_VOL)
DEBUG: END: AltsoundProcessorBase::setVolume()
    DEBUG: SFX stream 2147483717 gain:  0.40  group_vol:  0.85 ducked_vol:  1.00
DEBUG: BEGIN GSoundProcessor::findLowestDuckVolume()
    DEBUG: SFX duck_vol_map is empty()
DEBUG: END GSoundProcessor::findLowestDuckVolume()
    DEBUG: SFX ducking volume: 1.00
DEBUG: BEGIN: AltsoundProcessorBase::setVolume()
    INFO: Setting volume for stream 2147483713
    DEBUG: SAMPLE_VOL:0.34  GLOBAL_VOL:1.00  MASTER_VOL:1.00
    INFO: SUCCESS BASS_ChannelSetAttribute(BASS_ATTRIB_VOL)
DEBUG: END: AltsoundProcessorBase::setVolume()
    DEBUG: SFX stream 2147483713 gain:  0.40  group_vol:  0.85 ducked_vol:  1.00
    INFO: Num active streams: 6
DEBUG: END GSoundProcessor::adjustStreamVolumes()
DEBUG: BEGIN GSoundProcessor::processPausedStreams()
DEBUG: BEGIN GSoundProcessor::tryResumeStream()
DEBUG: END GSoundProcessor::tryResumeStream()
DEBUG: BEGIN GSoundProcessor::tryResumeStream()
DEBUG: END GSoundProcessor::tryResumeStream()
DEBUG: BEGIN GSoundProcessor::tryResumeStream()
DEBUG: END GSoundProcessor::tryResumeStream()
DEBUG: BEGIN GSoundProcessor::tryResumeStream()
DEBUG: END GSoundProcessor::tryResumeStream()
DEBUG: BEGIN GSoundProcessor::tryResumeStream()
DEBUG: END GSoundProcessor::tryResumeStream()
DEBUG: BEGIN GSoundProcessor::tryResumeStream()
DEBUG: END GSoundProcessor::tryResumeStream()
DEBUG: END GSoundProcessor::processPausedStreams()
    INFO: SFX stream(2147483703) finished on ch(00)
DEBUG: END GSoundProcessor::common_callback()
DEBUG: BEGIN AltsoundProcessCommand()
DEBUG: Master Volume (Post Attenuation): 1.00
DEBUG: BEGIN altsound_preprocess_commands()
DEBUG: MAME_GEN: 0x0000000004000
DEBUG: Hardware Generation: DEDMD16, DEDMD32, DEDMD64, DE
DEBUG: END altsound_preprocess_commands()
DEBUG: Command complete. Processing...
    DEBUG: BEGIN GSoundProcessor::handleCmd()
        DEBUG: Acquiring mutex
        DEBUG: BEGIN GSoundProcessor::getSample()
        INFO: Found 1 sample(s) for ID: 007C
        INFO: Sample: gnr_300/0x007c-setup_button.ogg
        DEBUG: END GSoundProcessor::getSample()
        DEBUG: BEGIN GSoundProcessor::processStream()
            DEBUG: BEGIN AltsoundProcessorBase::createStream()
                INFO: BEGIN: AltsoundProcessorBase::findFreeChannel()
                    INFO: Found free channel: 00
                DEBUG: END: AltsoundProcessorBase::findFreeChannel()
                INFO: Successfully created stream(2147483719) on channel(00)
            DEBUG: END: AltsoundProcessorBase::createStream()
        DEBUG: BEGIN: GSoundProcessor::processBehaviors()
            DEBUG: Processing SFX behaviors on OVERLAY streams
            DEBUG: Processing SFX behaviors on SOLO streams
            DEBUG: Processing SFX behaviors on SFX streams
            DEBUG: Processing SFX behaviors on CALLOUT streams
            DEBUG: Processing SFX behaviors on MUSIC streams
        DEBUG: BEGIN GSoundProcessor::printBehaviorData()
        DEBUG: Printing duck_vol_map:
        DEBUG: Stream Type: OVERLAY
        DEBUG: Stream Type: SOLO
        DEBUG: Stream Type: SFX
        DEBUG: Stream Type: CALLOUT
        DEBUG: Stream Type: MUSIC
        DEBUG: Stream ID: 2147483719, Duck Volume: 0.850000
        DEBUG: Stream ID: 2147483717, Duck Volume: 0.850000
        DEBUG: Stream ID: 2147483715, Duck Volume: 0.850000
        DEBUG: Stream ID: 2147483713, Duck Volume: 0.850000
        DEBUG: Stream ID: 2147483711, Duck Volume: 0.850000
        DEBUG: Stream ID: 2147483709, Duck Volume: 0.850000
        DEBUG: Printing paused_status_map:
        DEBUG: Stream Type: OVERLAY
        DEBUG: Stream Type: SOLO
        DEBUG: Stream Type: SFX
        DEBUG: Stream Type: CALLOUT
        DEBUG: Stream Type: MUSIC
        DEBUG: END GSoundProcessor::printBehaviorData()
        DEBUG: END GSoundProcessor::processBehaviors()
        DEBUG: END GSoundProcessor::processStream()
        INFO: BEGIN GSoundProcessor::adjustStreamVolumes()
        DEBUG: BEGIN GSoundProcessor::findLowestDuckVolume()
            DEBUG: SFX duck_vol_map is empty()
        DEBUG: END GSoundProcessor::findLowestDuckVolume()
            DEBUG: SFX ducking volume: 1.00
        DEBUG: BEGIN: AltsoundProcessorBase::setVolume()
            INFO: Setting volume for stream 2147483719
            DEBUG: SAMPLE_VOL:0.34  GLOBAL_VOL:1.00  MASTER_VOL:1.00
            INFO: SUCCESS BASS_ChannelSetAttribute(BASS_ATTRIB_VOL)
        DEBUG: END: AltsoundProcessorBase::setVolume()
            DEBUG: SFX stream 2147483719 gain:  0.40  group_vol:  0.85 ducked_vol:  1.00
        DEBUG: BEGIN GSoundProcessor::findLowestDuckVolume()
            DEBUG: SFX duck_vol_map is empty()
        DEBUG: END GSoundProcessor::findLowestDuckVolume()
            DEBUG: SFX ducking volume: 1.00
        DEBUG: BEGIN: AltsoundProcessorBase::setVolume()
            INFO: Setting volume for stream 2147483715
            DEBUG: SAMPLE_VOL:0.34  GLOBAL_VOL:1.00  MASTER_VOL:1.00
            INFO: SUCCESS BASS_ChannelSetAttribute(BASS_ATTRIB_VOL)
        DEBUG: END: AltsoundProcessorBase::setVolume()
            DEBUG: SFX stream 2147483715 gain:  0.40  group_vol:  0.85 ducked_vol:  1.00
        DEBUG: BEGIN GSoundProcessor::findLowestDuckVolume()
            DEBUG: SFX duck_vol_map is empty()
        DEBUG: END GSoundProcessor::findLowestDuckVolume()
            DEBUG: SFX ducking volume: 1.00
        DEBUG: BEGIN: AltsoundProcessorBase::setVolume()
            INFO: Setting volume for stream 2147483709
            DEBUG: SAMPLE_VOL:0.34  GLOBAL_VOL:1.00  MASTER_VOL:1.00
            INFO: SUCCESS BASS_ChannelSetAttribute(BASS_ATTRIB_VOL)
        DEBUG: END: AltsoundProcessorBase::setVolume()
            DEBUG: SFX stream 2147483709 gain:  0.40  group_vol:  0.85 ducked_vol:  1.00
        DEBUG: BEGIN GSoundProcessor::findLowestDuckVolume()
            DEBUG: Min ducking value for MUSIC streams: 0.85
        DEBUG: END GSoundProcessor::findLowestDuckVolume()
            DEBUG: MUSIC ducking volume: 0.85
        DEBUG: BEGIN: AltsoundProcessorBase::setVolume()
            INFO: Setting volume for stream 2147483659
            DEBUG: SAMPLE_VOL:0.76  GLOBAL_VOL:1.00  MASTER_VOL:1.00
            INFO: SUCCESS BASS_ChannelSetAttribute(BASS_ATTRIB_VOL)
        DEBUG: END: AltsoundProcessorBase::setVolume()
            DEBUG: MUSIC stream 2147483659 gain:  0.90  group_vol:  1.00 ducked_vol:  0.85
        DEBUG: BEGIN GSoundProcessor::findLowestDuckVolume()
            DEBUG: SFX duck_vol_map is empty()
        DEBUG: END GSoundProcessor::findLowestDuckVolume()
            DEBUG: SFX ducking volume: 1.00
        DEBUG: BEGIN: AltsoundProcessorBase::setVolume()
            INFO: Setting volume for stream 2147483711
            DEBUG: SAMPLE_VOL:0.34  GLOBAL_VOL:1.00  MASTER_VOL:1.00
            INFO: SUCCESS BASS_ChannelSetAttribute(BASS_ATTRIB_VOL)
        DEBUG: END: AltsoundProcessorBase::setVolume()
            DEBUG: SFX stream 2147483711 gain:  0.40  group_vol:  0.85 ducked_vol:  1.00
        DEBUG: BEGIN GSoundProcessor::findLowestDuckVolume()
            DEBUG: SFX duck_vol_map is empty()
        DEBUG: END GSoundProcessor::findLowestDuckVolume()
            DEBUG: SFX ducking volume: 1.00
        DEBUG: BEGIN: AltsoundProcessorBase::setVolume()
            INFO: Setting volume for stream 2147483717
            DEBUG: SAMPLE_VOL:0.34  GLOBAL_VOL:1.00  MASTER_VOL:1.00
            INFO: SUCCESS BASS_ChannelSetAttribute(BASS_ATTRIB_VOL)
        DEBUG: END: AltsoundProcessorBase::setVolume()
            DEBUG: SFX stream 2147483717 gain:  0.40  group_vol:  0.85 ducked_vol:  1.00
        DEBUG: BEGIN GSoundProcessor::findLowestDuckVolume()
            DEBUG: SFX duck_vol_map is empty()
        DEBUG: END GSoundProcessor::findLowestDuckVolume()
            DEBUG: SFX ducking volume: 1.00
        DEBUG: BEGIN: AltsoundProcessorBase::setVolume()
            INFO: Setting volume for stream 2147483713
            DEBUG: SAMPLE_VOL:0.34  GLOBAL_VOL:1.00  MASTER_VOL:1.00
            INFO: SUCCESS BASS_ChannelSetAttribute(BASS_ATTRIB_VOL)
        DEBUG: END: AltsoundProcessorBase::setVolume()
            DEBUG: SFX stream 2147483713 gain:  0.40  group_vol:  0.85 ducked_vol:  1.00
            INFO: Num active streams: 7
        DEBUG: END GSoundProcessor::adjustStreamVolumes()
        INFO: Playing SFX stream: gnr_300/0x007c-setup_button.ogg
        DEBUG: HSTREAM(2147483719)  CH(00)  CMD(007C)  SAMPLE(gnr_300/0x007c-setup_button.ogg)
            INFO: SUCCESS SFX stream playback
    DEBUG: END GSoundProcessor::handleCmd()
INFO: SUCCESS processor::handleCmd()
DEBUG: BEGIN altsound_postprocess_commands()
DEBUG: MAME_GEN: 0x0000000004000
DEBUG: END postprocess_commands()
DEBUG: END AltsoundProcessCommand()
DEBUG: 
DEBUG: 
BEGIN: GSoundProcessor::common_callback()
    INFO: HSYNC: 2147483714  HSTREAM: 2147483713
    DEBUG: Acquiring mutex
DEBUG: BEGIN: GSoundProcessor::postProcessBehaviors()
    DEBUG: Post-processing SFX behaviors on OVERLAY streams
    DEBUG: Post-processing SFX ducking impact on OVERLAY streams
    DEBUG: Post-processing SFX behaviors on SOLO streams
    DEBUG: Post-processing SFX ducking impact on SOLO streams
    DEBUG: Post-processing SFX behaviors on SFX streams
    DEBUG: Post-processing SFX ducking impact on SFX streams
    DEBUG: Post-processing SFX behaviors on CALLOUT streams
    DEBUG: Post-processing SFX ducking impact on CALLOUT streams
    DEBUG: Post-processing SFX behaviors on MUSIC streams
    DEBUG: Post-processing SFX ducking impact on MUSIC streams
    DEBUG: Erasing ducking impact from SFX stream: 2147483713
DEBUG: BEGIN GSoundProcessor::printBehaviorData()
DEBUG: Printing duck_vol_map:
DEBUG: Stream Type: OVERLAY
DEBUG: Stream Type: SOLO
DEBUG: Stream Type: SFX
DEBUG: Stream Type: CALLOUT
DEBUG: Stream Type: MUSIC
DEBUG: Stream ID: 2147483719, Duck Volume: 0.850000
DEBUG: Stream ID: 2147483717, Duck Volume: 0.850000
DEBUG: Stream ID: 2147483715, Duck Volume: 0.850000
DEBUG: Stream ID: 2147483711, Duck Volume: 0.850000
DEBUG: Stream ID: 2147483709, Duck Volume: 0.850000
DEBUG: Printing paused_status_map:
DEBUG: Stream Type: OVERLAY
DEBUG: Stream Type: SOLO
DEBUG: Stream Type: SFX
DEBUG: Stream Type: CALLOUT
DEBUG: Stream Type: MUSIC
DEBUG: END GSoundProcessor::printBehaviorData()
DEBUG: END GSoundProcessor::postProcessBehaviors()
    INFO: BEGIN AltsoundProcessorBase::freeStream()
        INFO: Successfully free'd stream(2147483713)
    DEBUG: END AltsoundProcessorBase::freeStream()
INFO: BEGIN GSoundProcessor::adjustStreamVolumes()
DEBUG: BEGIN GSoundProcessor::findLowestDuckVolume()
    DEBUG: SFX duck_vol_map is empty()
DEBUG: END GSoundProcessor::findLowestDuckVolume()
    DEBUG: SFX ducking volume: 1.00
DEBUG: BEGIN: AltsoundProcessorBase::setVolume()
    INFO: Setting volume for stream 2147483719
    DEBUG: SAMPLE_VOL:0.34  GLOBAL_VOL:1.00  MASTER_VOL:1.00
    INFO: SUCCESS BASS_ChannelSetAttribute(BASS_ATTRIB_VOL)
DEBUG: END: AltsoundProcessorBase::setVolume()
    DEBUG: SFX stream 2147483719 gain:  0.40  group_vol:  0.85 ducked_vol:  1.00
DEBUG: BEGIN GSoundProcessor::findLowestDuckVolume()
    DEBUG: SFX duck_vol_map is empty()
DEBUG: END GSoundProcessor::findLowestDuckVolume()
    DEBUG: SFX ducking volume: 1.00
DEBUG: BEGIN: AltsoundProcessorBase::setVolume()
    INFO: Setting volume for stream 2147483715
    DEBUG: SAMPLE_VOL:0.34  GLOBAL_VOL:1.00  MASTER_VOL:1.00
    INFO: SUCCESS BASS_ChannelSetAttribute(BASS_ATTRIB_VOL)
DEBUG: END: AltsoundProcessorBase::setVolume()
    DEBUG: SFX stream 2147483715 gain:  0.40  group_vol:  0.85 ducked_vol:  1.00
DEBUG: BEGIN GSoundProcessor::findLowestDuckVolume()
    DEBUG: SFX duck_vol_map is empty()
DEBUG: END GSoundProcessor::findLowestDuckVolume()
    DEBUG: SFX ducking volume: 1.00
DEBUG: BEGIN: AltsoundProcessorBase::setVolume()
    INFO: Setting volume for stream 2147483709
    DEBUG: SAMPLE_VOL:0.34  GLOBAL_VOL:1.00  MASTER_VOL:1.00
    INFO: SUCCESS BASS_ChannelSetAttribute(BASS_ATTRIB_VOL)
DEBUG: END: AltsoundProcessorBase::setVolume()
    DEBUG: SFX stream 2147483709 gain:  0.40  group_vol:  0.85 ducked_vol:  1.00
DEBUG: BEGIN GSoundProcessor::findLowestDuckVolume()
    DEBUG: Min ducking value for MUSIC streams: 0.85
DEBUG: END GSoundProcessor::findLowestDuckVolume()
    DEBUG: MUSIC ducking volume: 0.85
DEBUG: BEGIN: AltsoundProcessorBase::setVolume()
    INFO: Setting volume for stream 2147483659
    DEBUG: SAMPLE_VOL:0.76  GLOBAL_VOL:1.00  MASTER_VOL:1.00
    INFO: SUCCESS BASS_ChannelSetAttribute(BASS_ATTRIB_VOL)
DEBUG: END: AltsoundProcessorBase::setVolume()
    DEBUG: MUSIC stream 2147483659 gain:  0.90  group_vol:  1.00 ducked_vol:  0.85
DEBUG: BEGIN GSoundProcessor::findLowestDuckVolume()
    DEBUG: SFX duck_vol_map is empty()
DEBUG: END GSoundProcessor::findLowestDuckVolume()
    DEBUG: SFX ducking volume: 1.00
DEBUG: BEGIN: AltsoundProcessorBase::setVolume()
    INFO: Setting volume for stream 2147483711
    DEBUG: SAMPLE_VOL:0.34  GLOBAL_VOL:1.00  MASTER_VOL:1.00
    INFO: SUCCESS BASS_ChannelSetAttribute(BASS_ATTRIB_VOL)
DEBUG: END: AltsoundProcessorBase::setVolume()
    DEBUG: SFX stream 2147483711 gain:  0.40  group_vol:  0.85 ducked_vol:  1.00
DEBUG: BEGIN GSoundProcessor::findLowestDuckVolume()
    DEBUG: SFX duck_vol_map is empty()
DEBUG: END GSoundProcessor::findLowestDuckVolume()
    DEBUG: SFX ducking volume: 1.00
DEBUG: BEGIN: AltsoundProcessorBase::setVolume()
    INFO: Setting volume for stream 2147483717
    DEBUG: SAMPLE_VOL:0.34  GLOBAL_VOL:1.00  MASTER_VOL:1.00
    INFO: SUCCESS BASS_ChannelSetAttribute(BASS_ATTRIB_VOL)
DEBUG: END: AltsoundProcessorBase::setVolume()
    DEBUG: SFX stream 2147483717 gain:  0.40  group_vol:  0.85 ducked_vol:  1.00
    INFO: Num active streams: 6
DEBUG: END GSoundProcessor::adjustStreamVolumes()
DEBUG: BEGIN GSoundProcessor::processPausedStreams()
DEBUG: BEGIN GSoundProcessor::tryResumeStream()
DEBUG: END GSoundProcessor::tryResumeStream()
DEBUG: BEGIN GSoundProcessor::tryResumeStream()
DEBUG: END GSoundProcessor::tryResumeStream()
DEBUG: BEGIN GSoundProcessor::tryResumeStream()
DEBUG: END GSoundProcessor::tryResumeStream()
DEBUG: BEGIN GSoundProcessor::tryResumeStream()
DEBUG: END GSoundProcessor::tryResumeStream()
DEBUG: BEGIN GSoundProcessor::tryResumeStream()
DEBUG: END GSoundProcessor::tryResumeStream()
DEBUG: BEGIN GSoundProcessor::tryResumeStream()
DEBUG: END GSoundProcessor::tryResumeStream()
DEBUG: END GSoundProcessor::processPausedStreams()
    INFO: SFX stream(2147483713) finished on ch(07)
DEBUG: END GSoundProcessor::common_callback()
DEBUG: 
BEGIN: GSoundProcessor::common_callback()
    INFO: HSYNC: 2147483712  HSTREAM: 2147483711
    DEBUG: Acquiring mutex
DEBUG: BEGIN: GSoundProcessor::postProcessBehaviors()
    DEBUG: Post-processing SFX behaviors on OVERLAY streams
    DEBUG: Post-processing SFX ducking impact on OVERLAY streams
    DEBUG: Post-processing SFX behaviors on SOLO streams
    DEBUG: Post-processing SFX ducking impact on SOLO streams
    DEBUG: Post-processing SFX behaviors on SFX streams
    DEBUG: Post-processing SFX ducking impact on SFX streams
    DEBUG: Post-processing SFX behaviors on CALLOUT streams
    DEBUG: Post-processing SFX ducking impact on CALLOUT streams
    DEBUG: Post-processing SFX behaviors on MUSIC streams
    DEBUG: Post-processing SFX ducking impact on MUSIC streams
    DEBUG: Erasing ducking impact from SFX stream: 2147483711
DEBUG: BEGIN GSoundProcessor::printBehaviorData()
DEBUG: Printing duck_vol_map:
DEBUG: Stream Type: OVERLAY
DEBUG: Stream Type: SOLO
DEBUG: Stream Type: SFX
DEBUG: Stream Type: CALLOUT
DEBUG: Stream Type: MUSIC
DEBUG: Stream ID: 2147483719, Duck Volume: 0.850000
DEBUG: Stream ID: 2147483717, Duck Volume: 0.850000
DEBUG: Stream ID: 2147483715, Duck Volume: 0.850000
DEBUG: Stream ID: 2147483709, Duck Volume: 0.850000
DEBUG: Printing paused_status_map:
DEBUG: Stream Type: OVERLAY
DEBUG: Stream Type: SOLO
DEBUG: Stream Type: SFX
DEBUG: Stream Type: CALLOUT
DEBUG: Stream Type: MUSIC
DEBUG: END GSoundProcessor::printBehaviorData()
DEBUG: END GSoundProcessor::postProcessBehaviors()
    INFO: BEGIN AltsoundProcessorBase::freeStream()
        INFO: Successfully free'd stream(2147483711)
    DEBUG: END AltsoundProcessorBase::freeStream()
INFO: BEGIN GSoundProcessor::adjustStreamVolumes()
DEBUG: BEGIN GSoundProcessor::findLowestDuckVolume()
    DEBUG: SFX duck_vol_map is empty()
DEBUG: END GSoundProcessor::findLowestDuckVolume()
    DEBUG: SFX ducking volume: 1.00
DEBUG: BEGIN: AltsoundProcessorBase::setVolume()
    INFO: Setting volume for stream 2147483719
    DEBUG: SAMPLE_VOL:0.34  GLOBAL_VOL:1.00  MASTER_VOL:1.00
    INFO: SUCCESS BASS_ChannelSetAttribute(BASS_ATTRIB_VOL)
DEBUG: END: AltsoundProcessorBase::setVolume()
    DEBUG: SFX stream 2147483719 gain:  0.40  group_vol:  0.85 ducked_vol:  1.00
DEBUG: BEGIN GSoundProcessor::findLowestDuckVolume()
    DEBUG: SFX duck_vol_map is empty()
DEBUG: END GSoundProcessor::findLowestDuckVolume()
    DEBUG: SFX ducking volume: 1.00
DEBUG: BEGIN: AltsoundProcessorBase::setVolume()
    INFO: Setting volume for stream 2147483715
    DEBUG: SAMPLE_VOL:0.34  GLOBAL_VOL:1.00  MASTER_VOL:1.00
    INFO: SUCCESS BASS_ChannelSetAttribute(BASS_ATTRIB_VOL)
DEBUG: END: AltsoundProcessorBase::setVolume()
    DEBUG: SFX stream 2147483715 gain:  0.40  group_vol:  0.85 ducked_vol:  1.00
DEBUG: BEGIN GSoundProcessor::findLowestDuckVolume()
    DEBUG: SFX duck_vol_map is empty()
DEBUG: END GSoundProcessor::findLowestDuckVolume()
    DEBUG: SFX ducking volume: 1.00
DEBUG: BEGIN: AltsoundProcessorBase::setVolume()
    INFO: Setting volume for stream 2147483709
    DEBUG: SAMPLE_VOL:0.34  GLOBAL_VOL:1.00  MASTER_VOL:1.00
    INFO: SUCCESS BASS_ChannelSetAttribute(BASS_ATTRIB_VOL)
DEBUG: END: AltsoundProcessorBase::setVolume()
    DEBUG: SFX stream 2147483709 gain:  0.40  group_vol:  0.85 ducked_vol:  1.00
DEBUG: BEGIN GSoundProcessor::findLowestDuckVolume()
    DEBUG: Min ducking value for MUSIC streams: 0.85
DEBUG: END GSoundProcessor::findLowestDuckVolume()
    DEBUG: MUSIC ducking volume: 0.85
DEBUG: BEGIN: AltsoundProcessorBase::setVolume()
    INFO: Setting volume for stream 2147483659
    DEBUG: SAMPLE_VOL:0.76  GLOBAL_VOL:1.00  MASTER_VOL:1.00
    INFO: SUCCESS BASS_ChannelSetAttribute(BASS_ATTRIB_VOL)
DEBUG: END: AltsoundProcessorBase::setVolume()
    DEBUG: MUSIC stream 2147483659 gain:  0.90  group_vol:  1.00 ducked_vol:  0.85
DEBUG: BEGIN GSoundProcessor::findLowestDuckVolume()
    DEBUG: SFX duck_vol_map is empty()
DEBUG: END GSoundProcessor::findLowestDuckVolume()
    DEBUG: SFX ducking volume: 1.00
DEBUG: BEGIN: AltsoundProcessorBase::setVolume()
    INFO: Setting volume for stream 2147483717
    DEBUG: SAMPLE_VOL:0.34  GLOBAL_VOL:1.00  MASTER_VOL:1.00
    INFO: SUCCESS BASS_ChannelSetAttribute(BASS_ATTRIB_VOL)
DEBUG: END: AltsoundProcessorBase::setVolume()
    DEBUG: SFX stream 2147483717 gain:  0.40  group_vol:  0.85 ducked_vol:  1.00
    INFO: Num active streams: 5
DEBUG: END GSoundProcessor::adjustStreamVolumes()
DEBUG: BEGIN GSoundProcessor::processPausedStreams()
DEBUG: BEGIN GSoundProcessor::tryResumeStream()
DEBUG: END GSoundProcessor::tryResumeStream()
DEBUG: BEGIN GSoundProcessor::tryResumeStream()
DEBUG: END GSoundProcessor::tryResumeStream()
DEBUG: BEGIN GSoundProcessor::tryResumeStream()
DEBUG: END GSoundProcessor::tryResumeStream()
DEBUG: BEGIN GSoundProcessor::tryResumeStream()
DEBUG: END GSoundProcessor::tryResumeStream()
DEBUG: BEGIN GSoundProcessor::tryResumeStream()
DEBUG: END GSoundProcessor::tryResumeStream()
DEBUG: END GSoundProcessor::processPausedStreams()
    INFO: SFX stream(2147483711) finished on ch(05)
DEBUG: END GSoundProcessor::common_callback()
DEBUG: BEGIN AltsoundProcessCommand()
DEBUG: Master Volume (Post Attenuation): 1.00
DEBUG: BEGIN altsound_preprocess_commands()
DEBUG: MAME_GEN: 0x0000000004000
DEBUG: Hardware Generation: DEDMD16, DEDMD32, DEDMD64, DE
DEBUG: END altsound_preprocess_commands()
DEBUG: Command complete. Processing...
    DEBUG: BEGIN GSoundProcessor::handleCmd()
        DEBUG: Acquiring mutex
        DEBUG: BEGIN GSoundProcessor::getSample()
        INFO: Found 1 sample(s) for ID: 007D
        INFO: Sample: gnr_300/0x007d-setup_validation.ogg
        DEBUG: END GSoundProcessor::getSample()
        DEBUG: BEGIN GSoundProcessor::processStream()
            DEBUG: BEGIN AltsoundProcessorBase::createStream()
                INFO: BEGIN: AltsoundProcessorBase::findFreeChannel()
                    INFO: Found free channel: 04
                DEBUG: END: AltsoundProcessorBase::findFreeChannel()
                INFO: Successfully created stream(2147483721) on channel(04)
            DEBUG: END: AltsoundProcessorBase::createStream()
        DEBUG: BEGIN: GSoundProcessor::processBehaviors()
            DEBUG: Processing SFX behaviors on OVERLAY streams
            DEBUG: Processing SFX behaviors on SOLO streams
            DEBUG: Processing SFX behaviors on SFX streams
            DEBUG: Processing SFX behaviors on CALLOUT streams
            DEBUG: Processing SFX behaviors on MUSIC streams
        DEBUG: BEGIN GSoundProcessor::printBehaviorData()
        DEBUG: Printing duck_vol_map:
        DEBUG: Stream Type: OVERLAY
        DEBUG: Stream Type: SOLO
        DEBUG: Stream Type: SFX
        DEBUG: Stream Type: CALLOUT
        DEBUG: Stream Type: MUSIC
        DEBUG: Stream ID: 2147483721, Duck Volume: 0.850000
        DEBUG: Stream ID: 2147483719, Duck Volume: 0.850000
        DEBUG: Stream ID: 2147483717, Duck Volume: 0.850000
        DEBUG: Stream ID: 2147483715, Duck Volume: 0.850000
        DEBUG: Stream ID: 2147483709, Duck Volume: 0.850000
        DEBUG: Printing paused_status_map:
        DEBUG: Stream Type: OVERLAY
        DEBUG: Stream Type: SOLO
        DEBUG: Stream Type: SFX
        DEBUG: Stream Type: CALLOUT
        DEBUG: Stream Type: MUSIC
        DEBUG: END GSoundProcessor::printBehaviorData()
        DEBUG: END GSoundProcessor::processBehaviors()
        DEBUG: END GSoundProcessor::processStream()
        INFO: BEGIN GSoundProcessor::adjustStreamVolumes()
        DEBUG: BEGIN GSoundProcessor::findLowestDuckVolume()
            DEBUG: SFX duck_vol_map is empty()
        DEBUG: END GSoundProcessor::findLowestDuckVolume()
            DEBUG: SFX ducking volume: 1.00
        DEBUG: BEGIN: AltsoundProcessorBase::setVolume()
            INFO: Setting volume for stream 2147483719
            DEBUG: SAMPLE_VOL:0.34  GLOBAL_VOL:1.00  MASTER_VOL:1.00
            INFO: SUCCESS BASS_ChannelSetAttribute(BASS_ATTRIB_VOL)
        DEBUG: END: AltsoundProcessorBase::setVolume()
            DEBUG: SFX stream 2147483719 gain:  0.40  group_vol:  0.85 ducked_vol:  1.00
        DEBUG: BEGIN GSoundProcessor::findLowestDuckVolume()
            DEBUG: SFX duck_vol_map is empty()
        DEBUG: END GSoundProcessor::findLowestDuckVolume()
            DEBUG: SFX ducking volume: 1.00
        DEBUG: BEGIN: AltsoundProcessorBase::setVolume()
            INFO: Setting volume for stream 2147483715
            DEBUG: SAMPLE_VOL:0.34  GLOBAL_VOL:1.00  MASTER_VOL:1.00
            INFO: SUCCESS BASS_ChannelSetAttribute(BASS_ATTRIB_VOL)
        DEBUG: END: AltsoundProcessorBase::setVolume()
            DEBUG: SFX stream 2147483715 gain:  0.40  group_vol:  0.85 ducked_vol:  1.00
        DEBUG: BEGIN GSoundProcessor::findLowestDuckVolume()
            DEBUG: SFX duck_vol_map is empty()
        DEBUG: END GSoundProcessor::findLowestDuckVolume()
            DEBUG: SFX ducking volume: 1.00
        DEBUG: BEGIN: AltsoundProcessorBase::setVolume()
            INFO: Setting volume for stream 2147483709
            DEBUG: SAMPLE_VOL:0.34  GLOBAL_VOL:1.00  MASTER_VOL:1.00
            INFO: SUCCESS BASS_ChannelSetAttribute(BASS_ATTRIB_VOL)
        DEBUG: END: AltsoundProcessorBase::setVolume()
            DEBUG: SFX stream 2147483709 gain:  0.40  group_vol:  0.85 ducked_vol:  1.00
        DEBUG: BEGIN GSoundProcessor::findLowestDuckVolume()
            DEBUG: Min ducking value for MUSIC streams: 0.85
        DEBUG: END GSoundProcessor::findLowestDuckVolume()
            DEBUG: MUSIC ducking volume: 0.85
        DEBUG: BEGIN: AltsoundProcessorBase::setVolume()
            INFO: Setting volume for stream 2147483659
            DEBUG: SAMPLE_VOL:0.76  GLOBAL_VOL:1.00  MASTER_VOL:1.00
            INFO: SUCCESS BASS_ChannelSetAttribute(BASS_ATTRIB_VOL)
        DEBUG: END: AltsoundProcessorBase::setVolume()
            DEBUG: MUSIC stream 2147483659 gain:  0.90  group_vol:  1.00 ducked_vol:  0.85
        DEBUG: BEGIN GSoundProcessor::findLowestDuckVolume()
            DEBUG: SFX duck_vol_map is empty()
        DEBUG: END GSoundProcessor::findLowestDuckVolume()
            DEBUG: SFX ducking volume: 1.00
        DEBUG: BEGIN: AltsoundProcessorBase::setVolume()
            INFO: Setting volume for stream 2147483721
            DEBUG: SAMPLE_VOL:0.34  GLOBAL_VOL:1.00  MASTER_VOL:1.00
            INFO: SUCCESS BASS_ChannelSetAttribute(BASS_ATTRIB_VOL)
        DEBUG: END: AltsoundProcessorBase::setVolume()
            DEBUG: SFX stream 2147483721 gain:  0.40  group_vol:  0.85 ducked_vol:  1.00
        DEBUG: BEGIN GSoundProcessor::findLowestDuckVolume()
            DEBUG: SFX duck_vol_map is empty()
        DEBUG: END GSoundProcessor::findLowestDuckVolume()
            DEBUG: SFX ducking volume: 1.00
        DEBUG: BEGIN: AltsoundProcessorBase::setVolume()
            INFO: Setting volume for stream 2147483717
            DEBUG: SAMPLE_VOL:0.34  GLOBAL_VOL:1.00  MASTER_VOL:1.00
            INFO: SUCCESS BASS_ChannelSetAttribute(BASS_ATTRIB_VOL)
        DEBUG: END: AltsoundProcessorBase::setVolume()
            DEBUG: SFX stream 2147483717 gain:  0.40  group_vol:  0.85 ducked_vol:  1.00
            INFO: Num active streams: 6
        DEBUG: END GSoundProcessor::adjustStreamVolumes()
        INFO: Playing SFX stream: gnr_300/0x007d-setup_validation.ogg
        DEBUG: HSTREAM(2147483721)  CH(04)  CMD(007D)  SAMPLE(gnr_300/0x007d-setup_validation.ogg)
            INFO: SUCCESS SFX stream playback
    DEBUG: END GSoundProcessor::handleCmd()
INFO: SUCCESS processor::handleCmd()
DEBUG: BEGIN altsound_postprocess_commands()
DEBUG: MAME_GEN: 0x0000000004000
DEBUG: END postprocess_commands()
DEBUG: END AltsoundProcessCommand()
DEBUG: 
DEBUG: BEGIN AltsoundProcessCommand()
DEBUG: Master Volume (Post Attenuation): 1.00
DEBUG: BEGIN altsound_preprocess_commands()
DEBUG: MAME_GEN: 0x0000000004000
DEBUG: Hardware Generation: DEDMD16, DEDMD32, DEDMD64, DE
DEBUG: END altsound_preprocess_commands()
DEBUG: Command complete. Processing...
    DEBUG: BEGIN GSoundProcessor::handleCmd()
        DEBUG: Acquiring mutex
        DEBUG: BEGIN GSoundProcessor::getSample()
        INFO: Found 1 sample(s) for ID: 007B
        INFO: Sample: gnr_300/0x007b-push_button.ogg
        DEBUG: END GSoundProcessor::getSample()
        DEBUG: BEGIN GSoundProcessor::processStream()
            DEBUG: BEGIN AltsoundProcessorBase::createStream()
                INFO: BEGIN: AltsoundProcessorBase::findFreeChannel()
                    INFO: Found free channel: 05
                DEBUG: END: AltsoundProcessorBase::findFreeChannel()
                INFO: Successfully created stream(2147483723) on channel(05)
            DEBUG: END: AltsoundProcessorBase::createStream()
        DEBUG: BEGIN: GSoundProcessor::processBehaviors()
            DEBUG: Processing SFX behaviors on OVERLAY streams
            DEBUG: Processing SFX behaviors on SOLO streams
            DEBUG: Processing SFX behaviors on SFX streams
            DEBUG: Processing SFX behaviors on CALLOUT streams
            DEBUG: Processing SFX behaviors on MUSIC streams
        DEBUG: BEGIN GSoundProcessor::printBehaviorData()
        DEBUG: Printing duck_vol_map:
        DEBUG: Stream Type: OVERLAY
        DEBUG: Stream Type: SOLO
        DEBUG: Stream Type: SFX
        DEBUG: Stream Type: CALLOUT
        DEBUG: Stream Type: MUSIC
        DEBUG: Stream ID: 2147483723, Duck Volume: 0.850000
        DEBUG: Stream ID: 2147483721, Duck Volume: 0.850000
        DEBUG: Stream ID: 2147483719, Duck Volume: 0.850000
        DEBUG: Stream ID: 2147483717, Duck Volume: 0.850000
        DEBUG: Stream ID: 2147483715, Duck Volume: 0.850000
        DEBUG: Stream ID: 2147483709, Duck Volume: 0.850000
        DEBUG: Printing paused_status_map:
        DEBUG: Stream Type: OVERLAY
        DEBUG: Stream Type: SOLO
        DEBUG: Stream Type: SFX
        DEBUG: Stream Type: CALLOUT
        DEBUG: Stream Type: MUSIC
        DEBUG: END GSoundProcessor::printBehaviorData()
        DEBUG: END GSoundProcessor::processBehaviors()
        DEBUG: END GSoundProcessor::processStream()
        INFO: BEGIN GSoundProcessor::adjustStreamVolumes()
        DEBUG: BEGIN GSoundProcessor::findLowestDuckVolume()
            DEBUG: SFX duck_vol_map is empty()
        DEBUG: END GSoundProcessor::findLowestDuckVolume()
            DEBUG: SFX ducking volume: 1.00
        DEBUG: BEGIN: AltsoundProcessorBase::setVolume()
            INFO: Setting volume for stream 2147483719
            DEBUG: SAMPLE_VOL:0.34  GLOBAL_VOL:1.00  MASTER_VOL:1.00
            INFO: SUCCESS BASS_ChannelSetAttribute(BASS_ATTRIB_VOL)
        DEBUG: END: AltsoundProcessorBase::setVolume()
            DEBUG: SFX stream 2147483719 gain:  0.40  group_vol:  0.85 ducked_vol:  1.00
        DEBUG: BEGIN GSoundProcessor::findLowestDuckVolume()
            DEBUG: SFX duck_vol_map is empty()
        DEBUG: END GSoundProcessor::findLowestDuckVolume()
            DEBUG: SFX ducking volume: 1.00
        DEBUG: BEGIN: AltsoundProcessorBase::setVolume()
            INFO: Setting volume for stream 2147483715
            DEBUG: SAMPLE_VOL:0.34  GLOBAL_VOL:1.00  MASTER_VOL:1.00
            INFO: SUCCESS BASS_ChannelSetAttribute(BASS_ATTRIB_VOL)
        DEBUG: END: AltsoundProcessorBase::setVolume()
            DEBUG: SFX stream 2147483715 gain:  0.40  group_vol:  0.85 ducked_vol:  1.00
        DEBUG: BEGIN GSoundProcessor::findLowestDuckVolume()
            DEBUG: SFX duck_vol_map is empty()
        DEBUG: END GSoundProcessor::findLowestDuckVolume()
            DEBUG: SFX ducking volume: 1.00
        DEBUG: BEGIN: AltsoundProcessorBase::setVolume()
            INFO: Setting volume for stream 2147483709
            DEBUG: SAMPLE_VOL:0.34  GLOBAL_VOL:1.00  MASTER_VOL:1.00
            INFO: SUCCESS BASS_ChannelSetAttribute(BASS_ATTRIB_VOL)
        DEBUG: END: AltsoundProcessorBase::setVolume()
            DEBUG: SFX stream 2147483709 gain:  0.40  group_vol:  0.85 ducked_vol:  1.00
        DEBUG: BEGIN GSoundProcessor::findLowestDuckVolume()
            DEBUG: Min ducking value for MUSIC streams: 0.85
        DEBUG: END GSoundProcessor::findLowestDuckVolume()
            DEBUG: MUSIC ducking volume: 0.85
        DEBUG: BEGIN: AltsoundProcessorBase::setVolume()
            INFO: Setting volume for stream 2147483659
            DEBUG: SAMPLE_VOL:0.76  GLOBAL_VOL:1.00  MASTER_VOL:1.00
            INFO: SUCCESS BASS_ChannelSetAttribute(BASS_ATTRIB_VOL)
        DEBUG: END: AltsoundProcessorBase::setVolume()
            DEBUG: MUSIC stream 2147483659 gain:  0.90  group_vol:  1.00 ducked_vol:  0.85
        DEBUG: BEGIN GSoundProcessor::findLowestDuckVolume()
            DEBUG: SFX duck_vol_map is empty()
        DEBUG: END GSoundProcessor::findLowestDuckVolume()
            DEBUG: SFX ducking volume: 1.00
        DEBUG: BEGIN: AltsoundProcessorBase::setVolume()
            INFO: Setting volume for stream 2147483721
            DEBUG: SAMPLE_VOL:0.34  GLOBAL_VOL:1.00  MASTER_VOL:1.00
            INFO: SUCCESS BASS_ChannelSetAttribute(BASS_ATTRIB_VOL)
        DEBUG: END: AltsoundProcessorBase::setVolume()
            DEBUG: SFX stream 2147483721 gain:  0.40  group_vol:  0.85 ducked_vol:  1.00
        DEBUG: BEGIN GSoundProcessor::findLowestDuckVolume()
            DEBUG: SFX duck_vol_map is empty()
        DEBUG: END GSoundProcessor::findLowestDuckVolume()
            DEBUG: SFX ducking volume: 1.00
        DEBUG: BEGIN: AltsoundProcessorBase::setVolume()
            INFO: Setting volume for stream 2147483723
            DEBUG: SAMPLE_VOL:0.34  GLOBAL_VOL:1.00  MASTER_VOL:1.00
            INFO: SUCCESS BASS_ChannelSetAttribute(BASS_ATTRIB_VOL)
        DEBUG: END: AltsoundProcessorBase::setVolume()
            DEBUG: SFX stream 2147483723 gain:  0.40  group_vol:  0.85 ducked_vol:  1.00
        DEBUG: BEGIN GSoundProcessor::findLowestDuckVolume()
            DEBUG: SFX duck_vol_map is empty()
        DEBUG: END GSoundProcessor::findLowestDuckVolume()
            DEBUG: SFX ducking volume: 1.00
        DEBUG: BEGIN: AltsoundProcessorBase::setVolume()
            INFO: Setting volume for stream 2147483717
            DEBUG: SAMPLE_VOL:0.34  GLOBAL_VOL:1.00  MASTER_VOL:1.00
            INFO: SUCCESS BASS_ChannelSetAttribute(BASS_ATTRIB_VOL)
        DEBUG: END: AltsoundProcessorBase::setVolume()
            DEBUG: SFX stream 2147483717 gain:  0.40  group_vol:  0.85 ducked_vol:  1.00
            INFO: Num active streams: 7
        DEBUG: END GSoundProcessor::adjustStreamVolumes()
        INFO: Playing SFX stream: gnr_300/0x007b-push_button.ogg
        DEBUG: HSTREAM(2147483723)  CH(05)  CMD(007B)  SAMPLE(gnr_300/0x007b-push_button.ogg)
            INFO: SUCCESS SFX stream playback
    DEBUG: END GSoundProcessor::handleCmd()
INFO: SUCCESS processor::handleCmd()
DEBUG: BEGIN altsound_postprocess_commands()
DEBUG: MAME_GEN: 0x0000000004000
DEBUG: END postprocess_commands()
DEBUG: END AltsoundProcessCommand()
DEBUG: 
DEBUG: BEGIN AltsoundProcessCommand()
DEBUG: Master Volume (Post Attenuation): 1.00
DEBUG: BEGIN altsound_preprocess_commands()
DEBUG: MAME_GEN: 0x0000000004000
DEBUG: Hardware Generation: DEDMD16, DEDMD32, DEDMD64, DE
DEBUG: END altsound_preprocess_commands()
DEBUG: Command complete. Processing...
    DEBUG: BEGIN GSoundProcessor::handleCmd()
        DEBUG: Acquiring mutex
        DEBUG: BEGIN GSoundProcessor::getSample()
        INFO: Found 1 sample(s) for ID: 007C
        INFO: Sample: gnr_300/0x007c-setup_button.ogg
        DEBUG: END GSoundProcessor::getSample()
        DEBUG: BEGIN GSoundProcessor::processStream()
            DEBUG: BEGIN AltsoundProcessorBase::createStream()
                INFO: BEGIN: AltsoundProcessorBase::findFreeChannel()
                    INFO: Found free channel: 07
                DEBUG: END: AltsoundProcessorBase::findFreeChannel()
                INFO: Successfully created stream(2147483725) on channel(07)
            DEBUG: END: AltsoundProcessorBase::createStream()
        DEBUG: BEGIN: GSoundProcessor::processBehaviors()
            DEBUG: Processing SFX behaviors on OVERLAY streams
            DEBUG: Processing SFX behaviors on SOLO streams
            DEBUG: Processing SFX behaviors on SFX streams
            DEBUG: Processing SFX behaviors on CALLOUT streams
            DEBUG: Processing SFX behaviors on MUSIC streams
        DEBUG: BEGIN GSoundProcessor::printBehaviorData()
        DEBUG: Printing duck_vol_map:
        DEBUG: Stream Type: OVERLAY
        DEBUG: Stream Type: SOLO
        DEBUG: Stream Type: SFX
        DEBUG: Stream Type: CALLOUT
        DEBUG: Stream Type: MUSIC
        DEBUG: Stream ID: 2147483725, Duck Volume: 0.850000
        DEBUG: Stream ID: 2147483723, Duck Volume: 0.850000
        DEBUG: Stream ID: 2147483721, Duck Volume: 0.850000
        DEBUG: Stream ID: 2147483719, Duck Volume: 0.850000
        DEBUG: Stream ID: 2147483717, Duck Volume: 0.850000
        DEBUG: Stream ID: 2147483715, Duck Volume: 0.850000
        DEBUG: Stream ID: 2147483709, Duck Volume: 0.850000
        DEBUG: Printing paused_status_map:
        DEBUG: Stream Type: OVERLAY
        DEBUG: Stream Type: SOLO
        DEBUG: Stream Type: SFX
        DEBUG: Stream Type: CALLOUT
        DEBUG: Stream Type: MUSIC
        DEBUG: END GSoundProcessor::printBehaviorData()
        DEBUG: END GSoundProcessor::processBehaviors()
        DEBUG: END GSoundProcessor::processStream()
        INFO: BEGIN GSoundProcessor::adjustStreamVolumes()
        DEBUG: BEGIN GSoundProcessor::findLowestDuckVolume()
            DEBUG: SFX duck_vol_map is empty()
        DEBUG: END GSoundProcessor::findLowestDuckVolume()
            DEBUG: SFX ducking volume: 1.00
        DEBUG: BEGIN: AltsoundProcessorBase::setVolume()
            INFO: Setting volume for stream 2147483719
            DEBUG: SAMPLE_VOL:0.34  GLOBAL_VOL:1.00  MASTER_VOL:1.00
            INFO: SUCCESS BASS_ChannelSetAttribute(BASS_ATTRIB_VOL)
        DEBUG: END: AltsoundProcessorBase::setVolume()
            DEBUG: SFX stream 2147483719 gain:  0.40  group_vol:  0.85 ducked_vol:  1.00
        DEBUG: BEGIN GSoundProcessor::findLowestDuckVolume()
            DEBUG: SFX duck_vol_map is empty()
        DEBUG: END GSoundProcessor::findLowestDuckVolume()
            DEBUG: SFX ducking volume: 1.00
        DEBUG: BEGIN: AltsoundProcessorBase::setVolume()
            INFO: Setting volume for stream 2147483715
            DEBUG: SAMPLE_VOL:0.34  GLOBAL_VOL:1.00  MASTER_VOL:1.00
            INFO: SUCCESS BASS_ChannelSetAttribute(BASS_ATTRIB_VOL)
        DEBUG: END: AltsoundProcessorBase::setVolume()
            DEBUG: SFX stream 2147483715 gain:  0.40  group_vol:  0.85 ducked_vol:  1.00
        DEBUG: BEGIN GSoundProcessor::findLowestDuckVolume()
            DEBUG: SFX duck_vol_map is empty()
        DEBUG: END GSoundProcessor::findLowestDuckVolume()
            DEBUG: SFX ducking volume: 1.00
        DEBUG: BEGIN: AltsoundProcessorBase::setVolume()
            INFO: Setting volume for stream 2147483709
            DEBUG: SAMPLE_VOL:0.34  GLOBAL_VOL:1.00  MASTER_VOL:1.00
            INFO: SUCCESS BASS_ChannelSetAttribute(BASS_ATTRIB_VOL)
        DEBUG: END: AltsoundProcessorBase::setVolume()
            DEBUG: SFX stream 2147483709 gain:  0.40  group_vol:  0.85 ducked_vol:  1.00
        DEBUG: BEGIN GSoundProcessor::findLowestDuckVolume()
            DEBUG: Min ducking value for MUSIC streams: 0.85
        DEBUG: END GSoundProcessor::findLowestDuckVolume()
            DEBUG: MUSIC ducking volume: 0.85
        DEBUG: BEGIN: AltsoundProcessorBase::setVolume()
            INFO: Setting volume for stream 2147483659
            DEBUG: SAMPLE_VOL:0.76  GLOBAL_VOL:1.00  MASTER_VOL:1.00
            INFO: SUCCESS BASS_ChannelSetAttribute(BASS_ATTRIB_VOL)
        DEBUG: END: AltsoundProcessorBase::setVolume()
            DEBUG: MUSIC stream 2147483659 gain:  0.90  group_vol:  1.00 ducked_vol:  0.85
        DEBUG: BEGIN GSoundProcessor::findLowestDuckVolume()
            DEBUG: SFX duck_vol_map is empty()
        DEBUG: END GSoundProcessor::findLowestDuckVolume()
            DEBUG: SFX ducking volume: 1.00
        DEBUG: BEGIN: AltsoundProcessorBase::setVolume()
            INFO: Setting volume for stream 2147483721
            DEBUG: SAMPLE_VOL:0.34  GLOBAL_VOL:1.00  MASTER_VOL:1.00
            INFO: SUCCESS BASS_ChannelSetAttribute(BASS_ATTRIB_VOL)
        DEBUG: END: AltsoundProcessorBase::setVolume()
            DEBUG: SFX stream 2147483721 gain:  0.40  group_vol:  0.85 ducked_vol:  1.00
        DEBUG: BEGIN GSoundProcessor::findLowestDuckVolume()
            DEBUG: SFX duck_vol_map is empty()
        DEBUG: END GSoundProcessor::findLowestDuckVolume()
            DEBUG: SFX ducking volume: 1.00
        DEBUG: BEGIN: AltsoundProcessorBase::setVolume()
            INFO: Setting volume for stream 2147483723
            DEBUG: SAMPLE_VOL:0.34  GLOBAL_VOL:1.00  MASTER_VOL:1.00
            INFO: SUCCESS BASS_ChannelSetAttribute(BASS_ATTRIB_VOL)
        DEBUG: END: AltsoundProcessorBase::setVolume()
            DEBUG: SFX stream 2147483723 gain:  0.40  group_vol:  0.85 ducked_vol:  1.00
        DEBUG: BEGIN GSoundProcessor::findLowestDuckVolume()
            DEBUG: SFX duck_vol_map is empty()
        DEBUG: END GSoundProcessor::findLowestDuckVolume()
            DEBUG: SFX ducking volume: 1.00
        DEBUG: BEGIN: AltsoundProcessorBase::setVolume()
            INFO: Setting volume for stream 2147483717
            DEBUG: SAMPLE_VOL:0.34  GLOBAL_VOL:1.00  MASTER_VOL:1.00
            INFO: SUCCESS BASS_ChannelSetAttribute(BASS_ATTRIB_VOL)
        DEBUG: END: AltsoundProcessorBase::setVolume()
            DEBUG: SFX stream 2147483717 gain:  0.40  group_vol:  0.85 ducked_vol:  1.00
        DEBUG: BEGIN GSoundProcessor::findLowestDuckVolume()
            DEBUG: SFX duck_vol_map is empty()
        DEBUG: END GSoundProcessor::findLowestDuckVolume()
            DEBUG: SFX ducking volume: 1.00
        DEBUG: BEGIN: AltsoundProcessorBase::setVolume()
            INFO: Setting volume for stream 2147483725
            DEBUG: SAMPLE_VOL:0.34  GLOBAL_VOL:1.00  MASTER_VOL:1.00
            INFO: SUCCESS BASS_ChannelSetAttribute(BASS_ATTRIB_VOL)
        DEBUG: END: AltsoundProcessorBase::setVolume()
            DEBUG: SFX stream 2147483725 gain:  0.40  group_vol:  0.85 ducked_vol:  1.00
            INFO: Num active streams: 8
        DEBUG: END GSoundProcessor::adjustStreamVolumes()
        INFO: Playing SFX stream: gnr_300/0x007c-setup_button.ogg
        DEBUG: HSTREAM(2147483725)  CH(07)  CMD(007C)  SAMPLE(gnr_300/0x007c-setup_button.ogg)
            INFO: SUCCESS SFX stream playback
    DEBUG: END GSoundProcessor::handleCmd()
INFO: SUCCESS processor::handleCmd()
DEBUG: BEGIN altsound_postprocess_commands()
DEBUG: MAME_GEN: 0x0000000004000
DEBUG: END postprocess_commands()
DEBUG: END AltsoundProcessCommand()
DEBUG: 
DEBUG: 
BEGIN: GSoundProcessor::common_callback()
    INFO: HSYNC: 2147483710  HSTREAM: 2147483709
    DEBUG: Acquiring mutex
DEBUG: BEGIN: GSoundProcessor::postProcessBehaviors()
    DEBUG: Post-processing SFX behaviors on OVERLAY streams
    DEBUG: Post-processing SFX ducking impact on OVERLAY streams
    DEBUG: Post-processing SFX behaviors on SOLO streams
    DEBUG: Post-processing SFX ducking impact on SOLO streams
    DEBUG: Post-processing SFX behaviors on SFX streams
    DEBUG: Post-processing SFX ducking impact on SFX streams
    DEBUG: Post-processing SFX behaviors on CALLOUT streams
    DEBUG: Post-processing SFX ducking impact on CALLOUT streams
    DEBUG: Post-processing SFX behaviors on MUSIC streams
    DEBUG: Post-processing SFX ducking impact on MUSIC streams
    DEBUG: Erasing ducking impact from SFX stream: 2147483709
DEBUG: BEGIN GSoundProcessor::printBehaviorData()
DEBUG: Printing duck_vol_map:
DEBUG: Stream Type: OVERLAY
DEBUG: Stream Type: SOLO
DEBUG: Stream Type: SFX
DEBUG: Stream Type: CALLOUT
DEBUG: Stream Type: MUSIC
DEBUG: Stream ID: 2147483725, Duck Volume: 0.850000
DEBUG: Stream ID: 2147483723, Duck Volume: 0.850000
DEBUG: Stream ID: 2147483721, Duck Volume: 0.850000
DEBUG: Stream ID: 2147483719, Duck Volume: 0.850000
DEBUG: Stream ID: 2147483717, Duck Volume: 0.850000
DEBUG: Stream ID: 2147483715, Duck Volume: 0.850000
DEBUG: Printing paused_status_map:
DEBUG: Stream Type: OVERLAY
DEBUG: Stream Type: SOLO
DEBUG: Stream Type: SFX
DEBUG: Stream Type: CALLOUT
DEBUG: Stream Type: MUSIC
DEBUG: END GSoundProcessor::printBehaviorData()
DEBUG: END GSoundProcessor::postProcessBehaviors()
    INFO: BEGIN AltsoundProcessorBase::freeStream()
        INFO: Successfully free'd stream(2147483709)
    DEBUG: END AltsoundProcessorBase::freeStream()
INFO: BEGIN GSoundProcessor::adjustStreamVolumes()
DEBUG: BEGIN GSoundProcessor::findLowestDuckVolume()
    DEBUG: SFX duck_vol_map is empty()
DEBUG: END GSoundProcessor::findLowestDuckVolume()
    DEBUG: SFX ducking volume: 1.00
DEBUG: BEGIN: AltsoundProcessorBase::setVolume()
    INFO: Setting volume for stream 2147483719
    DEBUG: SAMPLE_VOL:0.34  GLOBAL_VOL:1.00  MASTER_VOL:1.00
    INFO: SUCCESS BASS_ChannelSetAttribute(BASS_ATTRIB_VOL)
DEBUG: END: AltsoundProcessorBase::setVolume()
    DEBUG: SFX stream 2147483719 gain:  0.40  group_vol:  0.85 ducked_vol:  1.00
DEBUG: BEGIN GSoundProcessor::findLowestDuckVolume()
    DEBUG: SFX duck_vol_map is empty()
DEBUG: END GSoundProcessor::findLowestDuckVolume()
    DEBUG: SFX ducking volume: 1.00
DEBUG: BEGIN: AltsoundProcessorBase::setVolume()
    INFO: Setting volume for stream 2147483715
    DEBUG: SAMPLE_VOL:0.34  GLOBAL_VOL:1.00  MASTER_VOL:1.00
    INFO: SUCCESS BASS_ChannelSetAttribute(BASS_ATTRIB_VOL)
DEBUG: END: AltsoundProcessorBase::setVolume()
    DEBUG: SFX stream 2147483715 gain:  0.40  group_vol:  0.85 ducked_vol:  1.00
DEBUG: BEGIN GSoundProcessor::findLowestDuckVolume()
    DEBUG: Min ducking value for MUSIC streams: 0.85
DEBUG: END GSoundProcessor::findLowestDuckVolume()
    DEBUG: MUSIC ducking volume: 0.85
DEBUG: BEGIN: AltsoundProcessorBase::setVolume()
    INFO: Setting volume for stream 2147483659
    DEBUG: SAMPLE_VOL:0.76  GLOBAL_VOL:1.00  MASTER_VOL:1.00
    INFO: SUCCESS BASS_ChannelSetAttribute(BASS_ATTRIB_VOL)
DEBUG: END: AltsoundProcessorBase::setVolume()
    DEBUG: MUSIC stream 2147483659 gain:  0.90  group_vol:  1.00 ducked_vol:  0.85
DEBUG: BEGIN GSoundProcessor::findLowestDuckVolume()
    DEBUG: SFX duck_vol_map is empty()
DEBUG: END GSoundProcessor::findLowestDuckVolume()
    DEBUG: SFX ducking volume: 1.00
DEBUG: BEGIN: AltsoundProcessorBase::setVolume()
    INFO: Setting volume for stream 2147483721
    DEBUG: SAMPLE_VOL:0.34  GLOBAL_VOL:1.00  MASTER_VOL:1.00
    INFO: SUCCESS BASS_ChannelSetAttribute(BASS_ATTRIB_VOL)
DEBUG: END: AltsoundProcessorBase::setVolume()
    DEBUG: SFX stream 2147483721 gain:  0.40  group_vol:  0.85 ducked_vol:  1.00
DEBUG: BEGIN GSoundProcessor::findLowestDuckVolume()
    DEBUG: SFX duck_vol_map is empty()
DEBUG: END GSoundProcessor::findLowestDuckVolume()
    DEBUG: SFX ducking volume: 1.00
DEBUG: BEGIN: AltsoundProcessorBase::setVolume()
    INFO: Setting volume for stream 2147483723
    DEBUG: SAMPLE_VOL:0.34  GLOBAL_VOL:1.00  MASTER_VOL:1.00
    INFO: SUCCESS BASS_ChannelSetAttribute(BASS_ATTRIB_VOL)
DEBUG: END: AltsoundProcessorBase::setVolume()
    DEBUG: SFX stream 2147483723 gain:  0.40  group_vol:  0.85 ducked_vol:  1.00
DEBUG: BEGIN GSoundProcessor::findLowestDuckVolume()
    DEBUG: SFX duck_vol_map is empty()
DEBUG: END GSoundProcessor::findLowestDuckVolume()
    DEBUG: SFX ducking volume: 1.00
DEBUG: BEGIN: AltsoundProcessorBase::setVolume()
    INFO: Setting volume for stream 2147483717
    DEBUG: SAMPLE_VOL:0.34  GLOBAL_VOL:1.00  MASTER_VOL:1.00
    INFO: SUCCESS BASS_ChannelSetAttribute(BASS_ATTRIB_VOL)
DEBUG: END: AltsoundProcessorBase::setVolume()
    DEBUG: SFX stream 2147483717 gain:  0.40  group_vol:  0.85 ducked_vol:  1.00
DEBUG: BEGIN GSoundProcessor::findLowestDuckVolume()
    DEBUG: SFX duck_vol_map is empty()
DEBUG: END GSoundProcessor::findLowestDuckVolume()
    DEBUG: SFX ducking volume: 1.00
DEBUG: BEGIN: AltsoundProcessorBase::setVolume()
    INFO: Setting volume for stream 2147483725
    DEBUG: SAMPLE_VOL:0.34  GLOBAL_VOL:1.00  MASTER_VOL:1.00
    INFO: SUCCESS BASS_ChannelSetAttribute(BASS_ATTRIB_VOL)
DEBUG: END: AltsoundProcessorBase::setVolume()
    DEBUG: SFX stream 2147483725 gain:  0.40  group_vol:  0.85 ducked_vol:  1.00
    INFO: Num active streams: 7
DEBUG: END GSoundProcessor::adjustStreamVolumes()
DEBUG: BEGIN GSoundProcessor::processPausedStreams()
DEBUG: BEGIN GSoundProcessor::tryResumeStream()
DEBUG: END GSoundProcessor::tryResumeStream()
DEBUG: BEGIN GSoundProcessor::tryResumeStream()
DEBUG: END GSoundProcessor::tryResumeStream()
DEBUG: BEGIN GSoundProcessor::tryResumeStream()
DEBUG: END GSoundProcessor::tryResumeStream()
DEBUG: BEGIN GSoundProcessor::tryResumeStream()
DEBUG: END GSoundProcessor::tryResumeStream()
DEBUG: BEGIN GSoundProcessor::tryResumeStream()
DEBUG: END GSoundProcessor::tryResumeStream()
DEBUG: BEGIN GSoundProcessor::tryResumeStream()
DEBUG: END GSoundProcessor::tryResumeStream()
DEBUG: BEGIN GSoundProcessor::tryResumeStream()
DEBUG: END GSoundProcessor::tryResumeStream()
DEBUG: END GSoundProcessor::processPausedStreams()
    INFO: SFX stream(2147483709) finished on ch(02)
DEBUG: END GSoundProcessor::common_callback()
DEBUG: 
BEGIN: GSoundProcessor::common_callback()
    INFO: HSYNC: 2147483718  HSTREAM: 2147483717
    DEBUG: Acquiring mutex
DEBUG: BEGIN: GSoundProcessor::postProcessBehaviors()
    DEBUG: Post-processing SFX behaviors on OVERLAY streams
    DEBUG: Post-processing SFX ducking impact on OVERLAY streams
    DEBUG: Post-processing SFX behaviors on SOLO streams
    DEBUG: Post-processing SFX ducking impact on SOLO streams
    DEBUG: Post-processing SFX behaviors on SFX streams
    DEBUG: Post-processing SFX ducking impact on SFX streams
    DEBUG: Post-processing SFX behaviors on CALLOUT streams
    DEBUG: Post-processing SFX ducking impact on CALLOUT streams
    DEBUG: Post-processing SFX behaviors on MUSIC streams
    DEBUG: Post-processing SFX ducking impact on MUSIC streams
    DEBUG: Erasing ducking impact from SFX stream: 2147483717
DEBUG: BEGIN GSoundProcessor::printBehaviorData()
DEBUG: Printing duck_vol_map:
DEBUG: Stream Type: OVERLAY
DEBUG: Stream Type: SOLO
DEBUG: Stream Type: SFX
DEBUG: Stream Type: CALLOUT
DEBUG: Stream Type: MUSIC
DEBUG: Stream ID: 2147483725, Duck Volume: 0.850000
DEBUG: Stream ID: 2147483723, Duck Volume: 0.850000
DEBUG: Stream ID: 2147483721, Duck Volume: 0.850000
DEBUG: Stream ID: 2147483719, Duck Volume: 0.850000
DEBUG: Stream ID: 2147483715, Duck Volume: 0.850000
DEBUG: Printing paused_status_map:
DEBUG: Stream Type: OVERLAY
DEBUG: Stream Type: SOLO
DEBUG: Stream Type: SFX
DEBUG: Stream Type: CALLOUT
DEBUG: Stream Type: MUSIC
DEBUG: END GSoundProcessor::printBehaviorData()
DEBUG: END GSoundProcessor::postProcessBehaviors()
    INFO: BEGIN AltsoundProcessorBase::freeStream()
        INFO: Successfully free'd stream(2147483717)
    DEBUG: END AltsoundProcessorBase::freeStream()
INFO: BEGIN GSoundProcessor::adjustStreamVolumes()
DEBUG: BEGIN GSoundProcessor::findLowestDuckVolume()
    DEBUG: SFX duck_vol_map is empty()
DEBUG: END GSoundProcessor::findLowestDuckVolume()
    DEBUG: SFX ducking volume: 1.00
DEBUG: BEGIN: AltsoundProcessorBase::setVolume()
    INFO: Setting volume for stream 2147483719
    DEBUG: SAMPLE_VOL:0.34  GLOBAL_VOL:1.00  MASTER_VOL:1.00
    INFO: SUCCESS BASS_ChannelSetAttribute(BASS_ATTRIB_VOL)
DEBUG: END: AltsoundProcessorBase::setVolume()
    DEBUG: SFX stream 2147483719 gain:  0.40  group_vol:  0.85 ducked_vol:  1.00
DEBUG: BEGIN GSoundProcessor::findLowestDuckVolume()
    DEBUG: SFX duck_vol_map is empty()
DEBUG: END GSoundProcessor::findLowestDuckVolume()
    DEBUG: SFX ducking volume: 1.00
DEBUG: BEGIN: AltsoundProcessorBase::setVolume()
    INFO: Setting volume for stream 2147483715
    DEBUG: SAMPLE_VOL:0.34  GLOBAL_VOL:1.00  MASTER_VOL:1.00
    INFO: SUCCESS BASS_ChannelSetAttribute(BASS_ATTRIB_VOL)
DEBUG: END: AltsoundProcessorBase::setVolume()
    DEBUG: SFX stream 2147483715 gain:  0.40  group_vol:  0.85 ducked_vol:  1.00
DEBUG: BEGIN GSoundProcessor::findLowestDuckVolume()
    DEBUG: Min ducking value for MUSIC streams: 0.85
DEBUG: END GSoundProcessor::findLowestDuckVolume()
    DEBUG: MUSIC ducking volume: 0.85
DEBUG: BEGIN: AltsoundProcessorBase::setVolume()
    INFO: Setting volume for stream 2147483659
    DEBUG: SAMPLE_VOL:0.76  GLOBAL_VOL:1.00  MASTER_VOL:1.00
    INFO: SUCCESS BASS_ChannelSetAttribute(BASS_ATTRIB_VOL)
DEBUG: END: AltsoundProcessorBase::setVolume()
    DEBUG: MUSIC stream 2147483659 gain:  0.90  group_vol:  1.00 ducked_vol:  0.85
DEBUG: BEGIN GSoundProcessor::findLowestDuckVolume()
    DEBUG: SFX duck_vol_map is empty()
DEBUG: END GSoundProcessor::findLowestDuckVolume()
    DEBUG: SFX ducking volume: 1.00
DEBUG: BEGIN: AltsoundProcessorBase::setVolume()
    INFO: Setting volume for stream 2147483721
    DEBUG: SAMPLE_VOL:0.34  GLOBAL_VOL:1.00  MASTER_VOL:1.00
    INFO: SUCCESS BASS_ChannelSetAttribute(BASS_ATTRIB_VOL)
DEBUG: END: AltsoundProcessorBase::setVolume()
    DEBUG: SFX stream 2147483721 gain:  0.40  group_vol:  0.85 ducked_vol:  1.00
DEBUG: BEGIN GSoundProcessor::findLowestDuckVolume()
    DEBUG: SFX duck_vol_map is empty()
DEBUG: END GSoundProcessor::findLowestDuckVolume()
    DEBUG: SFX ducking volume: 1.00
DEBUG: BEGIN: AltsoundProcessorBase::setVolume()
    INFO: Setting volume for stream 2147483723
    DEBUG: SAMPLE_VOL:0.34  GLOBAL_VOL:1.00  MASTER_VOL:1.00
    INFO: SUCCESS BASS_ChannelSetAttribute(BASS_ATTRIB_VOL)
DEBUG: END: AltsoundProcessorBase::setVolume()
    DEBUG: SFX stream 2147483723 gain:  0.40  group_vol:  0.85 ducked_vol:  1.00
DEBUG: BEGIN GSoundProcessor::findLowestDuckVolume()
    DEBUG: SFX duck_vol_map is empty()
DEBUG: END GSoundProcessor::findLowestDuckVolume()
    DEBUG: SFX ducking volume: 1.00
DEBUG: BEGIN: AltsoundProcessorBase::setVolume()
    INFO: Setting volume for stream 2147483725
    DEBUG: SAMPLE_VOL:0.34  GLOBAL_VOL:1.00  MASTER_VOL:1.00
    INFO: SUCCESS BASS_ChannelSetAttribute(BASS_ATTRIB_VOL)
DEBUG: END: AltsoundProcessorBase::setVolume()
    DEBUG: SFX stream 2147483725 gain:  0.40  group_vol:  0.85 ducked_vol:  1.00
    INFO: Num active streams: 6
DEBUG: END GSoundProcessor::adjustStreamVolumes()
DEBUG: BEGIN GSoundProcessor::processPausedStreams()
DEBUG: BEGIN GSoundProcessor::tryResumeStream()
DEBUG: END GSoundProcessor::tryResumeStream()
DEBUG: BEGIN GSoundProcessor::tryResumeStream()
DEBUG: END GSoundProcessor::tryResumeStream()
DEBUG: BEGIN GSoundProcessor::tryResumeStream()
DEBUG: END GSoundProcessor::tryResumeStream()
DEBUG: BEGIN GSoundProcessor::tryResumeStream()
DEBUG: END GSoundProcessor::tryResumeStream()
DEBUG: BEGIN GSoundProcessor::tryResumeStream()
DEBUG: END GSoundProcessor::tryResumeStream()
DEBUG: BEGIN GSoundProcessor::tryResumeStream()
DEBUG: END GSoundProcessor::tryResumeStream()
DEBUG: END GSoundProcessor::processPausedStreams()
    INFO: SFX stream(2147483717) finished on ch(06)
DEBUG: END GSoundProcessor::common_callback()
DEBUG: BEGIN AltsoundProcessCommand()
DEBUG: Master Volume (Post Attenuation): 1.00
DEBUG: BEGIN altsound_preprocess_commands()
DEBUG: MAME_GEN: 0x0000000004000
DEBUG: Hardware Generation: DEDMD16, DEDMD32, DEDMD64, DE
DEBUG: END altsound_preprocess_commands()
DEBUG: Command complete. Processing...
    DEBUG: BEGIN GSoundProcessor::handleCmd()
        DEBUG: Acquiring mutex
        DEBUG: BEGIN GSoundProcessor::getSample()
        INFO: Found 1 sample(s) for ID: 007D
        INFO: Sample: gnr_300/0x007d-setup_validation.ogg
        DEBUG: END GSoundProcessor::getSample()
        DEBUG: BEGIN GSoundProcessor::processStream()
            DEBUG: BEGIN AltsoundProcessorBase::createStream()
                INFO: BEGIN: AltsoundProcessorBase::findFreeChannel()
                    INFO: Found free channel: 02
                DEBUG: END: AltsoundProcessorBase::findFreeChannel()
                INFO: Successfully created stream(2147483727) on channel(02)
            DEBUG: END: AltsoundProcessorBase::createStream()
        DEBUG: BEGIN: GSoundProcessor::processBehaviors()
            DEBUG: Processing SFX behaviors on OVERLAY streams
            DEBUG: Processing SFX behaviors on SOLO streams
            DEBUG: Processing SFX behaviors on SFX streams
            DEBUG: Processing SFX behaviors on CALLOUT streams
            DEBUG: Processing SFX behaviors on MUSIC streams
        DEBUG: BEGIN GSoundProcessor::printBehaviorData()
        DEBUG: Printing duck_vol_map:
        DEBUG: Stream Type: OVERLAY
        DEBUG: Stream Type: SOLO
        DEBUG: Stream Type: SFX
        DEBUG: Stream Type: CALLOUT
        DEBUG: Stream Type: MUSIC
        DEBUG: Stream ID: 2147483727, Duck Volume: 0.850000
        DEBUG: Stream ID: 2147483725, Duck Volume: 0.850000
        DEBUG: Stream ID: 2147483723, Duck Volume: 0.850000
        DEBUG: Stream ID: 2147483721, Duck Volume: 0.850000
        DEBUG: Stream ID: 2147483719, Duck Volume: 0.850000
        DEBUG: Stream ID: 2147483715, Duck Volume: 0.850000
        DEBUG: Printing paused_status_map:
        DEBUG: Stream Type: OVERLAY
        DEBUG: Stream Type: SOLO
        DEBUG: Stream Type: SFX
        DEBUG: Stream Type: CALLOUT
        DEBUG: Stream Type: MUSIC
        DEBUG: END GSoundProcessor::printBehaviorData()
        DEBUG: END GSoundProcessor::processBehaviors()
        DEBUG: END GSoundProcessor::processStream()
        INFO: BEGIN GSoundProcessor::adjustStreamVolumes()
        DEBUG: BEGIN GSoundProcessor::findLowestDuckVolume()
            DEBUG: SFX duck_vol_map is empty()
        DEBUG: END GSoundProcessor::findLowestDuckVolume()
            DEBUG: SFX ducking volume: 1.00
        DEBUG: BEGIN: AltsoundProcessorBase::setVolume()
            INFO: Setting volume for stream 2147483719
            DEBUG: SAMPLE_VOL:0.34  GLOBAL_VOL:1.00  MASTER_VOL:1.00
            INFO: SUCCESS BASS_ChannelSetAttribute(BASS_ATTRIB_VOL)
        DEBUG: END: AltsoundProcessorBase::setVolume()
            DEBUG: SFX stream 2147483719 gain:  0.40  group_vol:  0.85 ducked_vol:  1.00
        DEBUG: BEGIN GSoundProcessor::findLowestDuckVolume()
            DEBUG: SFX duck_vol_map is empty()
        DEBUG: END GSoundProcessor::findLowestDuckVolume()
            DEBUG: SFX ducking volume: 1.00
        DEBUG: BEGIN: AltsoundProcessorBase::setVolume()
            INFO: Setting volume for stream 2147483715
            DEBUG: SAMPLE_VOL:0.34  GLOBAL_VOL:1.00  MASTER_VOL:1.00
            INFO: SUCCESS BASS_ChannelSetAttribute(BASS_ATTRIB_VOL)
        DEBUG: END: AltsoundProcessorBase::setVolume()
            DEBUG: SFX stream 2147483715 gain:  0.40  group_vol:  0.85 ducked_vol:  1.00
        DEBUG: BEGIN GSoundProcessor::findLowestDuckVolume()
            DEBUG: SFX duck_vol_map is empty()
        DEBUG: END GSoundProcessor::findLowestDuckVolume()
            DEBUG: SFX ducking volume: 1.00
        DEBUG: BEGIN: AltsoundProcessorBase::setVolume()
            INFO: Setting volume for stream 2147483727
            DEBUG: SAMPLE_VOL:0.34  GLOBAL_VOL:1.00  MASTER_VOL:1.00
            INFO: SUCCESS BASS_ChannelSetAttribute(BASS_ATTRIB_VOL)
        DEBUG: END: AltsoundProcessorBase::setVolume()
            DEBUG: SFX stream 2147483727 gain:  0.40  group_vol:  0.85 ducked_vol:  1.00
        DEBUG: BEGIN GSoundProcessor::findLowestDuckVolume()
            DEBUG: Min ducking value for MUSIC streams: 0.85
        DEBUG: END GSoundProcessor::findLowestDuckVolume()
            DEBUG: MUSIC ducking volume: 0.85
        DEBUG: BEGIN: AltsoundProcessorBase::setVolume()
            INFO: Setting volume for stream 2147483659
            DEBUG: SAMPLE_VOL:0.76  GLOBAL_VOL:1.00  MASTER_VOL:1.00
            INFO: SUCCESS BASS_ChannelSetAttribute(BASS_ATTRIB_VOL)
        DEBUG: END: AltsoundProcessorBase::setVolume()
            DEBUG: MUSIC stream 2147483659 gain:  0.90  group_vol:  1.00 ducked_vol:  0.85
        DEBUG: BEGIN GSoundProcessor::findLowestDuckVolume()
            DEBUG: SFX duck_vol_map is empty()
        DEBUG: END GSoundProcessor::findLowestDuckVolume()
            DEBUG: SFX ducking volume: 1.00
        DEBUG: BEGIN: AltsoundProcessorBase::setVolume()
            INFO: Setting volume for stream 2147483721
            DEBUG: SAMPLE_VOL:0.34  GLOBAL_VOL:1.00  MASTER_VOL:1.00
            INFO: SUCCESS BASS_ChannelSetAttribute(BASS_ATTRIB_VOL)
        DEBUG: END: AltsoundProcessorBase::setVolume()
            DEBUG: SFX stream 2147483721 gain:  0.40  group_vol:  0.85 ducked_vol:  1.00
        DEBUG: BEGIN GSoundProcessor::findLowestDuckVolume()
            DEBUG: SFX duck_vol_map is empty()
        DEBUG: END GSoundProcessor::findLowestDuckVolume()
            DEBUG: SFX ducking volume: 1.00
        DEBUG: BEGIN: AltsoundProcessorBase::setVolume()
            INFO: Setting volume for stream 2147483723
            DEBUG: SAMPLE_VOL:0.34  GLOBAL_VOL:1.00  MASTER_VOL:1.00
            INFO: SUCCESS BASS_ChannelSetAttribute(BASS_ATTRIB_VOL)
        DEBUG: END: AltsoundProcessorBase::setVolume()
            DEBUG: SFX stream 2147483723 gain:  0.40  group_vol:  0.85 ducked_vol:  1.00
        DEBUG: BEGIN GSoundProcessor::findLowestDuckVolume()
            DEBUG: SFX duck_vol_map is empty()
        DEBUG: END GSoundProcessor::findLowestDuckVolume()
            DEBUG: SFX ducking volume: 1.00
        DEBUG: BEGIN: AltsoundProcessorBase::setVolume()
            INFO: Setting volume for stream 2147483725
            DEBUG: SAMPLE_VOL:0.34  GLOBAL_VOL:1.00  MASTER_VOL:1.00
            INFO: SUCCESS BASS_ChannelSetAttribute(BASS_ATTRIB_VOL)
        DEBUG: END: AltsoundProcessorBase::setVolume()
            DEBUG: SFX stream 2147483725 gain:  0.40  group_vol:  0.85 ducked_vol:  1.00
            INFO: Num active streams: 7
        DEBUG: END GSoundProcessor::adjustStreamVolumes()
        INFO: Playing SFX stream: gnr_300/0x007d-setup_validation.ogg
        DEBUG: HSTREAM(2147483727)  CH(02)  CMD(007D)  SAMPLE(gnr_300/0x007d-setup_validation.ogg)
            INFO: SUCCESS SFX stream playback
    DEBUG: END GSoundProcessor::handleCmd()
INFO: SUCCESS processor::handleCmd()
DEBUG: BEGIN altsound_postprocess_commands()
DEBUG: MAME_GEN: 0x0000000004000
DEBUG: END postprocess_commands()
DEBUG: END AltsoundProcessCommand()
DEBUG: 
DEBUG: 
BEGIN: GSoundProcessor::common_callback()
    INFO: HSYNC: 2147483720  HSTREAM: 2147483719
    DEBUG: Acquiring mutex
DEBUG: BEGIN: GSoundProcessor::postProcessBehaviors()
    DEBUG: Post-processing SFX behaviors on OVERLAY streams
    DEBUG: Post-processing SFX ducking impact on OVERLAY streams
    DEBUG: Post-processing SFX behaviors on SOLO streams
    DEBUG: Post-processing SFX ducking impact on SOLO streams
    DEBUG: Post-processing SFX behaviors on SFX streams
    DEBUG: Post-processing SFX ducking impact on SFX streams
    DEBUG: Post-processing SFX behaviors on CALLOUT streams
    DEBUG: Post-processing SFX ducking impact on CALLOUT streams
    DEBUG: Post-processing SFX behaviors on MUSIC streams
    DEBUG: Post-processing SFX ducking impact on MUSIC streams
    DEBUG: Erasing ducking impact from SFX stream: 2147483719
DEBUG: BEGIN GSoundProcessor::printBehaviorData()
DEBUG: Printing duck_vol_map:
DEBUG: Stream Type: OVERLAY
DEBUG: Stream Type: SOLO
DEBUG: Stream Type: SFX
DEBUG: Stream Type: CALLOUT
DEBUG: Stream Type: MUSIC
DEBUG: Stream ID: 2147483727, Duck Volume: 0.850000
DEBUG: Stream ID: 2147483725, Duck Volume: 0.850000
DEBUG: Stream ID: 2147483723, Duck Volume: 0.850000
DEBUG: Stream ID: 2147483721, Duck Volume: 0.850000
DEBUG: Stream ID: 2147483715, Duck Volume: 0.850000
DEBUG: Printing paused_status_map:
DEBUG: Stream Type: OVERLAY
DEBUG: Stream Type: SOLO
DEBUG: Stream Type: SFX
DEBUG: Stream Type: CALLOUT
DEBUG: Stream Type: MUSIC
DEBUG: END GSoundProcessor::printBehaviorData()
DEBUG: END GSoundProcessor::postProcessBehaviors()
    INFO: BEGIN AltsoundProcessorBase::freeStream()
        INFO: Successfully free'd stream(2147483719)
    DEBUG: END AltsoundProcessorBase::freeStream()
INFO: BEGIN GSoundProcessor::adjustStreamVolumes()
DEBUG: BEGIN GSoundProcessor::findLowestDuckVolume()
    DEBUG: SFX duck_vol_map is empty()
DEBUG: END GSoundProcessor::findLowestDuckVolume()
    DEBUG: SFX ducking volume: 1.00
DEBUG: BEGIN: AltsoundProcessorBase::setVolume()
    INFO: Setting volume for stream 2147483715
    DEBUG: SAMPLE_VOL:0.34  GLOBAL_VOL:1.00  MASTER_VOL:1.00
    INFO: SUCCESS BASS_ChannelSetAttribute(BASS_ATTRIB_VOL)
DEBUG: END: AltsoundProcessorBase::setVolume()
    DEBUG: SFX stream 2147483715 gain:  0.40  group_vol:  0.85 ducked_vol:  1.00
DEBUG: BEGIN GSoundProcessor::findLowestDuckVolume()
    DEBUG: SFX duck_vol_map is empty()
DEBUG: END GSoundProcessor::findLowestDuckVolume()
    DEBUG: SFX ducking volume: 1.00
DEBUG: BEGIN: AltsoundProcessorBase::setVolume()
    INFO: Setting volume for stream 2147483727
    DEBUG: SAMPLE_VOL:0.34  GLOBAL_VOL:1.00  MASTER_VOL:1.00
    INFO: SUCCESS BASS_ChannelSetAttribute(BASS_ATTRIB_VOL)
DEBUG: END: AltsoundProcessorBase::setVolume()
    DEBUG: SFX stream 2147483727 gain:  0.40  group_vol:  0.85 ducked_vol:  1.00
DEBUG: BEGIN GSoundProcessor::findLowestDuckVolume()
    DEBUG: Min ducking value for MUSIC streams: 0.85
DEBUG: END GSoundProcessor::findLowestDuckVolume()
    DEBUG: MUSIC ducking volume: 0.85
DEBUG: BEGIN: AltsoundProcessorBase::setVolume()
    INFO: Setting volume for stream 2147483659
    DEBUG: SAMPLE_VOL:0.76  GLOBAL_VOL:1.00  MASTER_VOL:1.00
    INFO: SUCCESS BASS_ChannelSetAttribute(BASS_ATTRIB_VOL)
DEBUG: END: AltsoundProcessorBase::setVolume()
    DEBUG: MUSIC stream 2147483659 gain:  0.90  group_vol:  1.00 ducked_vol:  0.85
DEBUG: BEGIN GSoundProcessor::findLowestDuckVolume()
    DEBUG: SFX duck_vol_map is empty()
DEBUG: END GSoundProcessor::findLowestDuckVolume()
    DEBUG: SFX ducking volume: 1.00
DEBUG: BEGIN: AltsoundProcessorBase::setVolume()
    INFO: Setting volume for stream 2147483721
    DEBUG: SAMPLE_VOL:0.34  GLOBAL_VOL:1.00  MASTER_VOL:1.00
    INFO: SUCCESS BASS_ChannelSetAttribute(BASS_ATTRIB_VOL)
DEBUG: END: AltsoundProcessorBase::setVolume()
    DEBUG: SFX stream 2147483721 gain:  0.40  group_vol:  0.85 ducked_vol:  1.00
DEBUG: BEGIN GSoundProcessor::findLowestDuckVolume()
    DEBUG: SFX duck_vol_map is empty()
DEBUG: END GSoundProcessor::findLowestDuckVolume()
    DEBUG: SFX ducking volume: 1.00
DEBUG: BEGIN: AltsoundProcessorBase::setVolume()
    INFO: Setting volume for stream 2147483723
    DEBUG: SAMPLE_VOL:0.34  GLOBAL_VOL:1.00  MASTER_VOL:1.00
    INFO: SUCCESS BASS_ChannelSetAttribute(BASS_ATTRIB_VOL)
DEBUG: END: AltsoundProcessorBase::setVolume()
    DEBUG: SFX stream 2147483723 gain:  0.40  group_vol:  0.85 ducked_vol:  1.00
DEBUG: BEGIN GSoundProcessor::findLowestDuckVolume()
    DEBUG: SFX duck_vol_map is empty()
DEBUG: END GSoundProcessor::findLowestDuckVolume()
    DEBUG: SFX ducking volume: 1.00
DEBUG: BEGIN: AltsoundProcessorBase::setVolume()
    INFO: Setting volume for stream 2147483725
    DEBUG: SAMPLE_VOL:0.34  GLOBAL_VOL:1.00  MASTER_VOL:1.00
    INFO: SUCCESS BASS_ChannelSetAttribute(BASS_ATTRIB_VOL)
DEBUG: END: AltsoundProcessorBase::setVolume()
    DEBUG: SFX stream 2147483725 gain:  0.40  group_vol:  0.85 ducked_vol:  1.00
    INFO: Num active streams: 6
DEBUG: END GSoundProcessor::adjustStreamVolumes()
DEBUG: BEGIN GSoundProcessor::processPausedStreams()
DEBUG: BEGIN GSoundProcessor::tryResumeStream()
DEBUG: END GSoundProcessor::tryResumeStream()
DEBUG: BEGIN GSoundProcessor::tryResumeStream()
DEBUG: END GSoundProcessor::tryResumeStream()
DEBUG: BEGIN GSoundProcessor::tryResumeStream()
DEBUG: END GSoundProcessor::tryResumeStream()
DEBUG: BEGIN GSoundProcessor::tryResumeStream()
DEBUG: END GSoundProcessor::tryResumeStream()
DEBUG: BEGIN GSoundProcessor::tryResumeStream()
DEBUG: END GSoundProcessor::tryResumeStream()
DEBUG: BEGIN GSoundProcessor::tryResumeStream()
DEBUG: END GSoundProcessor::tryResumeStream()
DEBUG: END GSoundProcessor::processPausedStreams()
    INFO: SFX stream(2147483719) finished on ch(00)
DEBUG: END GSoundProcessor::common_callback()
DEBUG: 
BEGIN: GSoundProcessor::common_callback()
    INFO: HSYNC: 2147483716  HSTREAM: 2147483715
    DEBUG: Acquiring mutex
DEBUG: BEGIN: GSoundProcessor::postProcessBehaviors()
    DEBUG: Post-processing SFX behaviors on OVERLAY streams
    DEBUG: Post-processing SFX ducking impact on OVERLAY streams
    DEBUG: Post-processing SFX behaviors on SOLO streams
    DEBUG: Post-processing SFX ducking impact on SOLO streams
    DEBUG: Post-processing SFX behaviors on SFX streams
    DEBUG: Post-processing SFX ducking impact on SFX streams
    DEBUG: Post-processing SFX behaviors on CALLOUT streams
    DEBUG: Post-processing SFX ducking impact on CALLOUT streams
    DEBUG: Post-processing SFX behaviors on MUSIC streams
    DEBUG: Post-processing SFX ducking impact on MUSIC streams
    DEBUG: Erasing ducking impact from SFX stream: 2147483715
DEBUG: BEGIN GSoundProcessor::printBehaviorData()
DEBUG: Printing duck_vol_map:
DEBUG: Stream Type: OVERLAY
DEBUG: Stream Type: SOLO
DEBUG: Stream Type: SFX
DEBUG: Stream Type: CALLOUT
DEBUG: Stream Type: MUSIC
DEBUG: Stream ID: 2147483727, Duck Volume: 0.850000
DEBUG: Stream ID: 2147483725, Duck Volume: 0.850000
DEBUG: Stream ID: 2147483723, Duck Volume: 0.850000
DEBUG: Stream ID: 2147483721, Duck Volume: 0.850000
DEBUG: Printing paused_status_map:
DEBUG: Stream Type: OVERLAY
DEBUG: Stream Type: SOLO
DEBUG: Stream Type: SFX
DEBUG: Stream Type: CALLOUT
DEBUG: Stream Type: MUSIC
DEBUG: END GSoundProcessor::printBehaviorData()
DEBUG: END GSoundProcessor::postProcessBehaviors()
    INFO: BEGIN AltsoundProcessorBase::freeStream()
        INFO: Successfully free'd stream(2147483715)
    DEBUG: END AltsoundProcessorBase::freeStream()
INFO: BEGIN GSoundProcessor::adjustStreamVolumes()
DEBUG: BEGIN GSoundProcessor::findLowestDuckVolume()
    DEBUG: SFX duck_vol_map is empty()
DEBUG: END GSoundProcessor::findLowestDuckVolume()
    DEBUG: SFX ducking volume: 1.00
DEBUG: BEGIN: AltsoundProcessorBase::setVolume()
    INFO: Setting volume for stream 2147483727
    DEBUG: SAMPLE_VOL:0.34  GLOBAL_VOL:1.00  MASTER_VOL:1.00
    INFO: SUCCESS BASS_ChannelSetAttribute(BASS_ATTRIB_VOL)
DEBUG: END: AltsoundProcessorBase::setVolume()
    DEBUG: SFX stream 2147483727 gain:  0.40  group_vol:  0.85 ducked_vol:  1.00
DEBUG: BEGIN GSoundProcessor::findLowestDuckVolume()
    DEBUG: Min ducking value for MUSIC streams: 0.85
DEBUG: END GSoundProcessor::findLowestDuckVolume()
    DEBUG: MUSIC ducking volume: 0.85
DEBUG: BEGIN: AltsoundProcessorBase::setVolume()
    INFO: Setting volume for stream 2147483659
    DEBUG: SAMPLE_VOL:0.76  GLOBAL_VOL:1.00  MASTER_VOL:1.00
    INFO: SUCCESS BASS_ChannelSetAttribute(BASS_ATTRIB_VOL)
DEBUG: END: AltsoundProcessorBase::setVolume()
    DEBUG: MUSIC stream 2147483659 gain:  0.90  group_vol:  1.00 ducked_vol:  0.85
DEBUG: BEGIN GSoundProcessor::findLowestDuckVolume()
    DEBUG: SFX duck_vol_map is empty()
DEBUG: END GSoundProcessor::findLowestDuckVolume()
    DEBUG: SFX ducking volume: 1.00
DEBUG: BEGIN: AltsoundProcessorBase::setVolume()
    INFO: Setting volume for stream 2147483721
    DEBUG: SAMPLE_VOL:0.34  GLOBAL_VOL:1.00  MASTER_VOL:1.00
    INFO: SUCCESS BASS_ChannelSetAttribute(BASS_ATTRIB_VOL)
DEBUG: END: AltsoundProcessorBase::setVolume()
    DEBUG: SFX stream 2147483721 gain:  0.40  group_vol:  0.85 ducked_vol:  1.00
DEBUG: BEGIN GSoundProcessor::findLowestDuckVolume()
    DEBUG: SFX duck_vol_map is empty()
DEBUG: END GSoundProcessor::findLowestDuckVolume()
    DEBUG: SFX ducking volume: 1.00
DEBUG: BEGIN: AltsoundProcessorBase::setVolume()
    INFO: Setting volume for stream 2147483723
    DEBUG: SAMPLE_VOL:0.34  GLOBAL_VOL:1.00  MASTER_VOL:1.00
    INFO: SUCCESS BASS_ChannelSetAttribute(BASS_ATTRIB_VOL)
DEBUG: END: AltsoundProcessorBase::setVolume()
    DEBUG: SFX stream 2147483723 gain:  0.40  group_vol:  0.85 ducked_vol:  1.00
DEBUG: BEGIN GSoundProcessor::findLowestDuckVolume()
    DEBUG: SFX duck_vol_map is empty()
DEBUG: END GSoundProcessor::findLowestDuckVolume()
    DEBUG: SFX ducking volume: 1.00
DEBUG: BEGIN: AltsoundProcessorBase::setVolume()
    INFO: Setting volume for stream 2147483725
    DEBUG: SAMPLE_VOL:0.34  GLOBAL_VOL:1.00  MASTER_VOL:1.00
    INFO: SUCCESS BASS_ChannelSetAttribute(BASS_ATTRIB_VOL)
DEBUG: END: AltsoundProcessorBase::setVolume()
    DEBUG: SFX stream 2147483725 gain:  0.40  group_vol:  0.85 ducked_vol:  1.00
    INFO: Num active streams: 5
DEBUG: END GSoundProcessor::adjustStreamVolumes()
DEBUG: BEGIN GSoundProcessor::processPausedStreams()
DEBUG: BEGIN GSoundProcessor::tryResumeStream()
DEBUG: END GSoundProcessor::tryResumeStream()
DEBUG: BEGIN GSoundProcessor::tryResumeStream()
DEBUG: END GSoundProcessor::tryResumeStream()
DEBUG: BEGIN GSoundProcessor::tryResumeStream()
DEBUG: END GSoundProcessor::tryResumeStream()
DEBUG: BEGIN GSoundProcessor::tryResumeStream()
DEBUG: END GSoundProcessor::tryResumeStream()
DEBUG: BEGIN GSoundProcessor::tryResumeStream()
DEBUG: END GSoundProcessor::tryResumeStream()
DEBUG: END GSoundProcessor::processPausedStreams()
    INFO: SFX stream(2147483715) finished on ch(01)
DEBUG: END GSoundProcessor::common_callback()
DEBUG: BEGIN AltsoundProcessCommand()
DEBUG: Master Volume (Post Attenuation): 1.00
DEBUG: BEGIN altsound_preprocess_commands()
DEBUG: MAME_GEN: 0x0000000004000
DEBUG: Hardware Generation: DEDMD16, DEDMD32, DEDMD64, DE
DEBUG: END altsound_preprocess_commands()
DEBUG: Command complete. Processing...
    DEBUG: BEGIN GSoundProcessor::handleCmd()
        DEBUG: Acquiring mutex
        DEBUG: BEGIN GSoundProcessor::getSample()
        INFO: Found 1 sample(s) for ID: 007B
        INFO: Sample: gnr_300/0x007b-push_button.ogg
        DEBUG: END GSoundProcessor::getSample()
        DEBUG: BEGIN GSoundProcessor::processStream()
            DEBUG: BEGIN AltsoundProcessorBase::createStream()
                INFO: BEGIN: AltsoundProcessorBase::findFreeChannel()
                    INFO: Found free channel: 00
                DEBUG: END: AltsoundProcessorBase::findFreeChannel()
                INFO: Successfully created stream(2147483729) on channel(00)
            DEBUG: END: AltsoundProcessorBase::createStream()
        DEBUG: BEGIN: GSoundProcessor::processBehaviors()
            DEBUG: Processing SFX behaviors on OVERLAY streams
            DEBUG: Processing SFX behaviors on SOLO streams
            DEBUG: Processing SFX behaviors on SFX streams
            DEBUG: Processing SFX behaviors on CALLOUT streams
            DEBUG: Processing SFX behaviors on MUSIC streams
        DEBUG: BEGIN GSoundProcessor::printBehaviorData()
        DEBUG: Printing duck_vol_map:
        DEBUG: Stream Type: OVERLAY
        DEBUG: Stream Type: SOLO
        DEBUG: Stream Type: SFX
        DEBUG: Stream Type: CALLOUT
        DEBUG: Stream Type: MUSIC
        DEBUG: Stream ID: 2147483729, Duck Volume: 0.850000
        DEBUG: Stream ID: 2147483727, Duck Volume: 0.850000
        DEBUG: Stream ID: 2147483725, Duck Volume: 0.850000
        DEBUG: Stream ID: 2147483723, Duck Volume: 0.850000
        DEBUG: Stream ID: 2147483721, Duck Volume: 0.850000
        DEBUG: Printing paused_status_map:
        DEBUG: Stream Type: OVERLAY
        DEBUG: Stream Type: SOLO
        DEBUG: Stream Type: SFX
        DEBUG: Stream Type: CALLOUT
        DEBUG: Stream Type: MUSIC
        DEBUG: END GSoundProcessor::printBehaviorData()
        DEBUG: END GSoundProcessor::processBehaviors()
        DEBUG: END GSoundProcessor::processStream()
        INFO: BEGIN GSoundProcessor::adjustStreamVolumes()
        DEBUG: BEGIN GSoundProcessor::findLowestDuckVolume()
            DEBUG: SFX duck_vol_map is empty()
        DEBUG: END GSoundProcessor::findLowestDuckVolume()
            DEBUG: SFX ducking volume: 1.00
        DEBUG: BEGIN: AltsoundProcessorBase::setVolume()
            INFO: Setting volume for stream 2147483729
            DEBUG: SAMPLE_VOL:0.34  GLOBAL_VOL:1.00  MASTER_VOL:1.00
            INFO: SUCCESS BASS_ChannelSetAttribute(BASS_ATTRIB_VOL)
        DEBUG: END: AltsoundProcessorBase::setVolume()
            DEBUG: SFX stream 2147483729 gain:  0.40  group_vol:  0.85 ducked_vol:  1.00
        DEBUG: BEGIN GSoundProcessor::findLowestDuckVolume()
            DEBUG: SFX duck_vol_map is empty()
        DEBUG: END GSoundProcessor::findLowestDuckVolume()
            DEBUG: SFX ducking volume: 1.00
        DEBUG: BEGIN: AltsoundProcessorBase::setVolume()
            INFO: Setting volume for stream 2147483727
            DEBUG: SAMPLE_VOL:0.34  GLOBAL_VOL:1.00  MASTER_VOL:1.00
            INFO: SUCCESS BASS_ChannelSetAttribute(BASS_ATTRIB_VOL)
        DEBUG: END: AltsoundProcessorBase::setVolume()
            DEBUG: SFX stream 2147483727 gain:  0.40  group_vol:  0.85 ducked_vol:  1.00
        DEBUG: BEGIN GSoundProcessor::findLowestDuckVolume()
            DEBUG: Min ducking value for MUSIC streams: 0.85
        DEBUG: END GSoundProcessor::findLowestDuckVolume()
            DEBUG: MUSIC ducking volume: 0.85
        DEBUG: BEGIN: AltsoundProcessorBase::setVolume()
            INFO: Setting volume for stream 2147483659
            DEBUG: SAMPLE_VOL:0.76  GLOBAL_VOL:1.00  MASTER_VOL:1.00
            INFO: SUCCESS BASS_ChannelSetAttribute(BASS_ATTRIB_VOL)
        DEBUG: END: AltsoundProcessorBase::setVolume()
            DEBUG: MUSIC stream 2147483659 gain:  0.90  group_vol:  1.00 ducked_vol:  0.85
        DEBUG: BEGIN GSoundProcessor::findLowestDuckVolume()
            DEBUG: SFX duck_vol_map is empty()
        DEBUG: END GSoundProcessor::findLowestDuckVolume()
            DEBUG: SFX ducking volume: 1.00
        DEBUG: BEGIN: AltsoundProcessorBase::setVolume()
            INFO: Setting volume for stream 2147483721
            DEBUG: SAMPLE_VOL:0.34  GLOBAL_VOL:1.00  MASTER_VOL:1.00
            INFO: SUCCESS BASS_ChannelSetAttribute(BASS_ATTRIB_VOL)
        DEBUG: END: AltsoundProcessorBase::setVolume()
            DEBUG: SFX stream 2147483721 gain:  0.40  group_vol:  0.85 ducked_vol:  1.00
        DEBUG: BEGIN GSoundProcessor::findLowestDuckVolume()
            DEBUG: SFX duck_vol_map is empty()
        DEBUG: END GSoundProcessor::findLowestDuckVolume()
            DEBUG: SFX ducking volume: 1.00
        DEBUG: BEGIN: AltsoundProcessorBase::setVolume()
            INFO: Setting volume for stream 2147483723
            DEBUG: SAMPLE_VOL:0.34  GLOBAL_VOL:1.00  MASTER_VOL:1.00
            INFO: SUCCESS BASS_ChannelSetAttribute(BASS_ATTRIB_VOL)
        DEBUG: END: AltsoundProcessorBase::setVolume()
            DEBUG: SFX stream 2147483723 gain:  0.40  group_vol:  0.85 ducked_vol:  1.00
        DEBUG: BEGIN GSoundProcessor::findLowestDuckVolume()
            DEBUG: SFX duck_vol_map is empty()
        DEBUG: END GSoundProcessor::findLowestDuckVolume()
            DEBUG: SFX ducking volume: 1.00
        DEBUG: BEGIN: AltsoundProcessorBase::setVolume()
            INFO: Setting volume for stream 2147483725
            DEBUG: SAMPLE_VOL:0.34  GLOBAL_VOL:1.00  MASTER_VOL:1.00
            INFO: SUCCESS BASS_ChannelSetAttribute(BASS_ATTRIB_VOL)
        DEBUG: END: AltsoundProcessorBase::setVolume()
            DEBUG: SFX stream 2147483725 gain:  0.40  group_vol:  0.85 ducked_vol:  1.00
            INFO: Num active streams: 6
        DEBUG: END GSoundProcessor::adjustStreamVolumes()
        INFO: Playing SFX stream: gnr_300/0x007b-push_button.ogg
        DEBUG: HSTREAM(2147483729)  CH(00)  CMD(007B)  SAMPLE(gnr_300/0x007b-push_button.ogg)
            INFO: SUCCESS SFX stream playback
    DEBUG: END GSoundProcessor::handleCmd()
INFO: SUCCESS processor::handleCmd()
DEBUG: BEGIN altsound_postprocess_commands()
DEBUG: MAME_GEN: 0x0000000004000
DEBUG: END postprocess_commands()
DEBUG: END AltsoundProcessCommand()
DEBUG: 
DEBUG: BEGIN AltsoundProcessCommand()
DEBUG: Master Volume (Post Attenuation): 1.00
DEBUG: BEGIN altsound_preprocess_commands()
DEBUG: MAME_GEN: 0x0000000004000
DEBUG: Hardware Generation: DEDMD16, DEDMD32, DEDMD64, DE
DEBUG: END altsound_preprocess_commands()
DEBUG: Command complete. Processing...
    DEBUG: BEGIN GSoundProcessor::handleCmd()
        DEBUG: Acquiring mutex
        DEBUG: BEGIN GSoundProcessor::getSample()
        INFO: Found 1 sample(s) for ID: 00A1
        INFO: Sample: gnr_300/0x00a1-simple_stereo_2.ogg
        DEBUG: END GSoundProcessor::getSample()
        DEBUG: BEGIN GSoundProcessor::processStream()
            DEBUG: BEGIN AltsoundProcessorBase::createStream()
                INFO: BEGIN: AltsoundProcessorBase::findFreeChannel()
                    INFO: Found free channel: 01
                DEBUG: END: AltsoundProcessorBase::findFreeChannel()
                INFO: Successfully created stream(2147483731) on channel(01)
            DEBUG: END: AltsoundProcessorBase::createStream()
        DEBUG: BEGIN: GSoundProcessor::processBehaviors()
            DEBUG: Processing SFX behaviors on OVERLAY streams
            DEBUG: Processing SFX behaviors on SOLO streams
            DEBUG: Processing SFX behaviors on SFX streams
            DEBUG: Processing SFX behaviors on CALLOUT streams
            DEBUG: Processing SFX behaviors on MUSIC streams
        DEBUG: BEGIN GSoundProcessor::printBehaviorData()
        DEBUG: Printing duck_vol_map:
        DEBUG: Stream Type: OVERLAY
        DEBUG: Stream Type: SOLO
        DEBUG: Stream Type: SFX
        DEBUG: Stream Type: CALLOUT
        DEBUG: Stream Type: MUSIC
        DEBUG: Stream ID: 2147483731, Duck Volume: 0.850000
        DEBUG: Stream ID: 2147483729, Duck Volume: 0.850000
        DEBUG: Stream ID: 2147483727, Duck Volume: 0.850000
        DEBUG: Stream ID: 2147483725, Duck Volume: 0.850000
        DEBUG: Stream ID: 2147483723, Duck Volume: 0.850000
        DEBUG: Stream ID: 2147483721, Duck Volume: 0.850000
        DEBUG: Printing paused_status_map:
        DEBUG: Stream Type: OVERLAY
        DEBUG: Stream Type: SOLO
        DEBUG: Stream Type: SFX
        DEBUG: Stream Type: CALLOUT
        DEBUG: Stream Type: MUSIC
        DEBUG: END GSoundProcessor::printBehaviorData()
        DEBUG: END GSoundProcessor::processBehaviors()
        DEBUG: END GSoundProcessor::processStream()
        INFO: BEGIN GSoundProcessor::adjustStreamVolumes()
        DEBUG: BEGIN GSoundProcessor::findLowestDuckVolume()
            DEBUG: SFX duck_vol_map is empty()
        DEBUG: END GSoundProcessor::findLowestDuckVolume()
            DEBUG: SFX ducking volume: 1.00
        DEBUG: BEGIN: AltsoundProcessorBase::setVolume()
            INFO: Setting volume for stream 2147483729
            DEBUG: SAMPLE_VOL:0.34  GLOBAL_VOL:1.00  MASTER_VOL:1.00
            INFO: SUCCESS BASS_ChannelSetAttribute(BASS_ATTRIB_VOL)
        DEBUG: END: AltsoundProcessorBase::setVolume()
            DEBUG: SFX stream 2147483729 gain:  0.40  group_vol:  0.85 ducked_vol:  1.00
        DEBUG: BEGIN GSoundProcessor::findLowestDuckVolume()
            DEBUG: SFX duck_vol_map is empty()
        DEBUG: END GSoundProcessor::findLowestDuckVolume()
            DEBUG: SFX ducking volume: 1.00
        DEBUG: BEGIN: AltsoundProcessorBase::setVolume()
            INFO: Setting volume for stream 2147483731
            DEBUG: SAMPLE_VOL:0.55  GLOBAL_VOL:1.00  MASTER_VOL:1.00
            INFO: SUCCESS BASS_ChannelSetAttribute(BASS_ATTRIB_VOL)
        DEBUG: END: AltsoundProcessorBase::setVolume()
            DEBUG: SFX stream 2147483731 gain:  0.65  group_vol:  0.85 ducked_vol:  1.00
        DEBUG: BEGIN GSoundProcessor::findLowestDuckVolume()
            DEBUG: SFX duck_vol_map is empty()
        DEBUG: END GSoundProcessor::findLowestDuckVolume()
            DEBUG: SFX ducking volume: 1.00
        DEBUG: BEGIN: AltsoundProcessorBase::setVolume()
            INFO: Setting volume for stream 2147483727
            DEBUG: SAMPLE_VOL:0.34  GLOBAL_VOL:1.00  MASTER_VOL:1.00
            INFO: SUCCESS BASS_ChannelSetAttribute(BASS_ATTRIB_VOL)
        DEBUG: END: AltsoundProcessorBase::setVolume()
            DEBUG: SFX stream 2147483727 gain:  0.40  group_vol:  0.85 ducked_vol:  1.00
        DEBUG: BEGIN GSoundProcessor::findLowestDuckVolume()
            DEBUG: Min ducking value for MUSIC streams: 0.85
        DEBUG: END GSoundProcessor::findLowestDuckVolume()
            DEBUG: MUSIC ducking volume: 0.85
        DEBUG: BEGIN: AltsoundProcessorBase::setVolume()
            INFO: Setting volume for stream 2147483659
            DEBUG: SAMPLE_VOL:0.76  GLOBAL_VOL:1.00  MASTER_VOL:1.00
            INFO: SUCCESS BASS_ChannelSetAttribute(BASS_ATTRIB_VOL)
        DEBUG: END: AltsoundProcessorBase::setVolume()
            DEBUG: MUSIC stream 2147483659 gain:  0.90  group_vol:  1.00 ducked_vol:  0.85
        DEBUG: BEGIN GSoundProcessor::findLowestDuckVolume()
            DEBUG: SFX duck_vol_map is empty()
        DEBUG: END GSoundProcessor::findLowestDuckVolume()
            DEBUG: SFX ducking volume: 1.00
        DEBUG: BEGIN: AltsoundProcessorBase::setVolume()
            INFO: Setting volume for stream 2147483721
            DEBUG: SAMPLE_VOL:0.34  GLOBAL_VOL:1.00  MASTER_VOL:1.00
            INFO: SUCCESS BASS_ChannelSetAttribute(BASS_ATTRIB_VOL)
        DEBUG: END: AltsoundProcessorBase::setVolume()
            DEBUG: SFX stream 2147483721 gain:  0.40  group_vol:  0.85 ducked_vol:  1.00
        DEBUG: BEGIN GSoundProcessor::findLowestDuckVolume()
            DEBUG: SFX duck_vol_map is empty()
        DEBUG: END GSoundProcessor::findLowestDuckVolume()
            DEBUG: SFX ducking volume: 1.00
        DEBUG: BEGIN: AltsoundProcessorBase::setVolume()
            INFO: Setting volume for stream 2147483723
            DEBUG: SAMPLE_VOL:0.34  GLOBAL_VOL:1.00  MASTER_VOL:1.00
            INFO: SUCCESS BASS_ChannelSetAttribute(BASS_ATTRIB_VOL)
        DEBUG: END: AltsoundProcessorBase::setVolume()
            DEBUG: SFX stream 2147483723 gain:  0.40  group_vol:  0.85 ducked_vol:  1.00
        DEBUG: BEGIN GSoundProcessor::findLowestDuckVolume()
            DEBUG: SFX duck_vol_map is empty()
        DEBUG: END GSoundProcessor::findLowestDuckVolume()
            DEBUG: SFX ducking volume: 1.00
        DEBUG: BEGIN: AltsoundProcessorBase::setVolume()
            INFO: Setting volume for stream 2147483725
            DEBUG: SAMPLE_VOL:0.34  GLOBAL_VOL:1.00  MASTER_VOL:1.00
            INFO: SUCCESS BASS_ChannelSetAttribute(BASS_ATTRIB_VOL)
        DEBUG: END: AltsoundProcessorBase::setVolume()
            DEBUG: SFX stream 2147483725 gain:  0.40  group_vol:  0.85 ducked_vol:  1.00
            INFO: Num active streams: 7
        DEBUG: END GSoundProcessor::adjustStreamVolumes()
        INFO: Playing SFX stream: gnr_300/0x00a1-simple_stereo_2.ogg
        DEBUG: HSTREAM(2147483731)  CH(01)  CMD(00A1)  SAMPLE(gnr_300/0x00a1-simple_stereo_2.ogg)
            INFO: SUCCESS SFX stream playback
    DEBUG: END GSoundProcessor::handleCmd()
INFO: SUCCESS processor::handleCmd()
DEBUG: BEGIN altsound_postprocess_commands()
DEBUG: MAME_GEN: 0x0000000004000
DEBUG: END postprocess_commands()
DEBUG: END AltsoundProcessCommand()
DEBUG: 
DEBUG: 
BEGIN: GSoundProcessor::common_callback()
    INFO: HSYNC: 2147483726  HSTREAM: 2147483725
    DEBUG: Acquiring mutex
DEBUG: BEGIN: GSoundProcessor::postProcessBehaviors()
    DEBUG: Post-processing SFX behaviors on OVERLAY streams
    DEBUG: Post-processing SFX ducking impact on OVERLAY streams
    DEBUG: Post-processing SFX behaviors on SOLO streams
    DEBUG: Post-processing SFX ducking impact on SOLO streams
    DEBUG: Post-processing SFX behaviors on SFX streams
    DEBUG: Post-processing SFX ducking impact on SFX streams
    DEBUG: Post-processing SFX behaviors on CALLOUT streams
    DEBUG: Post-processing SFX ducking impact on CALLOUT streams
    DEBUG: Post-processing SFX behaviors on MUSIC streams
    DEBUG: Post-processing SFX ducking impact on MUSIC streams
    DEBUG: Erasing ducking impact from SFX stream: 2147483725
DEBUG: BEGIN GSoundProcessor::printBehaviorData()
DEBUG: Printing duck_vol_map:
DEBUG: Stream Type: OVERLAY
DEBUG: Stream Type: SOLO
DEBUG: Stream Type: SFX
DEBUG: Stream Type: CALLOUT
DEBUG: Stream Type: MUSIC
DEBUG: Stream ID: 2147483731, Duck Volume: 0.850000
DEBUG: Stream ID: 2147483729, Duck Volume: 0.850000
DEBUG: Stream ID: 2147483727, Duck Volume: 0.850000
DEBUG: Stream ID: 2147483723, Duck Volume: 0.850000
DEBUG: Stream ID: 2147483721, Duck Volume: 0.850000
DEBUG: Printing paused_status_map:
DEBUG: Stream Type: OVERLAY
DEBUG: Stream Type: SOLO
DEBUG: Stream Type: SFX
DEBUG: Stream Type: CALLOUT
DEBUG: Stream Type: MUSIC
DEBUG: END GSoundProcessor::printBehaviorData()
DEBUG: END GSoundProcessor::postProcessBehaviors()
    INFO: BEGIN AltsoundProcessorBase::freeStream()
        INFO: Successfully free'd stream(2147483725)
    DEBUG: END AltsoundProcessorBase::freeStream()
INFO: BEGIN GSoundProcessor::adjustStreamVolumes()
DEBUG: BEGIN GSoundProcessor::findLowestDuckVolume()
    DEBUG: SFX duck_vol_map is empty()
DEBUG: END GSoundProcessor::findLowestDuckVolume()
    DEBUG: SFX ducking volume: 1.00
DEBUG: BEGIN: AltsoundProcessorBase::setVolume()
    INFO: Setting volume for stream 2147483729
    DEBUG: SAMPLE_VOL:0.34  GLOBAL_VOL:1.00  MASTER_VOL:1.00
    INFO: SUCCESS BASS_ChannelSetAttribute(BASS_ATTRIB_VOL)
DEBUG: END: AltsoundProcessorBase::setVolume()
    DEBUG: SFX stream 2147483729 gain:  0.40  group_vol:  0.85 ducked_vol:  1.00
DEBUG: BEGIN GSoundProcessor::findLowestDuckVolume()
    DEBUG: SFX duck_vol_map is empty()
DEBUG: END GSoundProcessor::findLowestDuckVolume()
    DEBUG: SFX ducking volume: 1.00
DEBUG: BEGIN: AltsoundProcessorBase::setVolume()
    INFO: Setting volume for stream 2147483731
    DEBUG: SAMPLE_VOL:0.55  GLOBAL_VOL:1.00  MASTER_VOL:1.00
    INFO: SUCCESS BASS_ChannelSetAttribute(BASS_ATTRIB_VOL)
DEBUG: END: AltsoundProcessorBase::setVolume()
    DEBUG: SFX stream 2147483731 gain:  0.65  group_vol:  0.85 ducked_vol:  1.00
DEBUG: BEGIN GSoundProcessor::findLowestDuckVolume()
    DEBUG: SFX duck_vol_map is empty()
DEBUG: END GSoundProcessor::findLowestDuckVolume()
    DEBUG: SFX ducking volume: 1.00
DEBUG: BEGIN: AltsoundProcessorBase::setVolume()
    INFO: Setting volume for stream 2147483727
    DEBUG: SAMPLE_VOL:0.34  GLOBAL_VOL:1.00  MASTER_VOL:1.00
    INFO: SUCCESS BASS_ChannelSetAttribute(BASS_ATTRIB_VOL)
DEBUG: END: AltsoundProcessorBase::setVolume()
    DEBUG: SFX stream 2147483727 gain:  0.40  group_vol:  0.85 ducked_vol:  1.00
DEBUG: BEGIN GSoundProcessor::findLowestDuckVolume()
    DEBUG: Min ducking value for MUSIC streams: 0.85
DEBUG: END GSoundProcessor::findLowestDuckVolume()
    DEBUG: MUSIC ducking volume: 0.85
DEBUG: BEGIN: AltsoundProcessorBase::setVolume()
    INFO: Setting volume for stream 2147483659
    DEBUG: SAMPLE_VOL:0.76  GLOBAL_VOL:1.00  MASTER_VOL:1.00
    INFO: SUCCESS BASS_ChannelSetAttribute(BASS_ATTRIB_VOL)
DEBUG: END: AltsoundProcessorBase::setVolume()
    DEBUG: MUSIC stream 2147483659 gain:  0.90  group_vol:  1.00 ducked_vol:  0.85
DEBUG: BEGIN GSoundProcessor::findLowestDuckVolume()
    DEBUG: SFX duck_vol_map is empty()
DEBUG: END GSoundProcessor::findLowestDuckVolume()
    DEBUG: SFX ducking volume: 1.00
DEBUG: BEGIN: AltsoundProcessorBase::setVolume()
    INFO: Setting volume for stream 2147483721
    DEBUG: SAMPLE_VOL:0.34  GLOBAL_VOL:1.00  MASTER_VOL:1.00
    INFO: SUCCESS BASS_ChannelSetAttribute(BASS_ATTRIB_VOL)
DEBUG: END: AltsoundProcessorBase::setVolume()
    DEBUG: SFX stream 2147483721 gain:  0.40  group_vol:  0.85 ducked_vol:  1.00
DEBUG: BEGIN GSoundProcessor::findLowestDuckVolume()
    DEBUG: SFX duck_vol_map is empty()
DEBUG: END GSoundProcessor::findLowestDuckVolume()
    DEBUG: SFX ducking volume: 1.00
DEBUG: BEGIN: AltsoundProcessorBase::setVolume()
    INFO: Setting volume for stream 2147483723
    DEBUG: SAMPLE_VOL:0.34  GLOBAL_VOL:1.00  MASTER_VOL:1.00
    INFO: SUCCESS BASS_ChannelSetAttribute(BASS_ATTRIB_VOL)
DEBUG: END: AltsoundProcessorBase::setVolume()
    DEBUG: SFX stream 2147483723 gain:  0.40  group_vol:  0.85 ducked_vol:  1.00
    INFO: Num active streams: 6
DEBUG: END GSoundProcessor::adjustStreamVolumes()
DEBUG: BEGIN GSoundProcessor::processPausedStreams()
DEBUG: BEGIN GSoundProcessor::tryResumeStream()
DEBUG: END GSoundProcessor::tryResumeStream()
DEBUG: BEGIN GSoundProcessor::tryResumeStream()
DEBUG: END GSoundProcessor::tryResumeStream()
DEBUG: BEGIN GSoundProcessor::tryResumeStream()
DEBUG: END GSoundProcessor::tryResumeStream()
DEBUG: BEGIN GSoundProcessor::tryResumeStream()
DEBUG: END GSoundProcessor::tryResumeStream()
DEBUG: BEGIN GSoundProcessor::tryResumeStream()
DEBUG: END GSoundProcessor::tryResumeStream()
DEBUG: BEGIN GSoundProcessor::tryResumeStream()
DEBUG: END GSoundProcessor::tryResumeStream()
DEBUG: END GSoundProcessor::processPausedStreams()
    INFO: SFX stream(2147483725) finished on ch(07)
DEBUG: END GSoundProcessor::common_callback()
DEBUG: 
BEGIN: GSoundProcessor::common_callback()
    INFO: HSYNC: 2147483732  HSTREAM: 2147483731
    DEBUG: Acquiring mutex
DEBUG: BEGIN: GSoundProcessor::postProcessBehaviors()
    DEBUG: Post-processing SFX behaviors on OVERLAY streams
    DEBUG: Post-processing SFX ducking impact on OVERLAY streams
    DEBUG: Post-processing SFX behaviors on SOLO streams
    DEBUG: Post-processing SFX ducking impact on SOLO streams
    DEBUG: Post-processing SFX behaviors on SFX streams
    DEBUG: Post-processing SFX ducking impact on SFX streams
    DEBUG: Post-processing SFX behaviors on CALLOUT streams
    DEBUG: Post-processing SFX ducking impact on CALLOUT streams
    DEBUG: Post-processing SFX behaviors on MUSIC streams
    DEBUG: Post-processing SFX ducking impact on MUSIC streams
    DEBUG: Erasing ducking impact from SFX stream: 2147483731
DEBUG: BEGIN GSoundProcessor::printBehaviorData()
DEBUG: Printing duck_vol_map:
DEBUG: Stream Type: OVERLAY
DEBUG: Stream Type: SOLO
DEBUG: Stream Type: SFX
DEBUG: Stream Type: CALLOUT
DEBUG: Stream Type: MUSIC
DEBUG: Stream ID: 2147483729, Duck Volume: 0.850000
DEBUG: Stream ID: 2147483727, Duck Volume: 0.850000
DEBUG: Stream ID: 2147483723, Duck Volume: 0.850000
DEBUG: Stream ID: 2147483721, Duck Volume: 0.850000
DEBUG: Printing paused_status_map:
DEBUG: Stream Type: OVERLAY
DEBUG: Stream Type: SOLO
DEBUG: Stream Type: SFX
DEBUG: Stream Type: CALLOUT
DEBUG: Stream Type: MUSIC
DEBUG: END GSoundProcessor::printBehaviorData()
DEBUG: END GSoundProcessor::postProcessBehaviors()
    INFO: BEGIN AltsoundProcessorBase::freeStream()
        INFO: Successfully free'd stream(2147483731)
    DEBUG: END AltsoundProcessorBase::freeStream()
INFO: BEGIN GSoundProcessor::adjustStreamVolumes()
DEBUG: BEGIN GSoundProcessor::findLowestDuckVolume()
    DEBUG: SFX duck_vol_map is empty()
DEBUG: END GSoundProcessor::findLowestDuckVolume()
    DEBUG: SFX ducking volume: 1.00
DEBUG: BEGIN: AltsoundProcessorBase::setVolume()
    INFO: Setting volume for stream 2147483729
    DEBUG: SAMPLE_VOL:0.34  GLOBAL_VOL:1.00  MASTER_VOL:1.00
    INFO: SUCCESS BASS_ChannelSetAttribute(BASS_ATTRIB_VOL)
DEBUG: END: AltsoundProcessorBase::setVolume()
    DEBUG: SFX stream 2147483729 gain:  0.40  group_vol:  0.85 ducked_vol:  1.00
DEBUG: BEGIN GSoundProcessor::findLowestDuckVolume()
    DEBUG: SFX duck_vol_map is empty()
DEBUG: END GSoundProcessor::findLowestDuckVolume()
    DEBUG: SFX ducking volume: 1.00
DEBUG: BEGIN: AltsoundProcessorBase::setVolume()
    INFO: Setting volume for stream 2147483727
    DEBUG: SAMPLE_VOL:0.34  GLOBAL_VOL:1.00  MASTER_VOL:1.00
    INFO: SUCCESS BASS_ChannelSetAttribute(BASS_ATTRIB_VOL)
DEBUG: END: AltsoundProcessorBase::setVolume()
    DEBUG: SFX stream 2147483727 gain:  0.40  group_vol:  0.85 ducked_vol:  1.00
DEBUG: BEGIN GSoundProcessor::findLowestDuckVolume()
    DEBUG: Min ducking value for MUSIC streams: 0.85
DEBUG: END GSoundProcessor::findLowestDuckVolume()
    DEBUG: MUSIC ducking volume: 0.85
DEBUG: BEGIN: AltsoundProcessorBase::setVolume()
    INFO: Setting volume for stream 2147483659
    DEBUG: SAMPLE_VOL:0.76  GLOBAL_VOL:1.00  MASTER_VOL:1.00
    INFO: SUCCESS BASS_ChannelSetAttribute(BASS_ATTRIB_VOL)
DEBUG: END: AltsoundProcessorBase::setVolume()
    DEBUG: MUSIC stream 2147483659 gain:  0.90  group_vol:  1.00 ducked_vol:  0.85
DEBUG: BEGIN GSoundProcessor::findLowestDuckVolume()
    DEBUG: SFX duck_vol_map is empty()
DEBUG: END GSoundProcessor::findLowestDuckVolume()
    DEBUG: SFX ducking volume: 1.00
DEBUG: BEGIN: AltsoundProcessorBase::setVolume()
    INFO: Setting volume for stream 2147483721
    DEBUG: SAMPLE_VOL:0.34  GLOBAL_VOL:1.00  MASTER_VOL:1.00
    INFO: SUCCESS BASS_ChannelSetAttribute(BASS_ATTRIB_VOL)
DEBUG: END: AltsoundProcessorBase::setVolume()
    DEBUG: SFX stream 2147483721 gain:  0.40  group_vol:  0.85 ducked_vol:  1.00
DEBUG: BEGIN GSoundProcessor::findLowestDuckVolume()
    DEBUG: SFX duck_vol_map is empty()
DEBUG: END GSoundProcessor::findLowestDuckVolume()
    DEBUG: SFX ducking volume: 1.00
DEBUG: BEGIN: AltsoundProcessorBase::setVolume()
    INFO: Setting volume for stream 2147483723
    DEBUG: SAMPLE_VOL:0.34  GLOBAL_VOL:1.00  MASTER_VOL:1.00
    INFO: SUCCESS BASS_ChannelSetAttribute(BASS_ATTRIB_VOL)
DEBUG: END: AltsoundProcessorBase::setVolume()
    DEBUG: SFX stream 2147483723 gain:  0.40  group_vol:  0.85 ducked_vol:  1.00
    INFO: Num active streams: 5
DEBUG: END GSoundProcessor::adjustStreamVolumes()
DEBUG: BEGIN GSoundProcessor::processPausedStreams()
DEBUG: BEGIN GSoundProcessor::tryResumeStream()
DEBUG: END GSoundProcessor::tryResumeStream()
DEBUG: BEGIN GSoundProcessor::tryResumeStream()
DEBUG: END GSoundProcessor::tryResumeStream()
DEBUG: BEGIN GSoundProcessor::tryResumeStream()
DEBUG: END GSoundProcessor::tryResumeStream()
DEBUG: BEGIN GSoundProcessor::tryResumeStream()
DEBUG: END GSoundProcessor::tryResumeStream()
DEBUG: BEGIN GSoundProcessor::tryResumeStream()
DEBUG: END GSoundProcessor::tryResumeStream()
DEBUG: END GSoundProcessor::processPausedStreams()
    INFO: SFX stream(2147483731) finished on ch(01)
DEBUG: END GSoundProcessor::common_callback()
DEBUG: 
BEGIN: GSoundProcessor::common_callback()
    INFO: HSYNC: 2147483724  HSTREAM: 2147483723
    DEBUG: Acquiring mutex
DEBUG: BEGIN: GSoundProcessor::postProcessBehaviors()
    DEBUG: Post-processing SFX behaviors on OVERLAY streams
    DEBUG: Post-processing SFX ducking impact on OVERLAY streams
    DEBUG: Post-processing SFX behaviors on SOLO streams
    DEBUG: Post-processing SFX ducking impact on SOLO streams
    DEBUG: Post-processing SFX behaviors on SFX streams
    DEBUG: Post-processing SFX ducking impact on SFX streams
    DEBUG: Post-processing SFX behaviors on CALLOUT streams
    DEBUG: Post-processing SFX ducking impact on CALLOUT streams
    DEBUG: Post-processing SFX behaviors on MUSIC streams
    DEBUG: Post-processing SFX ducking impact on MUSIC streams
    DEBUG: Erasing ducking impact from SFX stream: 2147483723
DEBUG: BEGIN GSoundProcessor::printBehaviorData()
DEBUG: Printing duck_vol_map:
DEBUG: Stream Type: OVERLAY
DEBUG: Stream Type: SOLO
DEBUG: Stream Type: SFX
DEBUG: Stream Type: CALLOUT
DEBUG: Stream Type: MUSIC
DEBUG: Stream ID: 2147483729, Duck Volume: 0.850000
DEBUG: Stream ID: 2147483727, Duck Volume: 0.850000
DEBUG: Stream ID: 2147483721, Duck Volume: 0.850000
DEBUG: Printing paused_status_map:
DEBUG: Stream Type: OVERLAY
DEBUG: Stream Type: SOLO
DEBUG: Stream Type: SFX
DEBUG: Stream Type: CALLOUT
DEBUG: Stream Type: MUSIC
DEBUG: END GSoundProcessor::printBehaviorData()
DEBUG: END GSoundProcessor::postProcessBehaviors()
    INFO: BEGIN AltsoundProcessorBase::freeStream()
        INFO: Successfully free'd stream(2147483723)
    DEBUG: END AltsoundProcessorBase::freeStream()
INFO: BEGIN GSoundProcessor::adjustStreamVolumes()
DEBUG: BEGIN GSoundProcessor::findLowestDuckVolume()
    DEBUG: SFX duck_vol_map is empty()
DEBUG: END GSoundProcessor::findLowestDuckVolume()
    DEBUG: SFX ducking volume: 1.00
DEBUG: BEGIN: AltsoundProcessorBase::setVolume()
    INFO: Setting volume for stream 2147483729
    DEBUG: SAMPLE_VOL:0.34  GLOBAL_VOL:1.00  MASTER_VOL:1.00
    INFO: SUCCESS BASS_ChannelSetAttribute(BASS_ATTRIB_VOL)
DEBUG: END: AltsoundProcessorBase::setVolume()
    DEBUG: SFX stream 2147483729 gain:  0.40  group_vol:  0.85 ducked_vol:  1.00
DEBUG: BEGIN GSoundProcessor::findLowestDuckVolume()
    DEBUG: SFX duck_vol_map is empty()
DEBUG: END GSoundProcessor::findLowestDuckVolume()
    DEBUG: SFX ducking volume: 1.00
DEBUG: BEGIN: AltsoundProcessorBase::setVolume()
    INFO: Setting volume for stream 2147483727
    DEBUG: SAMPLE_VOL:0.34  GLOBAL_VOL:1.00  MASTER_VOL:1.00
    INFO: SUCCESS BASS_ChannelSetAttribute(BASS_ATTRIB_VOL)
DEBUG: END: AltsoundProcessorBase::setVolume()
    DEBUG: SFX stream 2147483727 gain:  0.40  group_vol:  0.85 ducked_vol:  1.00
DEBUG: BEGIN GSoundProcessor::findLowestDuckVolume()
    DEBUG: Min ducking value for MUSIC streams: 0.85
DEBUG: END GSoundProcessor::findLowestDuckVolume()
    DEBUG: MUSIC ducking volume: 0.85
DEBUG: BEGIN: AltsoundProcessorBase::setVolume()
    INFO: Setting volume for stream 2147483659
    DEBUG: SAMPLE_VOL:0.76  GLOBAL_VOL:1.00  MASTER_VOL:1.00
    INFO: SUCCESS BASS_ChannelSetAttribute(BASS_ATTRIB_VOL)
DEBUG: END: AltsoundProcessorBase::setVolume()
    DEBUG: MUSIC stream 2147483659 gain:  0.90  group_vol:  1.00 ducked_vol:  0.85
DEBUG: BEGIN GSoundProcessor::findLowestDuckVolume()
    DEBUG: SFX duck_vol_map is empty()
DEBUG: END GSoundProcessor::findLowestDuckVolume()
    DEBUG: SFX ducking volume: 1.00
DEBUG: BEGIN: AltsoundProcessorBase::setVolume()
    INFO: Setting volume for stream 2147483721
    DEBUG: SAMPLE_VOL:0.34  GLOBAL_VOL:1.00  MASTER_VOL:1.00
    INFO: SUCCESS BASS_ChannelSetAttribute(BASS_ATTRIB_VOL)
DEBUG: END: AltsoundProcessorBase::setVolume()
    DEBUG: SFX stream 2147483721 gain:  0.40  group_vol:  0.85 ducked_vol:  1.00
    INFO: Num active streams: 4
DEBUG: END GSoundProcessor::adjustStreamVolumes()
DEBUG: BEGIN GSoundProcessor::processPausedStreams()
DEBUG: BEGIN GSoundProcessor::tryResumeStream()
DEBUG: END GSoundProcessor::tryResumeStream()
DEBUG: BEGIN GSoundProcessor::tryResumeStream()
DEBUG: END GSoundProcessor::tryResumeStream()
DEBUG: BEGIN GSoundProcessor::tryResumeStream()
DEBUG: END GSoundProcessor::tryResumeStream()
DEBUG: BEGIN GSoundProcessor::tryResumeStream()
DEBUG: END GSoundProcessor::tryResumeStream()
DEBUG: END GSoundProcessor::processPausedStreams()
    INFO: SFX stream(2147483723) finished on ch(05)
DEBUG: END GSoundProcessor::common_callback()
DEBUG: 
BEGIN: GSoundProcessor::common_callback()
    INFO: HSYNC: 2147483722  HSTREAM: 2147483721
    DEBUG: Acquiring mutex
DEBUG: BEGIN: GSoundProcessor::postProcessBehaviors()
    DEBUG: Post-processing SFX behaviors on OVERLAY streams
    DEBUG: Post-processing SFX ducking impact on OVERLAY streams
    DEBUG: Post-processing SFX behaviors on SOLO streams
    DEBUG: Post-processing SFX ducking impact on SOLO streams
    DEBUG: Post-processing SFX behaviors on SFX streams
    DEBUG: Post-processing SFX ducking impact on SFX streams
    DEBUG: Post-processing SFX behaviors on CALLOUT streams
    DEBUG: Post-processing SFX ducking impact on CALLOUT streams
    DEBUG: Post-processing SFX behaviors on MUSIC streams
    DEBUG: Post-processing SFX ducking impact on MUSIC streams
    DEBUG: Erasing ducking impact from SFX stream: 2147483721
DEBUG: BEGIN GSoundProcessor::printBehaviorData()
DEBUG: Printing duck_vol_map:
DEBUG: Stream Type: OVERLAY
DEBUG: Stream Type: SOLO
DEBUG: Stream Type: SFX
DEBUG: Stream Type: CALLOUT
DEBUG: Stream Type: MUSIC
DEBUG: Stream ID: 2147483729, Duck Volume: 0.850000
DEBUG: Stream ID: 2147483727, Duck Volume: 0.850000
DEBUG: Printing paused_status_map:
DEBUG: Stream Type: OVERLAY
DEBUG: Stream Type: SOLO
DEBUG: Stream Type: SFX
DEBUG: Stream Type: CALLOUT
DEBUG: Stream Type: MUSIC
DEBUG: END GSoundProcessor::printBehaviorData()
DEBUG: END GSoundProcessor::postProcessBehaviors()
    INFO: BEGIN AltsoundProcessorBase::freeStream()
        INFO: Successfully free'd stream(2147483721)
    DEBUG: END AltsoundProcessorBase::freeStream()
INFO: BEGIN GSoundProcessor::adjustStreamVolumes()
DEBUG: BEGIN GSoundProcessor::findLowestDuckVolume()
    DEBUG: SFX duck_vol_map is empty()
DEBUG: END GSoundProcessor::findLowestDuckVolume()
    DEBUG: SFX ducking volume: 1.00
DEBUG: BEGIN: AltsoundProcessorBase::setVolume()
    INFO: Setting volume for stream 2147483729
    DEBUG: SAMPLE_VOL:0.34  GLOBAL_VOL:1.00  MASTER_VOL:1.00
    INFO: SUCCESS BASS_ChannelSetAttribute(BASS_ATTRIB_VOL)
DEBUG: END: AltsoundProcessorBase::setVolume()
    DEBUG: SFX stream 2147483729 gain:  0.40  group_vol:  0.85 ducked_vol:  1.00
DEBUG: BEGIN GSoundProcessor::findLowestDuckVolume()
    DEBUG: SFX duck_vol_map is empty()
DEBUG: END GSoundProcessor::findLowestDuckVolume()
    DEBUG: SFX ducking volume: 1.00
DEBUG: BEGIN: AltsoundProcessorBase::setVolume()
    INFO: Setting volume for stream 2147483727
    DEBUG: SAMPLE_VOL:0.34  GLOBAL_VOL:1.00  MASTER_VOL:1.00
    INFO: SUCCESS BASS_ChannelSetAttribute(BASS_ATTRIB_VOL)
DEBUG: END: AltsoundProcessorBase::setVolume()
    DEBUG: SFX stream 2147483727 gain:  0.40  group_vol:  0.85 ducked_vol:  1.00
DEBUG: BEGIN GSoundProcessor::findLowestDuckVolume()
    DEBUG: Min ducking value for MUSIC streams: 0.85
DEBUG: END GSoundProcessor::findLowestDuckVolume()
    DEBUG: MUSIC ducking volume: 0.85
DEBUG: BEGIN: AltsoundProcessorBase::setVolume()
    INFO: Setting volume for stream 2147483659
    DEBUG: SAMPLE_VOL:0.76  GLOBAL_VOL:1.00  MASTER_VOL:1.00
    INFO: SUCCESS BASS_ChannelSetAttribute(BASS_ATTRIB_VOL)
DEBUG: END: AltsoundProcessorBase::setVolume()
    DEBUG: MUSIC stream 2147483659 gain:  0.90  group_vol:  1.00 ducked_vol:  0.85
    INFO: Num active streams: 3
DEBUG: END GSoundProcessor::adjustStreamVolumes()
DEBUG: BEGIN GSoundProcessor::processPausedStreams()
DEBUG: BEGIN GSoundProcessor::tryResumeStream()
DEBUG: END GSoundProcessor::tryResumeStream()
DEBUG: BEGIN GSoundProcessor::tryResumeStream()
DEBUG: END GSoundProcessor::tryResumeStream()
DEBUG: BEGIN GSoundProcessor::tryResumeStream()
DEBUG: END GSoundProcessor::tryResumeStream()
DEBUG: END GSoundProcessor::processPausedStreams()
    INFO: SFX stream(2147483721) finished on ch(04)
DEBUG: END GSoundProcessor::common_callback()
DEBUG: 
BEGIN: GSoundProcessor::common_callback()
    INFO: HSYNC: 2147483728  HSTREAM: 2147483727
    DEBUG: Acquiring mutex
DEBUG: BEGIN: GSoundProcessor::postProcessBehaviors()
    DEBUG: Post-processing SFX behaviors on OVERLAY streams
    DEBUG: Post-processing SFX ducking impact on OVERLAY streams
    DEBUG: Post-processing SFX behaviors on SOLO streams
    DEBUG: Post-processing SFX ducking impact on SOLO streams
    DEBUG: Post-processing SFX behaviors on SFX streams
    DEBUG: Post-processing SFX ducking impact on SFX streams
    DEBUG: Post-processing SFX behaviors on CALLOUT streams
    DEBUG: Post-processing SFX ducking impact on CALLOUT streams
    DEBUG: Post-processing SFX behaviors on MUSIC streams
    DEBUG: Post-processing SFX ducking impact on MUSIC streams
    DEBUG: Erasing ducking impact from SFX stream: 2147483727
DEBUG: BEGIN GSoundProcessor::printBehaviorData()
DEBUG: Printing duck_vol_map:
DEBUG: Stream Type: OVERLAY
DEBUG: Stream Type: SOLO
DEBUG: Stream Type: SFX
DEBUG: Stream Type: CALLOUT
DEBUG: Stream Type: MUSIC
DEBUG: Stream ID: 2147483729, Duck Volume: 0.850000
DEBUG: Printing paused_status_map:
DEBUG: Stream Type: OVERLAY
DEBUG: Stream Type: SOLO
DEBUG: Stream Type: SFX
DEBUG: Stream Type: CALLOUT
DEBUG: Stream Type: MUSIC
DEBUG: END GSoundProcessor::printBehaviorData()
DEBUG: END GSoundProcessor::postProcessBehaviors()
    INFO: BEGIN AltsoundProcessorBase::freeStream()
        INFO: Successfully free'd stream(2147483727)
    DEBUG: END AltsoundProcessorBase::freeStream()
INFO: BEGIN GSoundProcessor::adjustStreamVolumes()
DEBUG: BEGIN GSoundProcessor::findLowestDuckVolume()
    DEBUG: SFX duck_vol_map is empty()
DEBUG: END GSoundProcessor::findLowestDuckVolume()
    DEBUG: SFX ducking volume: 1.00
DEBUG: BEGIN: AltsoundProcessorBase::setVolume()
    INFO: Setting volume for stream 2147483729
    DEBUG: SAMPLE_VOL:0.34  GLOBAL_VOL:1.00  MASTER_VOL:1.00
    INFO: SUCCESS BASS_ChannelSetAttribute(BASS_ATTRIB_VOL)
DEBUG: END: AltsoundProcessorBase::setVolume()
    DEBUG: SFX stream 2147483729 gain:  0.40  group_vol:  0.85 ducked_vol:  1.00
DEBUG: BEGIN GSoundProcessor::findLowestDuckVolume()
    DEBUG: Min ducking value for MUSIC streams: 0.85
DEBUG: END GSoundProcessor::findLowestDuckVolume()
    DEBUG: MUSIC ducking volume: 0.85
DEBUG: BEGIN: AltsoundProcessorBase::setVolume()
    INFO: Setting volume for stream 2147483659
    DEBUG: SAMPLE_VOL:0.76  GLOBAL_VOL:1.00  MASTER_VOL:1.00
    INFO: SUCCESS BASS_ChannelSetAttribute(BASS_ATTRIB_VOL)
DEBUG: END: AltsoundProcessorBase::setVolume()
    DEBUG: MUSIC stream 2147483659 gain:  0.90  group_vol:  1.00 ducked_vol:  0.85
    INFO: Num active streams: 2
DEBUG: END GSoundProcessor::adjustStreamVolumes()
DEBUG: BEGIN GSoundProcessor::processPausedStreams()
DEBUG: BEGIN GSoundProcessor::tryResumeStream()
DEBUG: END GSoundProcessor::tryResumeStream()
DEBUG: BEGIN GSoundProcessor::tryResumeStream()
DEBUG: END GSoundProcessor::tryResumeStream()
DEBUG: END GSoundProcessor::processPausedStreams()
    INFO: SFX stream(2147483727) finished on ch(02)
DEBUG: END GSoundProcessor::common_callback()
DEBUG: 
BEGIN: GSoundProcessor::common_callback()
    INFO: HSYNC: 2147483730  HSTREAM: 2147483729
    DEBUG: Acquiring mutex
DEBUG: BEGIN: GSoundProcessor::postProcessBehaviors()
    DEBUG: Post-processing SFX behaviors on OVERLAY streams
    DEBUG: Post-processing SFX ducking impact on OVERLAY streams
    DEBUG: Post-processing SFX behaviors on SOLO streams
    DEBUG: Post-processing SFX ducking impact on SOLO streams
    DEBUG: Post-processing SFX behaviors on SFX streams
    DEBUG: Post-processing SFX ducking impact on SFX streams
    DEBUG: Post-processing SFX behaviors on CALLOUT streams
    DEBUG: Post-processing SFX ducking impact on CALLOUT streams
    DEBUG: Post-processing SFX behaviors on MUSIC streams
    DEBUG: Post-processing SFX ducking impact on MUSIC streams
    DEBUG: Erasing ducking impact from SFX stream: 2147483729
DEBUG: BEGIN GSoundProcessor::printBehaviorData()
DEBUG: Printing duck_vol_map:
DEBUG: Stream Type: OVERLAY
DEBUG: Stream Type: SOLO
DEBUG: Stream Type: SFX
DEBUG: Stream Type: CALLOUT
DEBUG: Stream Type: MUSIC
DEBUG: Printing paused_status_map:
DEBUG: Stream Type: OVERLAY
DEBUG: Stream Type: SOLO
DEBUG: Stream Type: SFX
DEBUG: Stream Type: CALLOUT
DEBUG: Stream Type: MUSIC
DEBUG: END GSoundProcessor::printBehaviorData()
DEBUG: END GSoundProcessor::postProcessBehaviors()
    INFO: BEGIN AltsoundProcessorBase::freeStream()
        INFO: Successfully free'd stream(2147483729)
    DEBUG: END AltsoundProcessorBase::freeStream()
INFO: BEGIN GSoundProcessor::adjustStreamVolumes()
DEBUG: BEGIN GSoundProcessor::findLowestDuckVolume()
    DEBUG: MUSIC duck_vol_map is empty()
DEBUG: END GSoundProcessor::findLowestDuckVolume()
    DEBUG: MUSIC ducking volume: 1.00
DEBUG: BEGIN: AltsoundProcessorBase::setVolume()
    INFO: Setting volume for stream 2147483659
    DEBUG: SAMPLE_VOL:0.90  GLOBAL_VOL:1.00  MASTER_VOL:1.00
    INFO: SUCCESS BASS_ChannelSetAttribute(BASS_ATTRIB_VOL)
DEBUG: END: AltsoundProcessorBase::setVolume()
    DEBUG: MUSIC stream 2147483659 gain:  0.90  group_vol:  1.00 ducked_vol:  1.00
    INFO: Num active streams: 1
DEBUG: END GSoundProcessor::adjustStreamVolumes()
DEBUG: BEGIN GSoundProcessor::processPausedStreams()
DEBUG: BEGIN GSoundProcessor::tryResumeStream()
DEBUG: END GSoundProcessor::tryResumeStream()
DEBUG: END GSoundProcessor::processPausedStreams()
    INFO: SFX stream(2147483729) finished on ch(00)
DEBUG: END GSoundProcessor::common_callback()
DEBUG: BEGIN AltsoundProcessCommand()
DEBUG: Master Volume (Post Attenuation): 1.00
DEBUG: BEGIN altsound_preprocess_commands()
DEBUG: MAME_GEN: 0x0000000004000
DEBUG: Hardware Generation: DEDMD16, DEDMD32, DEDMD64, DE
DEBUG: END altsound_preprocess_commands()
DEBUG: Command complete. Processing...
    DEBUG: BEGIN GSoundProcessor::handleCmd()
        DEBUG: Acquiring mutex
        DEBUG: BEGIN GSoundProcessor::getSample()
        INFO: Found 1 sample(s) for ID: 00B1
        INFO: Sample: gnr_300/0x00b1-matt_mission.ogg
        DEBUG: END GSoundProcessor::getSample()
        DEBUG: BEGIN GSoundProcessor::processStream()
            DEBUG: BEGIN AltsoundProcessorBase::createStream()
                INFO: BEGIN: AltsoundProcessorBase::findFreeChannel()
                    INFO: Found free channel: 00
                DEBUG: END: AltsoundProcessorBase::findFreeChannel()
                INFO: Successfully created stream(2147483733) on channel(00)
            DEBUG: END: AltsoundProcessorBase::createStream()
        DEBUG: BEGIN: GSoundProcessor::processBehaviors()
            DEBUG: Processing SFX behaviors on OVERLAY streams
            DEBUG: Processing SFX behaviors on SOLO streams
            DEBUG: Processing SFX behaviors on SFX streams
            DEBUG: Processing SFX behaviors on CALLOUT streams
            DEBUG: Processing SFX behaviors on MUSIC streams
        DEBUG: BEGIN GSoundProcessor::printBehaviorData()
        DEBUG: Printing duck_vol_map:
        DEBUG: Stream Type: OVERLAY
        DEBUG: Stream Type: SOLO
        DEBUG: Stream Type: SFX
        DEBUG: Stream Type: CALLOUT
        DEBUG: Stream Type: MUSIC
        DEBUG: Stream ID: 2147483733, Duck Volume: 0.850000
        DEBUG: Printing paused_status_map:
        DEBUG: Stream Type: OVERLAY
        DEBUG: Stream Type: SOLO
        DEBUG: Stream Type: SFX
        DEBUG: Stream Type: CALLOUT
        DEBUG: Stream Type: MUSIC
        DEBUG: END GSoundProcessor::printBehaviorData()
        DEBUG: END GSoundProcessor::processBehaviors()
        DEBUG: END GSoundProcessor::processStream()
        INFO: BEGIN GSoundProcessor::adjustStreamVolumes()
        DEBUG: BEGIN GSoundProcessor::findLowestDuckVolume()
            DEBUG: SFX duck_vol_map is empty()
        DEBUG: END GSoundProcessor::findLowestDuckVolume()
            DEBUG: SFX ducking volume: 1.00
        DEBUG: BEGIN: AltsoundProcessorBase::setVolume()
            INFO: Setting volume for stream 2147483733
            DEBUG: SAMPLE_VOL:0.43  GLOBAL_VOL:1.00  MASTER_VOL:1.00
            INFO: SUCCESS BASS_ChannelSetAttribute(BASS_ATTRIB_VOL)
        DEBUG: END: AltsoundProcessorBase::setVolume()
            DEBUG: SFX stream 2147483733 gain:  0.50  group_vol:  0.85 ducked_vol:  1.00
        DEBUG: BEGIN GSoundProcessor::findLowestDuckVolume()
            DEBUG: Min ducking value for MUSIC streams: 0.85
        DEBUG: END GSoundProcessor::findLowestDuckVolume()
            DEBUG: MUSIC ducking volume: 0.85
        DEBUG: BEGIN: AltsoundProcessorBase::setVolume()
            INFO: Setting volume for stream 2147483659
            DEBUG: SAMPLE_VOL:0.76  GLOBAL_VOL:1.00  MASTER_VOL:1.00
            INFO: SUCCESS BASS_ChannelSetAttribute(BASS_ATTRIB_VOL)
        DEBUG: END: AltsoundProcessorBase::setVolume()
            DEBUG: MUSIC stream 2147483659 gain:  0.90  group_vol:  1.00 ducked_vol:  0.85
            INFO: Num active streams: 2
        DEBUG: END GSoundProcessor::adjustStreamVolumes()
        INFO: Playing SFX stream: gnr_300/0x00b1-matt_mission.ogg
        DEBUG: HSTREAM(2147483733)  CH(00)  CMD(00B1)  SAMPLE(gnr_300/0x00b1-matt_mission.ogg)
            INFO: SUCCESS SFX stream playback
    DEBUG: END GSoundProcessor::handleCmd()
INFO: SUCCESS processor::handleCmd()
DEBUG: BEGIN altsound_postprocess_commands()
DEBUG: MAME_GEN: 0x0000000004000
DEBUG: END postprocess_commands()
DEBUG: END AltsoundProcessCommand()
DEBUG: 
DEBUG: BEGIN AltsoundProcessCommand()
DEBUG: Master Volume (Post Attenuation): 1.00
DEBUG: BEGIN altsound_preprocess_commands()
DEBUG: MAME_GEN: 0x0000000004000
DEBUG: Hardware Generation: DEDMD16, DEDMD32, DEDMD64, DE
DEBUG: END altsound_preprocess_commands()
DEBUG: Command complete. Processing...
    DEBUG: BEGIN GSoundProcessor::handleCmd()
        DEBUG: Acquiring mutex
        DEBUG: BEGIN GSoundProcessor::getSample()
        INFO: Found 1 sample(s) for ID: 007D
        INFO: Sample: gnr_300/0x007d-setup_validation.ogg
        DEBUG: END GSoundProcessor::getSample()
        DEBUG: BEGIN GSoundProcessor::processStream()
            DEBUG: BEGIN AltsoundProcessorBase::createStream()
                INFO: BEGIN: AltsoundProcessorBase::findFreeChannel()
                    INFO: Found free channel: 01
                DEBUG: END: AltsoundProcessorBase::findFreeChannel()
                INFO: Successfully created stream(2147483735) on channel(01)
            DEBUG: END: AltsoundProcessorBase::createStream()
        DEBUG: BEGIN: GSoundProcessor::processBehaviors()
            DEBUG: Processing SFX behaviors on OVERLAY streams
            DEBUG: Processing SFX behaviors on SOLO streams
            DEBUG: Processing SFX behaviors on SFX streams
            DEBUG: Processing SFX behaviors on CALLOUT streams
            DEBUG: Processing SFX behaviors on MUSIC streams
        DEBUG: BEGIN GSoundProcessor::printBehaviorData()
        DEBUG: Printing duck_vol_map:
        DEBUG: Stream Type: OVERLAY
        DEBUG: Stream Type: SOLO
        DEBUG: Stream Type: SFX
        DEBUG: Stream Type: CALLOUT
        DEBUG: Stream Type: MUSIC
        DEBUG: Stream ID: 2147483735, Duck Volume: 0.850000
        DEBUG: Stream ID: 2147483733, Duck Volume: 0.850000
        DEBUG: Printing paused_status_map:
        DEBUG: Stream Type: OVERLAY
        DEBUG: Stream Type: SOLO
        DEBUG: Stream Type: SFX
        DEBUG: Stream Type: CALLOUT
        DEBUG: Stream Type: MUSIC
        DEBUG: END GSoundProcessor::printBehaviorData()
        DEBUG: END GSoundProcessor::processBehaviors()
        DEBUG: END GSoundProcessor::processStream()
        INFO: BEGIN GSoundProcessor::adjustStreamVolumes()
        DEBUG: BEGIN GSoundProcessor::findLowestDuckVolume()
            DEBUG: SFX duck_vol_map is empty()
        DEBUG: END GSoundProcessor::findLowestDuckVolume()
            DEBUG: SFX ducking volume: 1.00
        DEBUG: BEGIN: AltsoundProcessorBase::setVolume()
            INFO: Setting volume for stream 2147483733
            DEBUG: SAMPLE_VOL:0.43  GLOBAL_VOL:1.00  MASTER_VOL:1.00
            INFO: SUCCESS BASS_ChannelSetAttribute(BASS_ATTRIB_VOL)
        DEBUG: END: AltsoundProcessorBase::setVolume()
            DEBUG: SFX stream 2147483733 gain:  0.50  group_vol:  0.85 ducked_vol:  1.00
        DEBUG: BEGIN GSoundProcessor::findLowestDuckVolume()
            DEBUG: SFX duck_vol_map is empty()
        DEBUG: END GSoundProcessor::findLowestDuckVolume()
            DEBUG: SFX ducking volume: 1.00
        DEBUG: BEGIN: AltsoundProcessorBase::setVolume()
            INFO: Setting volume for stream 2147483735
            DEBUG: SAMPLE_VOL:0.34  GLOBAL_VOL:1.00  MASTER_VOL:1.00
            INFO: SUCCESS BASS_ChannelSetAttribute(BASS_ATTRIB_VOL)
        DEBUG: END: AltsoundProcessorBase::setVolume()
            DEBUG: SFX stream 2147483735 gain:  0.40  group_vol:  0.85 ducked_vol:  1.00
        DEBUG: BEGIN GSoundProcessor::findLowestDuckVolume()
            DEBUG: Min ducking value for MUSIC streams: 0.85
        DEBUG: END GSoundProcessor::findLowestDuckVolume()
            DEBUG: MUSIC ducking volume: 0.85
        DEBUG: BEGIN: AltsoundProcessorBase::setVolume()
            INFO: Setting volume for stream 2147483659
            DEBUG: SAMPLE_VOL:0.76  GLOBAL_VOL:1.00  MASTER_VOL:1.00
            INFO: SUCCESS BASS_ChannelSetAttribute(BASS_ATTRIB_VOL)
        DEBUG: END: AltsoundProcessorBase::setVolume()
            DEBUG: MUSIC stream 2147483659 gain:  0.90  group_vol:  1.00 ducked_vol:  0.85
            INFO: Num active streams: 3
        DEBUG: END GSoundProcessor::adjustStreamVolumes()
        INFO: Playing SFX stream: gnr_300/0x007d-setup_validation.ogg
        DEBUG: HSTREAM(2147483735)  CH(01)  CMD(007D)  SAMPLE(gnr_300/0x007d-setup_validation.ogg)
            INFO: SUCCESS SFX stream playback
    DEBUG: END GSoundProcessor::handleCmd()
INFO: SUCCESS processor::handleCmd()
DEBUG: BEGIN altsound_postprocess_commands()
DEBUG: MAME_GEN: 0x0000000004000
DEBUG: END postprocess_commands()
DEBUG: END AltsoundProcessCommand()
DEBUG: 
DEBUG: BEGIN AltsoundProcessCommand()
DEBUG: Master Volume (Post Attenuation): 1.00
DEBUG: BEGIN altsound_preprocess_commands()
DEBUG: MAME_GEN: 0x0000000004000
DEBUG: Hardware Generation: DEDMD16, DEDMD32, DEDMD64, DE
DEBUG: END altsound_preprocess_commands()
DEBUG: Command complete. Processing...
    DEBUG: BEGIN GSoundProcessor::handleCmd()
        DEBUG: Acquiring mutex
        DEBUG: BEGIN GSoundProcessor::getSample()
        INFO: Found 1 sample(s) for ID: 00B3
        INFO: Sample: gnr_300/0x00b3-matt_mission.ogg
        DEBUG: END GSoundProcessor::getSample()
        DEBUG: BEGIN GSoundProcessor::processStream()
            DEBUG: BEGIN AltsoundProcessorBase::createStream()
                INFO: BEGIN: AltsoundProcessorBase::findFreeChannel()
                    INFO: Found free channel: 02
                DEBUG: END: AltsoundProcessorBase::findFreeChannel()
                INFO: Successfully created stream(2147483737) on channel(02)
            DEBUG: END: AltsoundProcessorBase::createStream()
        DEBUG: BEGIN: GSoundProcessor::processBehaviors()
            DEBUG: Processing SFX behaviors on OVERLAY streams
            DEBUG: Processing SFX behaviors on SOLO streams
            DEBUG: Processing SFX behaviors on SFX streams
            DEBUG: Processing SFX behaviors on CALLOUT streams
            DEBUG: Processing SFX behaviors on MUSIC streams
        DEBUG: BEGIN GSoundProcessor::printBehaviorData()
        DEBUG: Printing duck_vol_map:
        DEBUG: Stream Type: OVERLAY
        DEBUG: Stream Type: SOLO
        DEBUG: Stream Type: SFX
        DEBUG: Stream Type: CALLOUT
        DEBUG: Stream Type: MUSIC
        DEBUG: Stream ID: 2147483737, Duck Volume: 0.850000
        DEBUG: Stream ID: 2147483735, Duck Volume: 0.850000
        DEBUG: Stream ID: 2147483733, Duck Volume: 0.850000
        DEBUG: Printing paused_status_map:
        DEBUG: Stream Type: OVERLAY
        DEBUG: Stream Type: SOLO
        DEBUG: Stream Type: SFX
        DEBUG: Stream Type: CALLOUT
        DEBUG: Stream Type: MUSIC
        DEBUG: END GSoundProcessor::printBehaviorData()
        DEBUG: END GSoundProcessor::processBehaviors()
        DEBUG: END GSoundProcessor::processStream()
        INFO: BEGIN GSoundProcessor::adjustStreamVolumes()
        DEBUG: BEGIN GSoundProcessor::findLowestDuckVolume()
            DEBUG: SFX duck_vol_map is empty()
        DEBUG: END GSoundProcessor::findLowestDuckVolume()
            DEBUG: SFX ducking volume: 1.00
        DEBUG: BEGIN: AltsoundProcessorBase::setVolume()
            INFO: Setting volume for stream 2147483733
            DEBUG: SAMPLE_VOL:0.43  GLOBAL_VOL:1.00  MASTER_VOL:1.00
            INFO: SUCCESS BASS_ChannelSetAttribute(BASS_ATTRIB_VOL)
        DEBUG: END: AltsoundProcessorBase::setVolume()
            DEBUG: SFX stream 2147483733 gain:  0.50  group_vol:  0.85 ducked_vol:  1.00
        DEBUG: BEGIN GSoundProcessor::findLowestDuckVolume()
            DEBUG: SFX duck_vol_map is empty()
        DEBUG: END GSoundProcessor::findLowestDuckVolume()
            DEBUG: SFX ducking volume: 1.00
        DEBUG: BEGIN: AltsoundProcessorBase::setVolume()
            INFO: Setting volume for stream 2147483735
            DEBUG: SAMPLE_VOL:0.34  GLOBAL_VOL:1.00  MASTER_VOL:1.00
            INFO: SUCCESS BASS_ChannelSetAttribute(BASS_ATTRIB_VOL)
        DEBUG: END: AltsoundProcessorBase::setVolume()
            DEBUG: SFX stream 2147483735 gain:  0.40  group_vol:  0.85 ducked_vol:  1.00
        DEBUG: BEGIN GSoundProcessor::findLowestDuckVolume()
            DEBUG: SFX duck_vol_map is empty()
        DEBUG: END GSoundProcessor::findLowestDuckVolume()
            DEBUG: SFX ducking volume: 1.00
        DEBUG: BEGIN: AltsoundProcessorBase::setVolume()
            INFO: Setting volume for stream 2147483737
            DEBUG: SAMPLE_VOL:0.43  GLOBAL_VOL:1.00  MASTER_VOL:1.00
            INFO: SUCCESS BASS_ChannelSetAttribute(BASS_ATTRIB_VOL)
        DEBUG: END: AltsoundProcessorBase::setVolume()
            DEBUG: SFX stream 2147483737 gain:  0.50  group_vol:  0.85 ducked_vol:  1.00
        DEBUG: BEGIN GSoundProcessor::findLowestDuckVolume()
            DEBUG: Min ducking value for MUSIC streams: 0.85
        DEBUG: END GSoundProcessor::findLowestDuckVolume()
            DEBUG: MUSIC ducking volume: 0.85
        DEBUG: BEGIN: AltsoundProcessorBase::setVolume()
            INFO: Setting volume for stream 2147483659
            DEBUG: SAMPLE_VOL:0.76  GLOBAL_VOL:1.00  MASTER_VOL:1.00
            INFO: SUCCESS BASS_ChannelSetAttribute(BASS_ATTRIB_VOL)
        DEBUG: END: AltsoundProcessorBase::setVolume()
            DEBUG: MUSIC stream 2147483659 gain:  0.90  group_vol:  1.00 ducked_vol:  0.85
            INFO: Num active streams: 4
        DEBUG: END GSoundProcessor::adjustStreamVolumes()
        INFO: Playing SFX stream: gnr_300/0x00b3-matt_mission.ogg
        DEBUG: HSTREAM(2147483737)  CH(02)  CMD(00B3)  SAMPLE(gnr_300/0x00b3-matt_mission.ogg)
            INFO: SUCCESS SFX stream playback
    DEBUG: END GSoundProcessor::handleCmd()
INFO: SUCCESS processor::handleCmd()
DEBUG: BEGIN altsound_postprocess_commands()
DEBUG: MAME_GEN: 0x0000000004000
DEBUG: END postprocess_commands()
DEBUG: END AltsoundProcessCommand()
DEBUG: 
DEBUG: 
BEGIN: GSoundProcessor::common_callback()
    INFO: HSYNC: 2147483734  HSTREAM: 2147483733
    DEBUG: Acquiring mutex
DEBUG: BEGIN: GSoundProcessor::postProcessBehaviors()
    DEBUG: Post-processing SFX behaviors on OVERLAY streams
    DEBUG: Post-processing SFX ducking impact on OVERLAY streams
    DEBUG: Post-processing SFX behaviors on SOLO streams
    DEBUG: Post-processing SFX ducking impact on SOLO streams
    DEBUG: Post-processing SFX behaviors on SFX streams
    DEBUG: Post-processing SFX ducking impact on SFX streams
    DEBUG: Post-processing SFX behaviors on CALLOUT streams
    DEBUG: Post-processing SFX ducking impact on CALLOUT streams
    DEBUG: Post-processing SFX behaviors on MUSIC streams
    DEBUG: Post-processing SFX ducking impact on MUSIC streams
    DEBUG: Erasing ducking impact from SFX stream: 2147483733
DEBUG: BEGIN GSoundProcessor::printBehaviorData()
DEBUG: Printing duck_vol_map:
DEBUG: Stream Type: OVERLAY
DEBUG: Stream Type: SOLO
DEBUG: Stream Type: SFX
DEBUG: Stream Type: CALLOUT
DEBUG: Stream Type: MUSIC
DEBUG: Stream ID: 2147483737, Duck Volume: 0.850000
DEBUG: Stream ID: 2147483735, Duck Volume: 0.850000
DEBUG: Printing paused_status_map:
DEBUG: Stream Type: OVERLAY
DEBUG: Stream Type: SOLO
DEBUG: Stream Type: SFX
DEBUG: Stream Type: CALLOUT
DEBUG: Stream Type: MUSIC
DEBUG: END GSoundProcessor::printBehaviorData()
DEBUG: END GSoundProcessor::postProcessBehaviors()
    INFO: BEGIN AltsoundProcessorBase::freeStream()
        INFO: Successfully free'd stream(2147483733)
    DEBUG: END AltsoundProcessorBase::freeStream()
INFO: BEGIN GSoundProcessor::adjustStreamVolumes()
DEBUG: BEGIN GSoundProcessor::findLowestDuckVolume()
    DEBUG: SFX duck_vol_map is empty()
DEBUG: END GSoundProcessor::findLowestDuckVolume()
    DEBUG: SFX ducking volume: 1.00
DEBUG: BEGIN: AltsoundProcessorBase::setVolume()
    INFO: Setting volume for stream 2147483735
    DEBUG: SAMPLE_VOL:0.34  GLOBAL_VOL:1.00  MASTER_VOL:1.00
    INFO: SUCCESS BASS_ChannelSetAttribute(BASS_ATTRIB_VOL)
DEBUG: END: AltsoundProcessorBase::setVolume()
    DEBUG: SFX stream 2147483735 gain:  0.40  group_vol:  0.85 ducked_vol:  1.00
DEBUG: BEGIN GSoundProcessor::findLowestDuckVolume()
    DEBUG: SFX duck_vol_map is empty()
DEBUG: END GSoundProcessor::findLowestDuckVolume()
    DEBUG: SFX ducking volume: 1.00
DEBUG: BEGIN: AltsoundProcessorBase::setVolume()
    INFO: Setting volume for stream 2147483737
    DEBUG: SAMPLE_VOL:0.43  GLOBAL_VOL:1.00  MASTER_VOL:1.00
    INFO: SUCCESS BASS_ChannelSetAttribute(BASS_ATTRIB_VOL)
DEBUG: END: AltsoundProcessorBase::setVolume()
    DEBUG: SFX stream 2147483737 gain:  0.50  group_vol:  0.85 ducked_vol:  1.00
DEBUG: BEGIN GSoundProcessor::findLowestDuckVolume()
    DEBUG: Min ducking value for MUSIC streams: 0.85
DEBUG: END GSoundProcessor::findLowestDuckVolume()
    DEBUG: MUSIC ducking volume: 0.85
DEBUG: BEGIN: AltsoundProcessorBase::setVolume()
    INFO: Setting volume for stream 2147483659
    DEBUG: SAMPLE_VOL:0.76  GLOBAL_VOL:1.00  MASTER_VOL:1.00
    INFO: SUCCESS BASS_ChannelSetAttribute(BASS_ATTRIB_VOL)
DEBUG: END: AltsoundProcessorBase::setVolume()
    DEBUG: MUSIC stream 2147483659 gain:  0.90  group_vol:  1.00 ducked_vol:  0.85
    INFO: Num active streams: 3
DEBUG: END GSoundProcessor::adjustStreamVolumes()
DEBUG: BEGIN GSoundProcessor::processPausedStreams()
DEBUG: BEGIN GSoundProcessor::tryResumeStream()
DEBUG: END GSoundProcessor::tryResumeStream()
DEBUG: BEGIN GSoundProcessor::tryResumeStream()
DEBUG: END GSoundProcessor::tryResumeStream()
DEBUG: BEGIN GSoundProcessor::tryResumeStream()
DEBUG: END GSoundProcessor::tryResumeStream()
DEBUG: END GSoundProcessor::processPausedStreams()
    INFO: SFX stream(2147483733) finished on ch(00)
DEBUG: END GSoundProcessor::common_callback()
DEBUG: BEGIN AltsoundProcessCommand()
DEBUG: Master Volume (Post Attenuation): 1.00
DEBUG: BEGIN altsound_preprocess_commands()
DEBUG: MAME_GEN: 0x0000000004000
DEBUG: Hardware Generation: DEDMD16, DEDMD32, DEDMD64, DE
DEBUG: END altsound_preprocess_commands()
DEBUG: Command complete. Processing...
    DEBUG: BEGIN GSoundProcessor::handleCmd()
        DEBUG: Acquiring mutex
        DEBUG: BEGIN GSoundProcessor::getSample()
        INFO: Found 1 sample(s) for ID: 007B
        INFO: Sample: gnr_300/0x007b-push_button.ogg
        DEBUG: END GSoundProcessor::getSample()
        DEBUG: BEGIN GSoundProcessor::processStream()
            DEBUG: BEGIN AltsoundProcessorBase::createStream()
                INFO: BEGIN: AltsoundProcessorBase::findFreeChannel()
                    INFO: Found free channel: 00
                DEBUG: END: AltsoundProcessorBase::findFreeChannel()
                INFO: Successfully created stream(2147483739) on channel(00)
            DEBUG: END: AltsoundProcessorBase::createStream()
        DEBUG: BEGIN: GSoundProcessor::processBehaviors()
            DEBUG: Processing SFX behaviors on OVERLAY streams
            DEBUG: Processing SFX behaviors on SOLO streams
            DEBUG: Processing SFX behaviors on SFX streams
            DEBUG: Processing SFX behaviors on CALLOUT streams
            DEBUG: Processing SFX behaviors on MUSIC streams
        DEBUG: BEGIN GSoundProcessor::printBehaviorData()
        DEBUG: Printing duck_vol_map:
        DEBUG: Stream Type: OVERLAY
        DEBUG: Stream Type: SOLO
        DEBUG: Stream Type: SFX
        DEBUG: Stream Type: CALLOUT
        DEBUG: Stream Type: MUSIC
        DEBUG: Stream ID: 2147483739, Duck Volume: 0.850000
        DEBUG: Stream ID: 2147483737, Duck Volume: 0.850000
        DEBUG: Stream ID: 2147483735, Duck Volume: 0.850000
        DEBUG: Printing paused_status_map:
        DEBUG: Stream Type: OVERLAY
        DEBUG: Stream Type: SOLO
        DEBUG: Stream Type: SFX
        DEBUG: Stream Type: CALLOUT
        DEBUG: Stream Type: MUSIC
        DEBUG: END GSoundProcessor::printBehaviorData()
        DEBUG: END GSoundProcessor::processBehaviors()
        DEBUG: END GSoundProcessor::processStream()
        INFO: BEGIN GSoundProcessor::adjustStreamVolumes()
        DEBUG: BEGIN GSoundProcessor::findLowestDuckVolume()
            DEBUG: SFX duck_vol_map is empty()
        DEBUG: END GSoundProcessor::findLowestDuckVolume()
            DEBUG: SFX ducking volume: 1.00
        DEBUG: BEGIN: AltsoundProcessorBase::setVolume()
            INFO: Setting volume for stream 2147483739
            DEBUG: SAMPLE_VOL:0.34  GLOBAL_VOL:1.00  MASTER_VOL:1.00
            INFO: SUCCESS BASS_ChannelSetAttribute(BASS_ATTRIB_VOL)
        DEBUG: END: AltsoundProcessorBase::setVolume()
            DEBUG: SFX stream 2147483739 gain:  0.40  group_vol:  0.85 ducked_vol:  1.00
        DEBUG: BEGIN GSoundProcessor::findLowestDuckVolume()
            DEBUG: SFX duck_vol_map is empty()
        DEBUG: END GSoundProcessor::findLowestDuckVolume()
            DEBUG: SFX ducking volume: 1.00
        DEBUG: BEGIN: AltsoundProcessorBase::setVolume()
            INFO: Setting volume for stream 2147483735
            DEBUG: SAMPLE_VOL:0.34  GLOBAL_VOL:1.00  MASTER_VOL:1.00
            INFO: SUCCESS BASS_ChannelSetAttribute(BASS_ATTRIB_VOL)
        DEBUG: END: AltsoundProcessorBase::setVolume()
            DEBUG: SFX stream 2147483735 gain:  0.40  group_vol:  0.85 ducked_vol:  1.00
        DEBUG: BEGIN GSoundProcessor::findLowestDuckVolume()
            DEBUG: SFX duck_vol_map is empty()
        DEBUG: END GSoundProcessor::findLowestDuckVolume()
            DEBUG: SFX ducking volume: 1.00
        DEBUG: BEGIN: AltsoundProcessorBase::setVolume()
            INFO: Setting volume for stream 2147483737
            DEBUG: SAMPLE_VOL:0.43  GLOBAL_VOL:1.00  MASTER_VOL:1.00
            INFO: SUCCESS BASS_ChannelSetAttribute(BASS_ATTRIB_VOL)
        DEBUG: END: AltsoundProcessorBase::setVolume()
            DEBUG: SFX stream 2147483737 gain:  0.50  group_vol:  0.85 ducked_vol:  1.00
        DEBUG: BEGIN GSoundProcessor::findLowestDuckVolume()
            DEBUG: Min ducking value for MUSIC streams: 0.85
        DEBUG: END GSoundProcessor::findLowestDuckVolume()
            DEBUG: MUSIC ducking volume: 0.85
        DEBUG: BEGIN: AltsoundProcessorBase::setVolume()
            INFO: Setting volume for stream 2147483659
            DEBUG: SAMPLE_VOL:0.76  GLOBAL_VOL:1.00  MASTER_VOL:1.00
            INFO: SUCCESS BASS_ChannelSetAttribute(BASS_ATTRIB_VOL)
        DEBUG: END: AltsoundProcessorBase::setVolume()
            DEBUG: MUSIC stream 2147483659 gain:  0.90  group_vol:  1.00 ducked_vol:  0.85
            INFO: Num active streams: 4
        DEBUG: END GSoundProcessor::adjustStreamVolumes()
        INFO: Playing SFX stream: gnr_300/0x007b-push_button.ogg
        DEBUG: HSTREAM(2147483739)  CH(00)  CMD(007B)  SAMPLE(gnr_300/0x007b-push_button.ogg)
            INFO: SUCCESS SFX stream playback
    DEBUG: END GSoundProcessor::handleCmd()
INFO: SUCCESS processor::handleCmd()
DEBUG: BEGIN altsound_postprocess_commands()
DEBUG: MAME_GEN: 0x0000000004000
DEBUG: END postprocess_commands()
DEBUG: END AltsoundProcessCommand()
DEBUG: 
DEBUG: BEGIN AltsoundProcessCommand()
DEBUG: Master Volume (Post Attenuation): 1.00
DEBUG: BEGIN altsound_preprocess_commands()
DEBUG: MAME_GEN: 0x0000000004000
DEBUG: Hardware Generation: DEDMD16, DEDMD32, DEDMD64, DE
DEBUG: END altsound_preprocess_commands()
DEBUG: Command complete. Processing...
    DEBUG: BEGIN GSoundProcessor::handleCmd()
        DEBUG: Acquiring mutex
        DEBUG: BEGIN GSoundProcessor::getSample()
        INFO: Found 1 sample(s) for ID: 00B1
        INFO: Sample: gnr_300/0x00b1-matt_mission.ogg
        DEBUG: END GSoundProcessor::getSample()
        DEBUG: BEGIN GSoundProcessor::processStream()
            DEBUG: BEGIN AltsoundProcessorBase::createStream()
                INFO: BEGIN: AltsoundProcessorBase::findFreeChannel()
                    INFO: Found free channel: 04
                DEBUG: END: AltsoundProcessorBase::findFreeChannel()
                INFO: Successfully created stream(2147483741) on channel(04)
            DEBUG: END: AltsoundProcessorBase::createStream()
        DEBUG: BEGIN: GSoundProcessor::processBehaviors()
            DEBUG: Processing SFX behaviors on OVERLAY streams
            DEBUG: Processing SFX behaviors on SOLO streams
            DEBUG: Processing SFX behaviors on SFX streams
            DEBUG: Processing SFX behaviors on CALLOUT streams
            DEBUG: Processing SFX behaviors on MUSIC streams
        DEBUG: BEGIN GSoundProcessor::printBehaviorData()
        DEBUG: Printing duck_vol_map:
        DEBUG: Stream Type: OVERLAY
        DEBUG: Stream Type: SOLO
        DEBUG: Stream Type: SFX
        DEBUG: Stream Type: CALLOUT
        DEBUG: Stream Type: MUSIC
        DEBUG: Stream ID: 2147483741, Duck Volume: 0.850000
        DEBUG: Stream ID: 2147483739, Duck Volume: 0.850000
        DEBUG: Stream ID: 2147483737, Duck Volume: 0.850000
        DEBUG: Stream ID: 2147483735, Duck Volume: 0.850000
        DEBUG: Printing paused_status_map:
        DEBUG: Stream Type: OVERLAY
        DEBUG: Stream Type: SOLO
        DEBUG: Stream Type: SFX
        DEBUG: Stream Type: CALLOUT
        DEBUG: Stream Type: MUSIC
        DEBUG: END GSoundProcessor::printBehaviorData()
        DEBUG: END GSoundProcessor::processBehaviors()
        DEBUG: END GSoundProcessor::processStream()
        INFO: BEGIN GSoundProcessor::adjustStreamVolumes()
        DEBUG: BEGIN GSoundProcessor::findLowestDuckVolume()
            DEBUG: SFX duck_vol_map is empty()
        DEBUG: END GSoundProcessor::findLowestDuckVolume()
            DEBUG: SFX ducking volume: 1.00
        DEBUG: BEGIN: AltsoundProcessorBase::setVolume()
            INFO: Setting volume for stream 2147483739
            DEBUG: SAMPLE_VOL:0.34  GLOBAL_VOL:1.00  MASTER_VOL:1.00
            INFO: SUCCESS BASS_ChannelSetAttribute(BASS_ATTRIB_VOL)
        DEBUG: END: AltsoundProcessorBase::setVolume()
            DEBUG: SFX stream 2147483739 gain:  0.40  group_vol:  0.85 ducked_vol:  1.00
        DEBUG: BEGIN GSoundProcessor::findLowestDuckVolume()
            DEBUG: SFX duck_vol_map is empty()
        DEBUG: END GSoundProcessor::findLowestDuckVolume()
            DEBUG: SFX ducking volume: 1.00
        DEBUG: BEGIN: AltsoundProcessorBase::setVolume()
            INFO: Setting volume for stream 2147483735
            DEBUG: SAMPLE_VOL:0.34  GLOBAL_VOL:1.00  MASTER_VOL:1.00
            INFO: SUCCESS BASS_ChannelSetAttribute(BASS_ATTRIB_VOL)
        DEBUG: END: AltsoundProcessorBase::setVolume()
            DEBUG: SFX stream 2147483735 gain:  0.40  group_vol:  0.85 ducked_vol:  1.00
        DEBUG: BEGIN GSoundProcessor::findLowestDuckVolume()
            DEBUG: SFX duck_vol_map is empty()
        DEBUG: END GSoundProcessor::findLowestDuckVolume()
            DEBUG: SFX ducking volume: 1.00
        DEBUG: BEGIN: AltsoundProcessorBase::setVolume()
            INFO: Setting volume for stream 2147483737
            DEBUG: SAMPLE_VOL:0.43  GLOBAL_VOL:1.00  MASTER_VOL:1.00
            INFO: SUCCESS BASS_ChannelSetAttribute(BASS_ATTRIB_VOL)
        DEBUG: END: AltsoundProcessorBase::setVolume()
            DEBUG: SFX stream 2147483737 gain:  0.50  group_vol:  0.85 ducked_vol:  1.00
        DEBUG: BEGIN GSoundProcessor::findLowestDuckVolume()
            DEBUG: Min ducking value for MUSIC streams: 0.85
        DEBUG: END GSoundProcessor::findLowestDuckVolume()
            DEBUG: MUSIC ducking volume: 0.85
        DEBUG: BEGIN: AltsoundProcessorBase::setVolume()
            INFO: Setting volume for stream 2147483659
            DEBUG: SAMPLE_VOL:0.76  GLOBAL_VOL:1.00  MASTER_VOL:1.00
            INFO: SUCCESS BASS_ChannelSetAttribute(BASS_ATTRIB_VOL)
        DEBUG: END: AltsoundProcessorBase::setVolume()
            DEBUG: MUSIC stream 2147483659 gain:  0.90  group_vol:  1.00 ducked_vol:  0.85
        DEBUG: BEGIN GSoundProcessor::findLowestDuckVolume()
            DEBUG: SFX duck_vol_map is empty()
        DEBUG: END GSoundProcessor::findLowestDuckVolume()
            DEBUG: SFX ducking volume: 1.00
        DEBUG: BEGIN: AltsoundProcessorBase::setVolume()
            INFO: Setting volume for stream 2147483741
            DEBUG: SAMPLE_VOL:0.43  GLOBAL_VOL:1.00  MASTER_VOL:1.00
            INFO: SUCCESS BASS_ChannelSetAttribute(BASS_ATTRIB_VOL)
        DEBUG: END: AltsoundProcessorBase::setVolume()
            DEBUG: SFX stream 2147483741 gain:  0.50  group_vol:  0.85 ducked_vol:  1.00
            INFO: Num active streams: 5
        DEBUG: END GSoundProcessor::adjustStreamVolumes()
        INFO: Playing SFX stream: gnr_300/0x00b1-matt_mission.ogg
        DEBUG: HSTREAM(2147483741)  CH(04)  CMD(00B1)  SAMPLE(gnr_300/0x00b1-matt_mission.ogg)
            INFO: SUCCESS SFX stream playback
    DEBUG: END GSoundProcessor::handleCmd()
INFO: SUCCESS processor::handleCmd()
DEBUG: BEGIN altsound_postprocess_commands()
DEBUG: MAME_GEN: 0x0000000004000
DEBUG: END postprocess_commands()
DEBUG: END AltsoundProcessCommand()
DEBUG: 
DEBUG: BEGIN AltsoundProcessCommand()
DEBUG: Master Volume (Post Attenuation): 1.00
DEBUG: BEGIN altsound_preprocess_commands()
DEBUG: MAME_GEN: 0x0000000004000
DEBUG: Hardware Generation: DEDMD16, DEDMD32, DEDMD64, DE
DEBUG: END altsound_preprocess_commands()
DEBUG: Command complete. Processing...
    DEBUG: BEGIN GSoundProcessor::handleCmd()
        DEBUG: Acquiring mutex
        DEBUG: BEGIN GSoundProcessor::getSample()
        INFO: Found 1 sample(s) for ID: 00B2
        INFO: Sample: gnr_300/0x00b2-matt_mission.ogg
        DEBUG: END GSoundProcessor::getSample()
        DEBUG: BEGIN GSoundProcessor::processStream()
            DEBUG: BEGIN AltsoundProcessorBase::createStream()
                INFO: BEGIN: AltsoundProcessorBase::findFreeChannel()
                    INFO: Found free channel: 05
                DEBUG: END: AltsoundProcessorBase::findFreeChannel()
                INFO: Successfully created stream(2147483743) on channel(05)
            DEBUG: END: AltsoundProcessorBase::createStream()
        DEBUG: BEGIN: GSoundProcessor::processBehaviors()
            DEBUG: Processing SFX behaviors on OVERLAY streams
            DEBUG: Processing SFX behaviors on SOLO streams
            DEBUG: Processing SFX behaviors on SFX streams
            DEBUG: Processing SFX behaviors on CALLOUT streams
            DEBUG: Processing SFX behaviors on MUSIC streams
        DEBUG: BEGIN GSoundProcessor::printBehaviorData()
        DEBUG: Printing duck_vol_map:
        DEBUG: Stream Type: OVERLAY
        DEBUG: Stream Type: SOLO
        DEBUG: Stream Type: SFX
        DEBUG: Stream Type: CALLOUT
        DEBUG: Stream Type: MUSIC
        DEBUG: Stream ID: 2147483743, Duck Volume: 0.850000
        DEBUG: Stream ID: 2147483741, Duck Volume: 0.850000
        DEBUG: Stream ID: 2147483739, Duck Volume: 0.850000
        DEBUG: Stream ID: 2147483737, Duck Volume: 0.850000
        DEBUG: Stream ID: 2147483735, Duck Volume: 0.850000
        DEBUG: Printing paused_status_map:
        DEBUG: Stream Type: OVERLAY
        DEBUG: Stream Type: SOLO
        DEBUG: Stream Type: SFX
        DEBUG: Stream Type: CALLOUT
        DEBUG: Stream Type: MUSIC
        DEBUG: END GSoundProcessor::printBehaviorData()
        DEBUG: END GSoundProcessor::processBehaviors()
        DEBUG: END GSoundProcessor::processStream()
        INFO: BEGIN GSoundProcessor::adjustStreamVolumes()
        DEBUG: BEGIN GSoundProcessor::findLowestDuckVolume()
            DEBUG: SFX duck_vol_map is empty()
        DEBUG: END GSoundProcessor::findLowestDuckVolume()
            DEBUG: SFX ducking volume: 1.00
        DEBUG: BEGIN: AltsoundProcessorBase::setVolume()
            INFO: Setting volume for stream 2147483739
            DEBUG: SAMPLE_VOL:0.34  GLOBAL_VOL:1.00  MASTER_VOL:1.00
            INFO: SUCCESS BASS_ChannelSetAttribute(BASS_ATTRIB_VOL)
        DEBUG: END: AltsoundProcessorBase::setVolume()
            DEBUG: SFX stream 2147483739 gain:  0.40  group_vol:  0.85 ducked_vol:  1.00
        DEBUG: BEGIN GSoundProcessor::findLowestDuckVolume()
            DEBUG: SFX duck_vol_map is empty()
        DEBUG: END GSoundProcessor::findLowestDuckVolume()
            DEBUG: SFX ducking volume: 1.00
        DEBUG: BEGIN: AltsoundProcessorBase::setVolume()
            INFO: Setting volume for stream 2147483735
            DEBUG: SAMPLE_VOL:0.34  GLOBAL_VOL:1.00  MASTER_VOL:1.00
            INFO: SUCCESS BASS_ChannelSetAttribute(BASS_ATTRIB_VOL)
        DEBUG: END: AltsoundProcessorBase::setVolume()
            DEBUG: SFX stream 2147483735 gain:  0.40  group_vol:  0.85 ducked_vol:  1.00
        DEBUG: BEGIN GSoundProcessor::findLowestDuckVolume()
            DEBUG: SFX duck_vol_map is empty()
        DEBUG: END GSoundProcessor::findLowestDuckVolume()
            DEBUG: SFX ducking volume: 1.00
        DEBUG: BEGIN: AltsoundProcessorBase::setVolume()
            INFO: Setting volume for stream 2147483737
            DEBUG: SAMPLE_VOL:0.43  GLOBAL_VOL:1.00  MASTER_VOL:1.00
            INFO: SUCCESS BASS_ChannelSetAttribute(BASS_ATTRIB_VOL)
        DEBUG: END: AltsoundProcessorBase::setVolume()
            DEBUG: SFX stream 2147483737 gain:  0.50  group_vol:  0.85 ducked_vol:  1.00
        DEBUG: BEGIN GSoundProcessor::findLowestDuckVolume()
            DEBUG: Min ducking value for MUSIC streams: 0.85
        DEBUG: END GSoundProcessor::findLowestDuckVolume()
            DEBUG: MUSIC ducking volume: 0.85
        DEBUG: BEGIN: AltsoundProcessorBase::setVolume()
            INFO: Setting volume for stream 2147483659
            DEBUG: SAMPLE_VOL:0.76  GLOBAL_VOL:1.00  MASTER_VOL:1.00
            INFO: SUCCESS BASS_ChannelSetAttribute(BASS_ATTRIB_VOL)
        DEBUG: END: AltsoundProcessorBase::setVolume()
            DEBUG: MUSIC stream 2147483659 gain:  0.90  group_vol:  1.00 ducked_vol:  0.85
        DEBUG: BEGIN GSoundProcessor::findLowestDuckVolume()
            DEBUG: SFX duck_vol_map is empty()
        DEBUG: END GSoundProcessor::findLowestDuckVolume()
            DEBUG: SFX ducking volume: 1.00
        DEBUG: BEGIN: AltsoundProcessorBase::setVolume()
            INFO: Setting volume for stream 2147483741
            DEBUG: SAMPLE_VOL:0.43  GLOBAL_VOL:1.00  MASTER_VOL:1.00
            INFO: SUCCESS BASS_ChannelSetAttribute(BASS_ATTRIB_VOL)
        DEBUG: END: AltsoundProcessorBase::setVolume()
            DEBUG: SFX stream 2147483741 gain:  0.50  group_vol:  0.85 ducked_vol:  1.00
        DEBUG: BEGIN GSoundProcessor::findLowestDuckVolume()
            DEBUG: SFX duck_vol_map is empty()
        DEBUG: END GSoundProcessor::findLowestDuckVolume()
            DEBUG: SFX ducking volume: 1.00
        DEBUG: BEGIN: AltsoundProcessorBase::setVolume()
            INFO: Setting volume for stream 2147483743
            DEBUG: SAMPLE_VOL:0.43  GLOBAL_VOL:1.00  MASTER_VOL:1.00
            INFO: SUCCESS BASS_ChannelSetAttribute(BASS_ATTRIB_VOL)
        DEBUG: END: AltsoundProcessorBase::setVolume()
            DEBUG: SFX stream 2147483743 gain:  0.50  group_vol:  0.85 ducked_vol:  1.00
            INFO: Num active streams: 6
        DEBUG: END GSoundProcessor::adjustStreamVolumes()
        INFO: Playing SFX stream: gnr_300/0x00b2-matt_mission.ogg
        DEBUG: HSTREAM(2147483743)  CH(05)  CMD(00B2)  SAMPLE(gnr_300/0x00b2-matt_mission.ogg)
            INFO: SUCCESS SFX stream playback
    DEBUG: END GSoundProcessor::handleCmd()
INFO: SUCCESS processor::handleCmd()
DEBUG: BEGIN altsound_postprocess_commands()
DEBUG: MAME_GEN: 0x0000000004000
DEBUG: END postprocess_commands()
DEBUG: END AltsoundProcessCommand()
DEBUG: 
DEBUG: BEGIN AltsoundProcessCommand()
DEBUG: Master Volume (Post Attenuation): 1.00
DEBUG: BEGIN altsound_preprocess_commands()
DEBUG: MAME_GEN: 0x0000000004000
DEBUG: Hardware Generation: DEDMD16, DEDMD32, DEDMD64, DE
DEBUG: END altsound_preprocess_commands()
DEBUG: Command complete. Processing...
    DEBUG: BEGIN GSoundProcessor::handleCmd()
        DEBUG: Acquiring mutex
        DEBUG: BEGIN GSoundProcessor::getSample()
        INFO: Found 1 sample(s) for ID: 0055
        INFO: Sample: gnr_300/0x0055-jam.ogg
        DEBUG: END GSoundProcessor::getSample()
        DEBUG: BEGIN GSoundProcessor::processStream()
            DEBUG: BEGIN AltsoundProcessorBase::createStream()
                INFO: BEGIN: AltsoundProcessorBase::findFreeChannel()
                    INFO: Found free channel: 06
                DEBUG: END: AltsoundProcessorBase::findFreeChannel()
                INFO: Successfully created stream(2147483745) on channel(06)
            DEBUG: END: AltsoundProcessorBase::createStream()
        DEBUG: BEGIN: GSoundProcessor::processBehaviors()
            DEBUG: Processing SFX behaviors on OVERLAY streams
            DEBUG: Processing SFX behaviors on SOLO streams
            DEBUG: Processing SFX behaviors on SFX streams
            DEBUG: Processing SFX behaviors on CALLOUT streams
            DEBUG: Processing SFX behaviors on MUSIC streams
        DEBUG: BEGIN GSoundProcessor::printBehaviorData()
        DEBUG: Printing duck_vol_map:
        DEBUG: Stream Type: OVERLAY
        DEBUG: Stream Type: SOLO
        DEBUG: Stream Type: SFX
        DEBUG: Stream Type: CALLOUT
        DEBUG: Stream Type: MUSIC
        DEBUG: Stream ID: 2147483745, Duck Volume: 0.850000
        DEBUG: Stream ID: 2147483743, Duck Volume: 0.850000
        DEBUG: Stream ID: 2147483741, Duck Volume: 0.850000
        DEBUG: Stream ID: 2147483739, Duck Volume: 0.850000
        DEBUG: Stream ID: 2147483737, Duck Volume: 0.850000
        DEBUG: Stream ID: 2147483735, Duck Volume: 0.850000
        DEBUG: Printing paused_status_map:
        DEBUG: Stream Type: OVERLAY
        DEBUG: Stream Type: SOLO
        DEBUG: Stream Type: SFX
        DEBUG: Stream Type: CALLOUT
        DEBUG: Stream Type: MUSIC
        DEBUG: END GSoundProcessor::printBehaviorData()
        DEBUG: END GSoundProcessor::processBehaviors()
        DEBUG: END GSoundProcessor::processStream()
        INFO: BEGIN GSoundProcessor::adjustStreamVolumes()
        DEBUG: BEGIN GSoundProcessor::findLowestDuckVolume()
            DEBUG: SFX duck_vol_map is empty()
        DEBUG: END GSoundProcessor::findLowestDuckVolume()
            DEBUG: SFX ducking volume: 1.00
        DEBUG: BEGIN: AltsoundProcessorBase::setVolume()
            INFO: Setting volume for stream 2147483739
            DEBUG: SAMPLE_VOL:0.34  GLOBAL_VOL:1.00  MASTER_VOL:1.00
            INFO: SUCCESS BASS_ChannelSetAttribute(BASS_ATTRIB_VOL)
        DEBUG: END: AltsoundProcessorBase::setVolume()
            DEBUG: SFX stream 2147483739 gain:  0.40  group_vol:  0.85 ducked_vol:  1.00
        DEBUG: BEGIN GSoundProcessor::findLowestDuckVolume()
            DEBUG: SFX duck_vol_map is empty()
        DEBUG: END GSoundProcessor::findLowestDuckVolume()
            DEBUG: SFX ducking volume: 1.00
        DEBUG: BEGIN: AltsoundProcessorBase::setVolume()
            INFO: Setting volume for stream 2147483735
            DEBUG: SAMPLE_VOL:0.34  GLOBAL_VOL:1.00  MASTER_VOL:1.00
            INFO: SUCCESS BASS_ChannelSetAttribute(BASS_ATTRIB_VOL)
        DEBUG: END: AltsoundProcessorBase::setVolume()
            DEBUG: SFX stream 2147483735 gain:  0.40  group_vol:  0.85 ducked_vol:  1.00
        DEBUG: BEGIN GSoundProcessor::findLowestDuckVolume()
            DEBUG: SFX duck_vol_map is empty()
        DEBUG: END GSoundProcessor::findLowestDuckVolume()
            DEBUG: SFX ducking volume: 1.00
        DEBUG: BEGIN: AltsoundProcessorBase::setVolume()
            INFO: Setting volume for stream 2147483737
            DEBUG: SAMPLE_VOL:0.43  GLOBAL_VOL:1.00  MASTER_VOL:1.00
            INFO: SUCCESS BASS_ChannelSetAttribute(BASS_ATTRIB_VOL)
        DEBUG: END: AltsoundProcessorBase::setVolume()
            DEBUG: SFX stream 2147483737 gain:  0.50  group_vol:  0.85 ducked_vol:  1.00
        DEBUG: BEGIN GSoundProcessor::findLowestDuckVolume()
            DEBUG: Min ducking value for MUSIC streams: 0.85
        DEBUG: END GSoundProcessor::findLowestDuckVolume()
            DEBUG: MUSIC ducking volume: 0.85
        DEBUG: BEGIN: AltsoundProcessorBase::setVolume()
            INFO: Setting volume for stream 2147483659
            DEBUG: SAMPLE_VOL:0.76  GLOBAL_VOL:1.00  MASTER_VOL:1.00
            INFO: SUCCESS BASS_ChannelSetAttribute(BASS_ATTRIB_VOL)
        DEBUG: END: AltsoundProcessorBase::setVolume()
            DEBUG: MUSIC stream 2147483659 gain:  0.90  group_vol:  1.00 ducked_vol:  0.85
        DEBUG: BEGIN GSoundProcessor::findLowestDuckVolume()
            DEBUG: SFX duck_vol_map is empty()
        DEBUG: END GSoundProcessor::findLowestDuckVolume()
            DEBUG: SFX ducking volume: 1.00
        DEBUG: BEGIN: AltsoundProcessorBase::setVolume()
            INFO: Setting volume for stream 2147483741
            DEBUG: SAMPLE_VOL:0.43  GLOBAL_VOL:1.00  MASTER_VOL:1.00
            INFO: SUCCESS BASS_ChannelSetAttribute(BASS_ATTRIB_VOL)
        DEBUG: END: AltsoundProcessorBase::setVolume()
            DEBUG: SFX stream 2147483741 gain:  0.50  group_vol:  0.85 ducked_vol:  1.00
        DEBUG: BEGIN GSoundProcessor::findLowestDuckVolume()
            DEBUG: SFX duck_vol_map is empty()
        DEBUG: END GSoundProcessor::findLowestDuckVolume()
            DEBUG: SFX ducking volume: 1.00
        DEBUG: BEGIN: AltsoundProcessorBase::setVolume()
            INFO: Setting volume for stream 2147483743
            DEBUG: SAMPLE_VOL:0.43  GLOBAL_VOL:1.00  MASTER_VOL:1.00
            INFO: SUCCESS BASS_ChannelSetAttribute(BASS_ATTRIB_VOL)
        DEBUG: END: AltsoundProcessorBase::setVolume()
            DEBUG: SFX stream 2147483743 gain:  0.50  group_vol:  0.85 ducked_vol:  1.00
        DEBUG: BEGIN GSoundProcessor::findLowestDuckVolume()
            DEBUG: SFX duck_vol_map is empty()
        DEBUG: END GSoundProcessor::findLowestDuckVolume()
            DEBUG: SFX ducking volume: 1.00
        DEBUG: BEGIN: AltsoundProcessorBase::setVolume()
            INFO: Setting volume for stream 2147483745
            DEBUG: SAMPLE_VOL:0.55  GLOBAL_VOL:1.00  MASTER_VOL:1.00
            INFO: SUCCESS BASS_ChannelSetAttribute(BASS_ATTRIB_VOL)
        DEBUG: END: AltsoundProcessorBase::setVolume()
            DEBUG: SFX stream 2147483745 gain:  0.65  group_vol:  0.85 ducked_vol:  1.00
            INFO: Num active streams: 7
        DEBUG: END GSoundProcessor::adjustStreamVolumes()
        INFO: Playing SFX stream: gnr_300/0x0055-jam.ogg
        DEBUG: HSTREAM(2147483745)  CH(06)  CMD(0055)  SAMPLE(gnr_300/0x0055-jam.ogg)
            INFO: SUCCESS SFX stream playback
    DEBUG: END GSoundProcessor::handleCmd()
INFO: SUCCESS processor::handleCmd()
DEBUG: BEGIN altsound_postprocess_commands()
DEBUG: MAME_GEN: 0x0000000004000
DEBUG: END postprocess_commands()
DEBUG: END AltsoundProcessCommand()
DEBUG: 
DEBUG: BEGIN AltsoundProcessCommand()
DEBUG: Master Volume (Post Attenuation): 1.00
DEBUG: BEGIN altsound_preprocess_commands()
DEBUG: MAME_GEN: 0x0000000004000
DEBUG: Hardware Generation: DEDMD16, DEDMD32, DEDMD64, DE
DEBUG: END altsound_preprocess_commands()
DEBUG: Command complete. Processing...
    DEBUG: BEGIN GSoundProcessor::handleCmd()
        DEBUG: Acquiring mutex
        DEBUG: BEGIN GSoundProcessor::getSample()
        INFO: Found 1 sample(s) for ID: 00B3
        INFO: Sample: gnr_300/0x00b3-matt_mission.ogg
        DEBUG: END GSoundProcessor::getSample()
        DEBUG: BEGIN GSoundProcessor::processStream()
            DEBUG: BEGIN AltsoundProcessorBase::createStream()
                INFO: BEGIN: AltsoundProcessorBase::findFreeChannel()
                    INFO: Found free channel: 07
                DEBUG: END: AltsoundProcessorBase::findFreeChannel()
                INFO: Successfully created stream(2147483747) on channel(07)
            DEBUG: END: AltsoundProcessorBase::createStream()
        DEBUG: BEGIN: GSoundProcessor::processBehaviors()
            DEBUG: Processing SFX behaviors on OVERLAY streams
            DEBUG: Processing SFX behaviors on SOLO streams
            DEBUG: Processing SFX behaviors on SFX streams
            DEBUG: Processing SFX behaviors on CALLOUT streams
            DEBUG: Processing SFX behaviors on MUSIC streams
        DEBUG: BEGIN GSoundProcessor::printBehaviorData()
        DEBUG: Printing duck_vol_map:
        DEBUG: Stream Type: OVERLAY
        DEBUG: Stream Type: SOLO
        DEBUG: Stream Type: SFX
        DEBUG: Stream Type: CALLOUT
        DEBUG: Stream Type: MUSIC
        DEBUG: Stream ID: 2147483747, Duck Volume: 0.850000
        DEBUG: Stream ID: 2147483745, Duck Volume: 0.850000
        DEBUG: Stream ID: 2147483743, Duck Volume: 0.850000
        DEBUG: Stream ID: 2147483741, Duck Volume: 0.850000
        DEBUG: Stream ID: 2147483739, Duck Volume: 0.850000
        DEBUG: Stream ID: 2147483737, Duck Volume: 0.850000
        DEBUG: Stream ID: 2147483735, Duck Volume: 0.850000
        DEBUG: Printing paused_status_map:
        DEBUG: Stream Type: OVERLAY
        DEBUG: Stream Type: SOLO
        DEBUG: Stream Type: SFX
        DEBUG: Stream Type: CALLOUT
        DEBUG: Stream Type: MUSIC
        DEBUG: END GSoundProcessor::printBehaviorData()
        DEBUG: END GSoundProcessor::processBehaviors()
        DEBUG: END GSoundProcessor::processStream()
        INFO: BEGIN GSoundProcessor::adjustStreamVolumes()
        DEBUG: BEGIN GSoundProcessor::findLowestDuckVolume()
            DEBUG: SFX duck_vol_map is empty()
        DEBUG: END GSoundProcessor::findLowestDuckVolume()
            DEBUG: SFX ducking volume: 1.00
        DEBUG: BEGIN: AltsoundProcessorBase::setVolume()
            INFO: Setting volume for stream 2147483739
            DEBUG: SAMPLE_VOL:0.34  GLOBAL_VOL:1.00  MASTER_VOL:1.00
            INFO: SUCCESS BASS_ChannelSetAttribute(BASS_ATTRIB_VOL)
        DEBUG: END: AltsoundProcessorBase::setVolume()
            DEBUG: SFX stream 2147483739 gain:  0.40  group_vol:  0.85 ducked_vol:  1.00
        DEBUG: BEGIN GSoundProcessor::findLowestDuckVolume()
            DEBUG: SFX duck_vol_map is empty()
        DEBUG: END GSoundProcessor::findLowestDuckVolume()
            DEBUG: SFX ducking volume: 1.00
        DEBUG: BEGIN: AltsoundProcessorBase::setVolume()
            INFO: Setting volume for stream 2147483735
            DEBUG: SAMPLE_VOL:0.34  GLOBAL_VOL:1.00  MASTER_VOL:1.00
            INFO: SUCCESS BASS_ChannelSetAttribute(BASS_ATTRIB_VOL)
        DEBUG: END: AltsoundProcessorBase::setVolume()
            DEBUG: SFX stream 2147483735 gain:  0.40  group_vol:  0.85 ducked_vol:  1.00
        DEBUG: BEGIN GSoundProcessor::findLowestDuckVolume()
            DEBUG: SFX duck_vol_map is empty()
        DEBUG: END GSoundProcessor::findLowestDuckVolume()
            DEBUG: SFX ducking volume: 1.00
        DEBUG: BEGIN: AltsoundProcessorBase::setVolume()
            INFO: Setting volume for stream 2147483737
            DEBUG: SAMPLE_VOL:0.43  GLOBAL_VOL:1.00  MASTER_VOL:1.00
            INFO: SUCCESS BASS_ChannelSetAttribute(BASS_ATTRIB_VOL)
        DEBUG: END: AltsoundProcessorBase::setVolume()
            DEBUG: SFX stream 2147483737 gain:  0.50  group_vol:  0.85 ducked_vol:  1.00
        DEBUG: BEGIN GSoundProcessor::findLowestDuckVolume()
            DEBUG: Min ducking value for MUSIC streams: 0.85
        DEBUG: END GSoundProcessor::findLowestDuckVolume()
            DEBUG: MUSIC ducking volume: 0.85
        DEBUG: BEGIN: AltsoundProcessorBase::setVolume()
            INFO: Setting volume for stream 2147483659
            DEBUG: SAMPLE_VOL:0.76  GLOBAL_VOL:1.00  MASTER_VOL:1.00
            INFO: SUCCESS BASS_ChannelSetAttribute(BASS_ATTRIB_VOL)
        DEBUG: END: AltsoundProcessorBase::setVolume()
            DEBUG: MUSIC stream 2147483659 gain:  0.90  group_vol:  1.00 ducked_vol:  0.85
        DEBUG: BEGIN GSoundProcessor::findLowestDuckVolume()
            DEBUG: SFX duck_vol_map is empty()
        DEBUG: END GSoundProcessor::findLowestDuckVolume()
            DEBUG: SFX ducking volume: 1.00
        DEBUG: BEGIN: AltsoundProcessorBase::setVolume()
            INFO: Setting volume for stream 2147483741
            DEBUG: SAMPLE_VOL:0.43  GLOBAL_VOL:1.00  MASTER_VOL:1.00
            INFO: SUCCESS BASS_ChannelSetAttribute(BASS_ATTRIB_VOL)
        DEBUG: END: AltsoundProcessorBase::setVolume()
            DEBUG: SFX stream 2147483741 gain:  0.50  group_vol:  0.85 ducked_vol:  1.00
        DEBUG: BEGIN GSoundProcessor::findLowestDuckVolume()
            DEBUG: SFX duck_vol_map is empty()
        DEBUG: END GSoundProcessor::findLowestDuckVolume()
            DEBUG: SFX ducking volume: 1.00
        DEBUG: BEGIN: AltsoundProcessorBase::setVolume()
            INFO: Setting volume for stream 2147483743
            DEBUG: SAMPLE_VOL:0.43  GLOBAL_VOL:1.00  MASTER_VOL:1.00
            INFO: SUCCESS BASS_ChannelSetAttribute(BASS_ATTRIB_VOL)
        DEBUG: END: AltsoundProcessorBase::setVolume()
            DEBUG: SFX stream 2147483743 gain:  0.50  group_vol:  0.85 ducked_vol:  1.00
        DEBUG: BEGIN GSoundProcessor::findLowestDuckVolume()
            DEBUG: SFX duck_vol_map is empty()
        DEBUG: END GSoundProcessor::findLowestDuckVolume()
            DEBUG: SFX ducking volume: 1.00
        DEBUG: BEGIN: AltsoundProcessorBase::setVolume()
            INFO: Setting volume for stream 2147483745
            DEBUG: SAMPLE_VOL:0.55  GLOBAL_VOL:1.00  MASTER_VOL:1.00
            INFO: SUCCESS BASS_ChannelSetAttribute(BASS_ATTRIB_VOL)
        DEBUG: END: AltsoundProcessorBase::setVolume()
            DEBUG: SFX stream 2147483745 gain:  0.65  group_vol:  0.85 ducked_vol:  1.00
        DEBUG: BEGIN GSoundProcessor::findLowestDuckVolume()
            DEBUG: SFX duck_vol_map is empty()
        DEBUG: END GSoundProcessor::findLowestDuckVolume()
            DEBUG: SFX ducking volume: 1.00
        DEBUG: BEGIN: AltsoundProcessorBase::setVolume()
            INFO: Setting volume for stream 2147483747
            DEBUG: SAMPLE_VOL:0.43  GLOBAL_VOL:1.00  MASTER_VOL:1.00
            INFO: SUCCESS BASS_ChannelSetAttribute(BASS_ATTRIB_VOL)
        DEBUG: END: AltsoundProcessorBase::setVolume()
            DEBUG: SFX stream 2147483747 gain:  0.50  group_vol:  0.85 ducked_vol:  1.00
            INFO: Num active streams: 8
        DEBUG: END GSoundProcessor::adjustStreamVolumes()
        INFO: Playing SFX stream: gnr_300/0x00b3-matt_mission.ogg
        DEBUG: HSTREAM(2147483747)  CH(07)  CMD(00B3)  SAMPLE(gnr_300/0x00b3-matt_mission.ogg)
            INFO: SUCCESS SFX stream playback
    DEBUG: END GSoundProcessor::handleCmd()
INFO: SUCCESS processor::handleCmd()
DEBUG: BEGIN altsound_postprocess_commands()
DEBUG: MAME_GEN: 0x0000000004000
DEBUG: END postprocess_commands()
DEBUG: END AltsoundProcessCommand()
DEBUG: 
DEBUG: BEGIN AltsoundProcessCommand()
DEBUG: Master Volume (Post Attenuation): 1.00
DEBUG: BEGIN altsound_preprocess_commands()
DEBUG: MAME_GEN: 0x0000000004000
DEBUG: Hardware Generation: DEDMD16, DEDMD32, DEDMD64, DE
DEBUG: END altsound_preprocess_commands()
DEBUG: Command complete. Processing...
    DEBUG: BEGIN GSoundProcessor::handleCmd()
        DEBUG: Acquiring mutex
        DEBUG: BEGIN GSoundProcessor::getSample()
        INFO: Found 1 sample(s) for ID: 00B4
        INFO: Sample: gnr_300/0x00b4-matt_mission.ogg
        DEBUG: END GSoundProcessor::getSample()
        DEBUG: BEGIN GSoundProcessor::processStream()
            DEBUG: BEGIN AltsoundProcessorBase::createStream()
                INFO: BEGIN: AltsoundProcessorBase::findFreeChannel()
                    INFO: Found free channel: 08
                DEBUG: END: AltsoundProcessorBase::findFreeChannel()
                INFO: Successfully created stream(2147483749) on channel(08)
            DEBUG: END: AltsoundProcessorBase::createStream()
        DEBUG: BEGIN: GSoundProcessor::processBehaviors()
            DEBUG: Processing SFX behaviors on OVERLAY streams
            DEBUG: Processing SFX behaviors on SOLO streams
            DEBUG: Processing SFX behaviors on SFX streams
            DEBUG: Processing SFX behaviors on CALLOUT streams
            DEBUG: Processing SFX behaviors on MUSIC streams
        DEBUG: BEGIN GSoundProcessor::printBehaviorData()
        DEBUG: Printing duck_vol_map:
        DEBUG: Stream Type: OVERLAY
        DEBUG: Stream Type: SOLO
        DEBUG: Stream Type: SFX
        DEBUG: Stream Type: CALLOUT
        DEBUG: Stream Type: MUSIC
        DEBUG: Stream ID: 2147483749, Duck Volume: 0.850000
        DEBUG: Stream ID: 2147483747, Duck Volume: 0.850000
        DEBUG: Stream ID: 2147483745, Duck Volume: 0.850000
        DEBUG: Stream ID: 2147483743, Duck Volume: 0.850000
        DEBUG: Stream ID: 2147483741, Duck Volume: 0.850000
        DEBUG: Stream ID: 2147483739, Duck Volume: 0.850000
        DEBUG: Stream ID: 2147483737, Duck Volume: 0.850000
        DEBUG: Stream ID: 2147483735, Duck Volume: 0.850000
        DEBUG: Printing paused_status_map:
        DEBUG: Stream Type: OVERLAY
        DEBUG: Stream Type: SOLO
        DEBUG: Stream Type: SFX
        DEBUG: Stream Type: CALLOUT
        DEBUG: Stream Type: MUSIC
        DEBUG: END GSoundProcessor::printBehaviorData()
        DEBUG: END GSoundProcessor::processBehaviors()
        DEBUG: END GSoundProcessor::processStream()
        INFO: BEGIN GSoundProcessor::adjustStreamVolumes()
        DEBUG: BEGIN GSoundProcessor::findLowestDuckVolume()
            DEBUG: SFX duck_vol_map is empty()
        DEBUG: END GSoundProcessor::findLowestDuckVolume()
            DEBUG: SFX ducking volume: 1.00
        DEBUG: BEGIN: AltsoundProcessorBase::setVolume()
            INFO: Setting volume for stream 2147483739
            DEBUG: SAMPLE_VOL:0.34  GLOBAL_VOL:1.00  MASTER_VOL:1.00
            INFO: SUCCESS BASS_ChannelSetAttribute(BASS_ATTRIB_VOL)
        DEBUG: END: AltsoundProcessorBase::setVolume()
            DEBUG: SFX stream 2147483739 gain:  0.40  group_vol:  0.85 ducked_vol:  1.00
        DEBUG: BEGIN GSoundProcessor::findLowestDuckVolume()
            DEBUG: SFX duck_vol_map is empty()
        DEBUG: END GSoundProcessor::findLowestDuckVolume()
            DEBUG: SFX ducking volume: 1.00
        DEBUG: BEGIN: AltsoundProcessorBase::setVolume()
            INFO: Setting volume for stream 2147483735
            DEBUG: SAMPLE_VOL:0.34  GLOBAL_VOL:1.00  MASTER_VOL:1.00
            INFO: SUCCESS BASS_ChannelSetAttribute(BASS_ATTRIB_VOL)
        DEBUG: END: AltsoundProcessorBase::setVolume()
            DEBUG: SFX stream 2147483735 gain:  0.40  group_vol:  0.85 ducked_vol:  1.00
        DEBUG: BEGIN GSoundProcessor::findLowestDuckVolume()
            DEBUG: SFX duck_vol_map is empty()
        DEBUG: END GSoundProcessor::findLowestDuckVolume()
            DEBUG: SFX ducking volume: 1.00
        DEBUG: BEGIN: AltsoundProcessorBase::setVolume()
            INFO: Setting volume for stream 2147483737
            DEBUG: SAMPLE_VOL:0.43  GLOBAL_VOL:1.00  MASTER_VOL:1.00
            INFO: SUCCESS BASS_ChannelSetAttribute(BASS_ATTRIB_VOL)
        DEBUG: END: AltsoundProcessorBase::setVolume()
            DEBUG: SFX stream 2147483737 gain:  0.50  group_vol:  0.85 ducked_vol:  1.00
        DEBUG: BEGIN GSoundProcessor::findLowestDuckVolume()
            DEBUG: Min ducking value for MUSIC streams: 0.85
        DEBUG: END GSoundProcessor::findLowestDuckVolume()
            DEBUG: MUSIC ducking volume: 0.85
        DEBUG: BEGIN: AltsoundProcessorBase::setVolume()
            INFO: Setting volume for stream 2147483659
            DEBUG: SAMPLE_VOL:0.76  GLOBAL_VOL:1.00  MASTER_VOL:1.00
            INFO: SUCCESS BASS_ChannelSetAttribute(BASS_ATTRIB_VOL)
        DEBUG: END: AltsoundProcessorBase::setVolume()
            DEBUG: MUSIC stream 2147483659 gain:  0.90  group_vol:  1.00 ducked_vol:  0.85
        DEBUG: BEGIN GSoundProcessor::findLowestDuckVolume()
            DEBUG: SFX duck_vol_map is empty()
        DEBUG: END GSoundProcessor::findLowestDuckVolume()
            DEBUG: SFX ducking volume: 1.00
        DEBUG: BEGIN: AltsoundProcessorBase::setVolume()
            INFO: Setting volume for stream 2147483741
            DEBUG: SAMPLE_VOL:0.43  GLOBAL_VOL:1.00  MASTER_VOL:1.00
            INFO: SUCCESS BASS_ChannelSetAttribute(BASS_ATTRIB_VOL)
        DEBUG: END: AltsoundProcessorBase::setVolume()
            DEBUG: SFX stream 2147483741 gain:  0.50  group_vol:  0.85 ducked_vol:  1.00
        DEBUG: BEGIN GSoundProcessor::findLowestDuckVolume()
            DEBUG: SFX duck_vol_map is empty()
        DEBUG: END GSoundProcessor::findLowestDuckVolume()
            DEBUG: SFX ducking volume: 1.00
        DEBUG: BEGIN: AltsoundProcessorBase::setVolume()
            INFO: Setting volume for stream 2147483743
            DEBUG: SAMPLE_VOL:0.43  GLOBAL_VOL:1.00  MASTER_VOL:1.00
            INFO: SUCCESS BASS_ChannelSetAttribute(BASS_ATTRIB_VOL)
        DEBUG: END: AltsoundProcessorBase::setVolume()
            DEBUG: SFX stream 2147483743 gain:  0.50  group_vol:  0.85 ducked_vol:  1.00
        DEBUG: BEGIN GSoundProcessor::findLowestDuckVolume()
            DEBUG: SFX duck_vol_map is empty()
        DEBUG: END GSoundProcessor::findLowestDuckVolume()
            DEBUG: SFX ducking volume: 1.00
        DEBUG: BEGIN: AltsoundProcessorBase::setVolume()
            INFO: Setting volume for stream 2147483745
            DEBUG: SAMPLE_VOL:0.55  GLOBAL_VOL:1.00  MASTER_VOL:1.00
            INFO: SUCCESS BASS_ChannelSetAttribute(BASS_ATTRIB_VOL)
        DEBUG: END: AltsoundProcessorBase::setVolume()
            DEBUG: SFX stream 2147483745 gain:  0.65  group_vol:  0.85 ducked_vol:  1.00
        DEBUG: BEGIN GSoundProcessor::findLowestDuckVolume()
            DEBUG: SFX duck_vol_map is empty()
        DEBUG: END GSoundProcessor::findLowestDuckVolume()
            DEBUG: SFX ducking volume: 1.00
        DEBUG: BEGIN: AltsoundProcessorBase::setVolume()
            INFO: Setting volume for stream 2147483747
            DEBUG: SAMPLE_VOL:0.43  GLOBAL_VOL:1.00  MASTER_VOL:1.00
            INFO: SUCCESS BASS_ChannelSetAttribute(BASS_ATTRIB_VOL)
        DEBUG: END: AltsoundProcessorBase::setVolume()
            DEBUG: SFX stream 2147483747 gain:  0.50  group_vol:  0.85 ducked_vol:  1.00
        DEBUG: BEGIN GSoundProcessor::findLowestDuckVolume()
            DEBUG: SFX duck_vol_map is empty()
        DEBUG: END GSoundProcessor::findLowestDuckVolume()
            DEBUG: SFX ducking volume: 1.00
        DEBUG: BEGIN: AltsoundProcessorBase::setVolume()
            INFO: Setting volume for stream 2147483749
            DEBUG: SAMPLE_VOL:0.43  GLOBAL_VOL:1.00  MASTER_VOL:1.00
            INFO: SUCCESS BASS_ChannelSetAttribute(BASS_ATTRIB_VOL)
        DEBUG: END: AltsoundProcessorBase::setVolume()
            DEBUG: SFX stream 2147483749 gain:  0.50  group_vol:  0.85 ducked_vol:  1.00
            INFO: Num active streams: 9
        DEBUG: END GSoundProcessor::adjustStreamVolumes()
        INFO: Playing SFX stream: gnr_300/0x00b4-matt_mission.ogg
        DEBUG: HSTREAM(2147483749)  CH(08)  CMD(00B4)  SAMPLE(gnr_300/0x00b4-matt_mission.ogg)
            INFO: SUCCESS SFX stream playback
    DEBUG: END GSoundProcessor::handleCmd()
INFO: SUCCESS processor::handleCmd()
DEBUG: BEGIN altsound_postprocess_commands()
DEBUG: MAME_GEN: 0x0000000004000
DEBUG: END postprocess_commands()
DEBUG: END AltsoundProcessCommand()
DEBUG: 
DEBUG: 
BEGIN: GSoundProcessor::common_callback()
    INFO: HSYNC: 2147483742  HSTREAM: 2147483741
    DEBUG: Acquiring mutex
DEBUG: BEGIN: GSoundProcessor::postProcessBehaviors()
    DEBUG: Post-processing SFX behaviors on OVERLAY streams
    DEBUG: Post-processing SFX ducking impact on OVERLAY streams
    DEBUG: Post-processing SFX behaviors on SOLO streams
    DEBUG: Post-processing SFX ducking impact on SOLO streams
    DEBUG: Post-processing SFX behaviors on SFX streams
    DEBUG: Post-processing SFX ducking impact on SFX streams
    DEBUG: Post-processing SFX behaviors on CALLOUT streams
    DEBUG: Post-processing SFX ducking impact on CALLOUT streams
    DEBUG: Post-processing SFX behaviors on MUSIC streams
    DEBUG: Post-processing SFX ducking impact on MUSIC streams
    DEBUG: Erasing ducking impact from SFX stream: 2147483741
DEBUG: BEGIN GSoundProcessor::printBehaviorData()
DEBUG: Printing duck_vol_map:
DEBUG: Stream Type: OVERLAY
DEBUG: Stream Type: SOLO
DEBUG: Stream Type: SFX
DEBUG: Stream Type: CALLOUT
DEBUG: Stream Type: MUSIC
DEBUG: Stream ID: 2147483749, Duck Volume: 0.850000
DEBUG: Stream ID: 2147483747, Duck Volume: 0.850000
DEBUG: Stream ID: 2147483745, Duck Volume: 0.850000
DEBUG: Stream ID: 2147483743, Duck Volume: 0.850000
DEBUG: Stream ID: 2147483739, Duck Volume: 0.850000
DEBUG: Stream ID: 2147483737, Duck Volume: 0.850000
DEBUG: Stream ID: 2147483735, Duck Volume: 0.850000
DEBUG: Printing paused_status_map:
DEBUG: Stream Type: OVERLAY
DEBUG: Stream Type: SOLO
DEBUG: Stream Type: SFX
DEBUG: Stream Type: CALLOUT
DEBUG: Stream Type: MUSIC
DEBUG: END GSoundProcessor::printBehaviorData()
DEBUG: END GSoundProcessor::postProcessBehaviors()
    INFO: BEGIN AltsoundProcessorBase::freeStream()
        INFO: Successfully free'd stream(2147483741)
    DEBUG: END AltsoundProcessorBase::freeStream()
INFO: BEGIN GSoundProcessor::adjustStreamVolumes()
DEBUG: BEGIN GSoundProcessor::findLowestDuckVolume()
    DEBUG: SFX duck_vol_map is empty()
DEBUG: END GSoundProcessor::findLowestDuckVolume()
    DEBUG: SFX ducking volume: 1.00
DEBUG: BEGIN: AltsoundProcessorBase::setVolume()
    INFO: Setting volume for stream 2147483739
    DEBUG: SAMPLE_VOL:0.34  GLOBAL_VOL:1.00  MASTER_VOL:1.00
    INFO: SUCCESS BASS_ChannelSetAttribute(BASS_ATTRIB_VOL)
DEBUG: END: AltsoundProcessorBase::setVolume()
    DEBUG: SFX stream 2147483739 gain:  0.40  group_vol:  0.85 ducked_vol:  1.00
DEBUG: BEGIN GSoundProcessor::findLowestDuckVolume()
    DEBUG: SFX duck_vol_map is empty()
DEBUG: END GSoundProcessor::findLowestDuckVolume()
    DEBUG: SFX ducking volume: 1.00
DEBUG: BEGIN: AltsoundProcessorBase::setVolume()
    INFO: Setting volume for stream 2147483735
    DEBUG: SAMPLE_VOL:0.34  GLOBAL_VOL:1.00  MASTER_VOL:1.00
    INFO: SUCCESS BASS_ChannelSetAttribute(BASS_ATTRIB_VOL)
DEBUG: END: AltsoundProcessorBase::setVolume()
    DEBUG: SFX stream 2147483735 gain:  0.40  group_vol:  0.85 ducked_vol:  1.00
DEBUG: BEGIN GSoundProcessor::findLowestDuckVolume()
    DEBUG: SFX duck_vol_map is empty()
DEBUG: END GSoundProcessor::findLowestDuckVolume()
    DEBUG: SFX ducking volume: 1.00
DEBUG: BEGIN: AltsoundProcessorBase::setVolume()
    INFO: Setting volume for stream 2147483737
    DEBUG: SAMPLE_VOL:0.43  GLOBAL_VOL:1.00  MASTER_VOL:1.00
    INFO: SUCCESS BASS_ChannelSetAttribute(BASS_ATTRIB_VOL)
DEBUG: END: AltsoundProcessorBase::setVolume()
    DEBUG: SFX stream 2147483737 gain:  0.50  group_vol:  0.85 ducked_vol:  1.00
DEBUG: BEGIN GSoundProcessor::findLowestDuckVolume()
    DEBUG: Min ducking value for MUSIC streams: 0.85
DEBUG: END GSoundProcessor::findLowestDuckVolume()
    DEBUG: MUSIC ducking volume: 0.85
DEBUG: BEGIN: AltsoundProcessorBase::setVolume()
    INFO: Setting volume for stream 2147483659
    DEBUG: SAMPLE_VOL:0.76  GLOBAL_VOL:1.00  MASTER_VOL:1.00
    INFO: SUCCESS BASS_ChannelSetAttribute(BASS_ATTRIB_VOL)
DEBUG: END: AltsoundProcessorBase::setVolume()
    DEBUG: MUSIC stream 2147483659 gain:  0.90  group_vol:  1.00 ducked_vol:  0.85
DEBUG: BEGIN GSoundProcessor::findLowestDuckVolume()
    DEBUG: SFX duck_vol_map is empty()
DEBUG: END GSoundProcessor::findLowestDuckVolume()
    DEBUG: SFX ducking volume: 1.00
DEBUG: BEGIN: AltsoundProcessorBase::setVolume()
    INFO: Setting volume for stream 2147483743
    DEBUG: SAMPLE_VOL:0.43  GLOBAL_VOL:1.00  MASTER_VOL:1.00
    INFO: SUCCESS BASS_ChannelSetAttribute(BASS_ATTRIB_VOL)
DEBUG: END: AltsoundProcessorBase::setVolume()
    DEBUG: SFX stream 2147483743 gain:  0.50  group_vol:  0.85 ducked_vol:  1.00
DEBUG: BEGIN GSoundProcessor::findLowestDuckVolume()
    DEBUG: SFX duck_vol_map is empty()
DEBUG: END GSoundProcessor::findLowestDuckVolume()
    DEBUG: SFX ducking volume: 1.00
DEBUG: BEGIN: AltsoundProcessorBase::setVolume()
    INFO: Setting volume for stream 2147483745
    DEBUG: SAMPLE_VOL:0.55  GLOBAL_VOL:1.00  MASTER_VOL:1.00
    INFO: SUCCESS BASS_ChannelSetAttribute(BASS_ATTRIB_VOL)
DEBUG: END: AltsoundProcessorBase::setVolume()
    DEBUG: SFX stream 2147483745 gain:  0.65  group_vol:  0.85 ducked_vol:  1.00
DEBUG: BEGIN GSoundProcessor::findLowestDuckVolume()
    DEBUG: SFX duck_vol_map is empty()
DEBUG: END GSoundProcessor::findLowestDuckVolume()
    DEBUG: SFX ducking volume: 1.00
DEBUG: BEGIN: AltsoundProcessorBase::setVolume()
    INFO: Setting volume for stream 2147483747
    DEBUG: SAMPLE_VOL:0.43  GLOBAL_VOL:1.00  MASTER_VOL:1.00
    INFO: SUCCESS BASS_ChannelSetAttribute(BASS_ATTRIB_VOL)
DEBUG: END: AltsoundProcessorBase::setVolume()
    DEBUG: SFX stream 2147483747 gain:  0.50  group_vol:  0.85 ducked_vol:  1.00
DEBUG: BEGIN GSoundProcessor::findLowestDuckVolume()
    DEBUG: SFX duck_vol_map is empty()
DEBUG: END GSoundProcessor::findLowestDuckVolume()
    DEBUG: SFX ducking volume: 1.00
DEBUG: BEGIN: AltsoundProcessorBase::setVolume()
    INFO: Setting volume for stream 2147483749
    DEBUG: SAMPLE_VOL:0.43  GLOBAL_VOL:1.00  MASTER_VOL:1.00
    INFO: SUCCESS BASS_ChannelSetAttribute(BASS_ATTRIB_VOL)
DEBUG: END: AltsoundProcessorBase::setVolume()
    DEBUG: SFX stream 2147483749 gain:  0.50  group_vol:  0.85 ducked_vol:  1.00
    INFO: Num active streams: 8
DEBUG: END GSoundProcessor::adjustStreamVolumes()
DEBUG: BEGIN GSoundProcessor::processPausedStreams()
DEBUG: BEGIN GSoundProcessor::tryResumeStream()
DEBUG: END GSoundProcessor::tryResumeStream()
DEBUG: BEGIN GSoundProcessor::tryResumeStream()
DEBUG: END GSoundProcessor::tryResumeStream()
DEBUG: BEGIN GSoundProcessor::tryResumeStream()
DEBUG: END GSoundProcessor::tryResumeStream()
DEBUG: BEGIN GSoundProcessor::tryResumeStream()
DEBUG: END GSoundProcessor::tryResumeStream()
DEBUG: BEGIN GSoundProcessor::tryResumeStream()
DEBUG: END GSoundProcessor::tryResumeStream()
DEBUG: BEGIN GSoundProcessor::tryResumeStream()
DEBUG: END GSoundProcessor::tryResumeStream()
DEBUG: BEGIN GSoundProcessor::tryResumeStream()
DEBUG: END GSoundProcessor::tryResumeStream()
DEBUG: BEGIN GSoundProcessor::tryResumeStream()
DEBUG: END GSoundProcessor::tryResumeStream()
DEBUG: END GSoundProcessor::processPausedStreams()
    INFO: SFX stream(2147483741) finished on ch(04)
DEBUG: END GSoundProcessor::common_callback()
DEBUG: BEGIN AltsoundProcessCommand()
DEBUG: Master Volume (Post Attenuation): 1.00
DEBUG: BEGIN altsound_preprocess_commands()
DEBUG: MAME_GEN: 0x0000000004000
DEBUG: Hardware Generation: DEDMD16, DEDMD32, DEDMD64, DE
DEBUG: END altsound_preprocess_commands()
DEBUG: Command complete. Processing...
    DEBUG: BEGIN GSoundProcessor::handleCmd()
        DEBUG: Acquiring mutex
        DEBUG: BEGIN GSoundProcessor::getSample()
        INFO: Found 1 sample(s) for ID: 00B0
        INFO: Sample: gnr_300/0x00b0-matt_mission.ogg
        DEBUG: END GSoundProcessor::getSample()
        DEBUG: BEGIN GSoundProcessor::processStream()
            DEBUG: BEGIN AltsoundProcessorBase::createStream()
                INFO: BEGIN: AltsoundProcessorBase::findFreeChannel()
                    INFO: Found free channel: 04
                DEBUG: END: AltsoundProcessorBase::findFreeChannel()
                INFO: Successfully created stream(2147483751) on channel(04)
            DEBUG: END: AltsoundProcessorBase::createStream()
        DEBUG: BEGIN: GSoundProcessor::processBehaviors()
            DEBUG: Processing SFX behaviors on OVERLAY streams
            DEBUG: Processing SFX behaviors on SOLO streams
            DEBUG: Processing SFX behaviors on SFX streams
            DEBUG: Processing SFX behaviors on CALLOUT streams
            DEBUG: Processing SFX behaviors on MUSIC streams
        DEBUG: BEGIN GSoundProcessor::printBehaviorData()
        DEBUG: Printing duck_vol_map:
        DEBUG: Stream Type: OVERLAY
        DEBUG: Stream Type: SOLO
        DEBUG: Stream Type: SFX
        DEBUG: Stream Type: CALLOUT
        DEBUG: Stream Type: MUSIC
        DEBUG: Stream ID: 2147483751, Duck Volume: 0.850000
        DEBUG: Stream ID: 2147483749, Duck Volume: 0.850000
        DEBUG: Stream ID: 2147483747, Duck Volume: 0.850000
        DEBUG: Stream ID: 2147483745, Duck Volume: 0.850000
        DEBUG: Stream ID: 2147483743, Duck Volume: 0.850000
        DEBUG: Stream ID: 2147483739, Duck Volume: 0.850000
        DEBUG: Stream ID: 2147483737, Duck Volume: 0.850000
        DEBUG: Stream ID: 2147483735, Duck Volume: 0.850000
        DEBUG: Printing paused_status_map:
        DEBUG: Stream Type: OVERLAY
        DEBUG: Stream Type: SOLO
        DEBUG: Stream Type: SFX
        DEBUG: Stream Type: CALLOUT
        DEBUG: Stream Type: MUSIC
        DEBUG: END GSoundProcessor::printBehaviorData()
        DEBUG: END GSoundProcessor::processBehaviors()
        DEBUG: END GSoundProcessor::processStream()
        INFO: BEGIN GSoundProcessor::adjustStreamVolumes()
        DEBUG: BEGIN GSoundProcessor::findLowestDuckVolume()
            DEBUG: SFX duck_vol_map is empty()
        DEBUG: END GSoundProcessor::findLowestDuckVolume()
            DEBUG: SFX ducking volume: 1.00
        DEBUG: BEGIN: AltsoundProcessorBase::setVolume()
            INFO: Setting volume for stream 2147483739
            DEBUG: SAMPLE_VOL:0.34  GLOBAL_VOL:1.00  MASTER_VOL:1.00
            INFO: SUCCESS BASS_ChannelSetAttribute(BASS_ATTRIB_VOL)
        DEBUG: END: AltsoundProcessorBase::setVolume()
            DEBUG: SFX stream 2147483739 gain:  0.40  group_vol:  0.85 ducked_vol:  1.00
        DEBUG: BEGIN GSoundProcessor::findLowestDuckVolume()
            DEBUG: SFX duck_vol_map is empty()
        DEBUG: END GSoundProcessor::findLowestDuckVolume()
            DEBUG: SFX ducking volume: 1.00
        DEBUG: BEGIN: AltsoundProcessorBase::setVolume()
            INFO: Setting volume for stream 2147483735
            DEBUG: SAMPLE_VOL:0.34  GLOBAL_VOL:1.00  MASTER_VOL:1.00
            INFO: SUCCESS BASS_ChannelSetAttribute(BASS_ATTRIB_VOL)
        DEBUG: END: AltsoundProcessorBase::setVolume()
            DEBUG: SFX stream 2147483735 gain:  0.40  group_vol:  0.85 ducked_vol:  1.00
        DEBUG: BEGIN GSoundProcessor::findLowestDuckVolume()
            DEBUG: SFX duck_vol_map is empty()
        DEBUG: END GSoundProcessor::findLowestDuckVolume()
            DEBUG: SFX ducking volume: 1.00
        DEBUG: BEGIN: AltsoundProcessorBase::setVolume()
            INFO: Setting volume for stream 2147483737
            DEBUG: SAMPLE_VOL:0.43  GLOBAL_VOL:1.00  MASTER_VOL:1.00
            INFO: SUCCESS BASS_ChannelSetAttribute(BASS_ATTRIB_VOL)
        DEBUG: END: AltsoundProcessorBase::setVolume()
            DEBUG: SFX stream 2147483737 gain:  0.50  group_vol:  0.85 ducked_vol:  1.00
        DEBUG: BEGIN GSoundProcessor::findLowestDuckVolume()
            DEBUG: Min ducking value for MUSIC streams: 0.85
        DEBUG: END GSoundProcessor::findLowestDuckVolume()
            DEBUG: MUSIC ducking volume: 0.85
        DEBUG: BEGIN: AltsoundProcessorBase::setVolume()
            INFO: Setting volume for stream 2147483659
            DEBUG: SAMPLE_VOL:0.76  GLOBAL_VOL:1.00  MASTER_VOL:1.00
            INFO: SUCCESS BASS_ChannelSetAttribute(BASS_ATTRIB_VOL)
        DEBUG: END: AltsoundProcessorBase::setVolume()
            DEBUG: MUSIC stream 2147483659 gain:  0.90  group_vol:  1.00 ducked_vol:  0.85
        DEBUG: BEGIN GSoundProcessor::findLowestDuckVolume()
            DEBUG: SFX duck_vol_map is empty()
        DEBUG: END GSoundProcessor::findLowestDuckVolume()
            DEBUG: SFX ducking volume: 1.00
        DEBUG: BEGIN: AltsoundProcessorBase::setVolume()
            INFO: Setting volume for stream 2147483751
            DEBUG: SAMPLE_VOL:0.43  GLOBAL_VOL:1.00  MASTER_VOL:1.00
            INFO: SUCCESS BASS_ChannelSetAttribute(BASS_ATTRIB_VOL)
        DEBUG: END: AltsoundProcessorBase::setVolume()
            DEBUG: SFX stream 2147483751 gain:  0.50  group_vol:  0.85 ducked_vol:  1.00
        DEBUG: BEGIN GSoundProcessor::findLowestDuckVolume()
            DEBUG: SFX duck_vol_map is empty()
        DEBUG: END GSoundProcessor::findLowestDuckVolume()
            DEBUG: SFX ducking volume: 1.00
        DEBUG: BEGIN: AltsoundProcessorBase::setVolume()
            INFO: Setting volume for stream 2147483743
            DEBUG: SAMPLE_VOL:0.43  GLOBAL_VOL:1.00  MASTER_VOL:1.00
            INFO: SUCCESS BASS_ChannelSetAttribute(BASS_ATTRIB_VOL)
        DEBUG: END: AltsoundProcessorBase::setVolume()
            DEBUG: SFX stream 2147483743 gain:  0.50  group_vol:  0.85 ducked_vol:  1.00
        DEBUG: BEGIN GSoundProcessor::findLowestDuckVolume()
            DEBUG: SFX duck_vol_map is empty()
        DEBUG: END GSoundProcessor::findLowestDuckVolume()
            DEBUG: SFX ducking volume: 1.00
        DEBUG: BEGIN: AltsoundProcessorBase::setVolume()
            INFO: Setting volume for stream 2147483745
            DEBUG: SAMPLE_VOL:0.55  GLOBAL_VOL:1.00  MASTER_VOL:1.00
            INFO: SUCCESS BASS_ChannelSetAttribute(BASS_ATTRIB_VOL)
        DEBUG: END: AltsoundProcessorBase::setVolume()
            DEBUG: SFX stream 2147483745 gain:  0.65  group_vol:  0.85 ducked_vol:  1.00
        DEBUG: BEGIN GSoundProcessor::findLowestDuckVolume()
            DEBUG: SFX duck_vol_map is empty()
        DEBUG: END GSoundProcessor::findLowestDuckVolume()
            DEBUG: SFX ducking volume: 1.00
        DEBUG: BEGIN: AltsoundProcessorBase::setVolume()
            INFO: Setting volume for stream 2147483747
            DEBUG: SAMPLE_VOL:0.43  GLOBAL_VOL:1.00  MASTER_VOL:1.00
            INFO: SUCCESS BASS_ChannelSetAttribute(BASS_ATTRIB_VOL)
        DEBUG: END: AltsoundProcessorBase::setVolume()
            DEBUG: SFX stream 2147483747 gain:  0.50  group_vol:  0.85 ducked_vol:  1.00
        DEBUG: BEGIN GSoundProcessor::findLowestDuckVolume()
            DEBUG: SFX duck_vol_map is empty()
        DEBUG: END GSoundProcessor::findLowestDuckVolume()
            DEBUG: SFX ducking volume: 1.00
        DEBUG: BEGIN: AltsoundProcessorBase::setVolume()
            INFO: Setting volume for stream 2147483749
            DEBUG: SAMPLE_VOL:0.43  GLOBAL_VOL:1.00  MASTER_VOL:1.00
            INFO: SUCCESS BASS_ChannelSetAttribute(BASS_ATTRIB_VOL)
        DEBUG: END: AltsoundProcessorBase::setVolume()
            DEBUG: SFX stream 2147483749 gain:  0.50  group_vol:  0.85 ducked_vol:  1.00
            INFO: Num active streams: 9
        DEBUG: END GSoundProcessor::adjustStreamVolumes()
        INFO: Playing SFX stream: gnr_300/0x00b0-matt_mission.ogg
        DEBUG: HSTREAM(2147483751)  CH(04)  CMD(00B0)  SAMPLE(gnr_300/0x00b0-matt_mission.ogg)
            INFO: SUCCESS SFX stream playback
    DEBUG: END GSoundProcessor::handleCmd()
INFO: SUCCESS processor::handleCmd()
DEBUG: BEGIN altsound_postprocess_commands()
DEBUG: MAME_GEN: 0x0000000004000
DEBUG: END postprocess_commands()
DEBUG: END AltsoundProcessCommand()
DEBUG: 
DEBUG: 
BEGIN: GSoundProcessor::common_callback()
    INFO: HSYNC: 2147483746  HSTREAM: 2147483745
    DEBUG: Acquiring mutex
DEBUG: BEGIN: GSoundProcessor::postProcessBehaviors()
    DEBUG: Post-processing SFX behaviors on OVERLAY streams
    DEBUG: Post-processing SFX ducking impact on OVERLAY streams
    DEBUG: Post-processing SFX behaviors on SOLO streams
    DEBUG: Post-processing SFX ducking impact on SOLO streams
    DEBUG: Post-processing SFX behaviors on SFX streams
    DEBUG: Post-processing SFX ducking impact on SFX streams
    DEBUG: Post-processing SFX behaviors on CALLOUT streams
    DEBUG: Post-processing SFX ducking impact on CALLOUT streams
    DEBUG: Post-processing SFX behaviors on MUSIC streams
    DEBUG: Post-processing SFX ducking impact on MUSIC streams
    DEBUG: Erasing ducking impact from SFX stream: 2147483745
DEBUG: BEGIN GSoundProcessor::printBehaviorData()
DEBUG: Printing duck_vol_map:
DEBUG: Stream Type: OVERLAY
DEBUG: Stream Type: SOLO
DEBUG: Stream Type: SFX
DEBUG: Stream Type: CALLOUT
DEBUG: Stream Type: MUSIC
DEBUG: Stream ID: 2147483751, Duck Volume: 0.850000
DEBUG: Stream ID: 2147483749, Duck Volume: 0.850000
DEBUG: Stream ID: 2147483747, Duck Volume: 0.850000
DEBUG: Stream ID: 2147483743, Duck Volume: 0.850000
DEBUG: Stream ID: 2147483739, Duck Volume: 0.850000
DEBUG: Stream ID: 2147483737, Duck Volume: 0.850000
DEBUG: Stream ID: 2147483735, Duck Volume: 0.850000
DEBUG: Printing paused_status_map:
DEBUG: Stream Type: OVERLAY
DEBUG: Stream Type: SOLO
DEBUG: Stream Type: SFX
DEBUG: Stream Type: CALLOUT
DEBUG: Stream Type: MUSIC
DEBUG: END GSoundProcessor::printBehaviorData()
DEBUG: END GSoundProcessor::postProcessBehaviors()
    INFO: BEGIN AltsoundProcessorBase::freeStream()
        INFO: Successfully free'd stream(2147483745)
    DEBUG: END AltsoundProcessorBase::freeStream()
INFO: BEGIN GSoundProcessor::adjustStreamVolumes()
DEBUG: BEGIN GSoundProcessor::findLowestDuckVolume()
    DEBUG: SFX duck_vol_map is empty()
DEBUG: END GSoundProcessor::findLowestDuckVolume()
    DEBUG: SFX ducking volume: 1.00
DEBUG: BEGIN: AltsoundProcessorBase::setVolume()
    INFO: Setting volume for stream 2147483739
    DEBUG: SAMPLE_VOL:0.34  GLOBAL_VOL:1.00  MASTER_VOL:1.00
    INFO: SUCCESS BASS_ChannelSetAttribute(BASS_ATTRIB_VOL)
DEBUG: END: AltsoundProcessorBase::setVolume()
    DEBUG: SFX stream 2147483739 gain:  0.40  group_vol:  0.85 ducked_vol:  1.00
DEBUG: BEGIN GSoundProcessor::findLowestDuckVolume()
    DEBUG: SFX duck_vol_map is empty()
DEBUG: END GSoundProcessor::findLowestDuckVolume()
    DEBUG: SFX ducking volume: 1.00
DEBUG: BEGIN: AltsoundProcessorBase::setVolume()
    INFO: Setting volume for stream 2147483735
    DEBUG: SAMPLE_VOL:0.34  GLOBAL_VOL:1.00  MASTER_VOL:1.00
    INFO: SUCCESS BASS_ChannelSetAttribute(BASS_ATTRIB_VOL)
DEBUG: END: AltsoundProcessorBase::setVolume()
    DEBUG: SFX stream 2147483735 gain:  0.40  group_vol:  0.85 ducked_vol:  1.00
DEBUG: BEGIN GSoundProcessor::findLowestDuckVolume()
    DEBUG: SFX duck_vol_map is empty()
DEBUG: END GSoundProcessor::findLowestDuckVolume()
    DEBUG: SFX ducking volume: 1.00
DEBUG: BEGIN: AltsoundProcessorBase::setVolume()
    INFO: Setting volume for stream 2147483737
    DEBUG: SAMPLE_VOL:0.43  GLOBAL_VOL:1.00  MASTER_VOL:1.00
    INFO: SUCCESS BASS_ChannelSetAttribute(BASS_ATTRIB_VOL)
DEBUG: END: AltsoundProcessorBase::setVolume()
    DEBUG: SFX stream 2147483737 gain:  0.50  group_vol:  0.85 ducked_vol:  1.00
DEBUG: BEGIN GSoundProcessor::findLowestDuckVolume()
    DEBUG: Min ducking value for MUSIC streams: 0.85
DEBUG: END GSoundProcessor::findLowestDuckVolume()
    DEBUG: MUSIC ducking volume: 0.85
DEBUG: BEGIN: AltsoundProcessorBase::setVolume()
    INFO: Setting volume for stream 2147483659
    DEBUG: SAMPLE_VOL:0.76  GLOBAL_VOL:1.00  MASTER_VOL:1.00
    INFO: SUCCESS BASS_ChannelSetAttribute(BASS_ATTRIB_VOL)
DEBUG: END: AltsoundProcessorBase::setVolume()
    DEBUG: MUSIC stream 2147483659 gain:  0.90  group_vol:  1.00 ducked_vol:  0.85
DEBUG: BEGIN GSoundProcessor::findLowestDuckVolume()
    DEBUG: SFX duck_vol_map is empty()
DEBUG: END GSoundProcessor::findLowestDuckVolume()
    DEBUG: SFX ducking volume: 1.00
DEBUG: BEGIN: AltsoundProcessorBase::setVolume()
    INFO: Setting volume for stream 2147483751
    DEBUG: SAMPLE_VOL:0.43  GLOBAL_VOL:1.00  MASTER_VOL:1.00
    INFO: SUCCESS BASS_ChannelSetAttribute(BASS_ATTRIB_VOL)
DEBUG: END: AltsoundProcessorBase::setVolume()
    DEBUG: SFX stream 2147483751 gain:  0.50  group_vol:  0.85 ducked_vol:  1.00
DEBUG: BEGIN GSoundProcessor::findLowestDuckVolume()
    DEBUG: SFX duck_vol_map is empty()
DEBUG: END GSoundProcessor::findLowestDuckVolume()
    DEBUG: SFX ducking volume: 1.00
DEBUG: BEGIN: AltsoundProcessorBase::setVolume()
    INFO: Setting volume for stream 2147483743
    DEBUG: SAMPLE_VOL:0.43  GLOBAL_VOL:1.00  MASTER_VOL:1.00
    INFO: SUCCESS BASS_ChannelSetAttribute(BASS_ATTRIB_VOL)
DEBUG: END: AltsoundProcessorBase::setVolume()
    DEBUG: SFX stream 2147483743 gain:  0.50  group_vol:  0.85 ducked_vol:  1.00
DEBUG: BEGIN GSoundProcessor::findLowestDuckVolume()
    DEBUG: SFX duck_vol_map is empty()
DEBUG: END GSoundProcessor::findLowestDuckVolume()
    DEBUG: SFX ducking volume: 1.00
DEBUG: BEGIN: AltsoundProcessorBase::setVolume()
    INFO: Setting volume for stream 2147483747
    DEBUG: SAMPLE_VOL:0.43  GLOBAL_VOL:1.00  MASTER_VOL:1.00
    INFO: SUCCESS BASS_ChannelSetAttribute(BASS_ATTRIB_VOL)
DEBUG: END: AltsoundProcessorBase::setVolume()
    DEBUG: SFX stream 2147483747 gain:  0.50  group_vol:  0.85 ducked_vol:  1.00
DEBUG: BEGIN GSoundProcessor::findLowestDuckVolume()
    DEBUG: SFX duck_vol_map is empty()
DEBUG: END GSoundProcessor::findLowestDuckVolume()
    DEBUG: SFX ducking volume: 1.00
DEBUG: BEGIN: AltsoundProcessorBase::setVolume()
    INFO: Setting volume for stream 2147483749
    DEBUG: SAMPLE_VOL:0.43  GLOBAL_VOL:1.00  MASTER_VOL:1.00
    INFO: SUCCESS BASS_ChannelSetAttribute(BASS_ATTRIB_VOL)
DEBUG: END: AltsoundProcessorBase::setVolume()
    DEBUG: SFX stream 2147483749 gain:  0.50  group_vol:  0.85 ducked_vol:  1.00
    INFO: Num active streams: 8
DEBUG: END GSoundProcessor::adjustStreamVolumes()
DEBUG: BEGIN GSoundProcessor::processPausedStreams()
DEBUG: BEGIN GSoundProcessor::tryResumeStream()
DEBUG: END GSoundProcessor::tryResumeStream()
DEBUG: BEGIN GSoundProcessor::tryResumeStream()
DEBUG: END GSoundProcessor::tryResumeStream()
DEBUG: BEGIN GSoundProcessor::tryResumeStream()
DEBUG: END GSoundProcessor::tryResumeStream()
DEBUG: BEGIN GSoundProcessor::tryResumeStream()
DEBUG: END GSoundProcessor::tryResumeStream()
DEBUG: BEGIN GSoundProcessor::tryResumeStream()
DEBUG: END GSoundProcessor::tryResumeStream()
DEBUG: BEGIN GSoundProcessor::tryResumeStream()
DEBUG: END GSoundProcessor::tryResumeStream()
DEBUG: BEGIN GSoundProcessor::tryResumeStream()
DEBUG: END GSoundProcessor::tryResumeStream()
DEBUG: BEGIN GSoundProcessor::tryResumeStream()
DEBUG: END GSoundProcessor::tryResumeStream()
DEBUG: END GSoundProcessor::processPausedStreams()
    INFO: SFX stream(2147483745) finished on ch(06)
DEBUG: END GSoundProcessor::common_callback()
DEBUG: BEGIN AltsoundProcessCommand()
DEBUG: Master Volume (Post Attenuation): 1.00
DEBUG: BEGIN altsound_preprocess_commands()
DEBUG: MAME_GEN: 0x0000000004000
DEBUG: Hardware Generation: DEDMD16, DEDMD32, DEDMD64, DE
DEBUG: END altsound_preprocess_commands()
DEBUG: Command complete. Processing...
    DEBUG: BEGIN GSoundProcessor::handleCmd()
        DEBUG: Acquiring mutex
        DEBUG: BEGIN GSoundProcessor::getSample()
        INFO: Found 1 sample(s) for ID: 007C
        INFO: Sample: gnr_300/0x007c-setup_button.ogg
        DEBUG: END GSoundProcessor::getSample()
        DEBUG: BEGIN GSoundProcessor::processStream()
            DEBUG: BEGIN AltsoundProcessorBase::createStream()
                INFO: BEGIN: AltsoundProcessorBase::findFreeChannel()
                    INFO: Found free channel: 06
                DEBUG: END: AltsoundProcessorBase::findFreeChannel()
                INFO: Successfully created stream(2147483753) on channel(06)
            DEBUG: END: AltsoundProcessorBase::createStream()
        DEBUG: BEGIN: GSoundProcessor::processBehaviors()
            DEBUG: Processing SFX behaviors on OVERLAY streams
            DEBUG: Processing SFX behaviors on SOLO streams
            DEBUG: Processing SFX behaviors on SFX streams
            DEBUG: Processing SFX behaviors on CALLOUT streams
            DEBUG: Processing SFX behaviors on MUSIC streams
        DEBUG: BEGIN GSoundProcessor::printBehaviorData()
        DEBUG: Printing duck_vol_map:
        DEBUG: Stream Type: OVERLAY
        DEBUG: Stream Type: SOLO
        DEBUG: Stream Type: SFX
        DEBUG: Stream Type: CALLOUT
        DEBUG: Stream Type: MUSIC
        DEBUG: Stream ID: 2147483753, Duck Volume: 0.850000
        DEBUG: Stream ID: 2147483751, Duck Volume: 0.850000
        DEBUG: Stream ID: 2147483749, Duck Volume: 0.850000
        DEBUG: Stream ID: 2147483747, Duck Volume: 0.850000
        DEBUG: Stream ID: 2147483743, Duck Volume: 0.850000
        DEBUG: Stream ID: 2147483739, Duck Volume: 0.850000
        DEBUG: Stream ID: 2147483737, Duck Volume: 0.850000
        DEBUG: Stream ID: 2147483735, Duck Volume: 0.850000
        DEBUG: Printing paused_status_map:
        DEBUG: Stream Type: OVERLAY
        DEBUG: Stream Type: SOLO
        DEBUG: Stream Type: SFX
        DEBUG: Stream Type: CALLOUT
        DEBUG: Stream Type: MUSIC
        DEBUG: END GSoundProcessor::printBehaviorData()
        DEBUG: END GSoundProcessor::processBehaviors()
        DEBUG: END GSoundProcessor::processStream()
        INFO: BEGIN GSoundProcessor::adjustStreamVolumes()
        DEBUG: BEGIN GSoundProcessor::findLowestDuckVolume()
            DEBUG: SFX duck_vol_map is empty()
        DEBUG: END GSoundProcessor::findLowestDuckVolume()
            DEBUG: SFX ducking volume: 1.00
        DEBUG: BEGIN: AltsoundProcessorBase::setVolume()
            INFO: Setting volume for stream 2147483739
            DEBUG: SAMPLE_VOL:0.34  GLOBAL_VOL:1.00  MASTER_VOL:1.00
            INFO: SUCCESS BASS_ChannelSetAttribute(BASS_ATTRIB_VOL)
        DEBUG: END: AltsoundProcessorBase::setVolume()
            DEBUG: SFX stream 2147483739 gain:  0.40  group_vol:  0.85 ducked_vol:  1.00
        DEBUG: BEGIN GSoundProcessor::findLowestDuckVolume()
            DEBUG: SFX duck_vol_map is empty()
        DEBUG: END GSoundProcessor::findLowestDuckVolume()
            DEBUG: SFX ducking volume: 1.00
        DEBUG: BEGIN: AltsoundProcessorBase::setVolume()
            INFO: Setting volume for stream 2147483735
            DEBUG: SAMPLE_VOL:0.34  GLOBAL_VOL:1.00  MASTER_VOL:1.00
            INFO: SUCCESS BASS_ChannelSetAttribute(BASS_ATTRIB_VOL)
        DEBUG: END: AltsoundProcessorBase::setVolume()
            DEBUG: SFX stream 2147483735 gain:  0.40  group_vol:  0.85 ducked_vol:  1.00
        DEBUG: BEGIN GSoundProcessor::findLowestDuckVolume()
            DEBUG: SFX duck_vol_map is empty()
        DEBUG: END GSoundProcessor::findLowestDuckVolume()
            DEBUG: SFX ducking volume: 1.00
        DEBUG: BEGIN: AltsoundProcessorBase::setVolume()
            INFO: Setting volume for stream 2147483737
            DEBUG: SAMPLE_VOL:0.43  GLOBAL_VOL:1.00  MASTER_VOL:1.00
            INFO: SUCCESS BASS_ChannelSetAttribute(BASS_ATTRIB_VOL)
        DEBUG: END: AltsoundProcessorBase::setVolume()
            DEBUG: SFX stream 2147483737 gain:  0.50  group_vol:  0.85 ducked_vol:  1.00
        DEBUG: BEGIN GSoundProcessor::findLowestDuckVolume()
            DEBUG: Min ducking value for MUSIC streams: 0.85
        DEBUG: END GSoundProcessor::findLowestDuckVolume()
            DEBUG: MUSIC ducking volume: 0.85
        DEBUG: BEGIN: AltsoundProcessorBase::setVolume()
            INFO: Setting volume for stream 2147483659
            DEBUG: SAMPLE_VOL:0.76  GLOBAL_VOL:1.00  MASTER_VOL:1.00
            INFO: SUCCESS BASS_ChannelSetAttribute(BASS_ATTRIB_VOL)
        DEBUG: END: AltsoundProcessorBase::setVolume()
            DEBUG: MUSIC stream 2147483659 gain:  0.90  group_vol:  1.00 ducked_vol:  0.85
        DEBUG: BEGIN GSoundProcessor::findLowestDuckVolume()
            DEBUG: SFX duck_vol_map is empty()
        DEBUG: END GSoundProcessor::findLowestDuckVolume()
            DEBUG: SFX ducking volume: 1.00
        DEBUG: BEGIN: AltsoundProcessorBase::setVolume()
            INFO: Setting volume for stream 2147483751
            DEBUG: SAMPLE_VOL:0.43  GLOBAL_VOL:1.00  MASTER_VOL:1.00
            INFO: SUCCESS BASS_ChannelSetAttribute(BASS_ATTRIB_VOL)
        DEBUG: END: AltsoundProcessorBase::setVolume()
            DEBUG: SFX stream 2147483751 gain:  0.50  group_vol:  0.85 ducked_vol:  1.00
        DEBUG: BEGIN GSoundProcessor::findLowestDuckVolume()
            DEBUG: SFX duck_vol_map is empty()
        DEBUG: END GSoundProcessor::findLowestDuckVolume()
            DEBUG: SFX ducking volume: 1.00
        DEBUG: BEGIN: AltsoundProcessorBase::setVolume()
            INFO: Setting volume for stream 2147483743
            DEBUG: SAMPLE_VOL:0.43  GLOBAL_VOL:1.00  MASTER_VOL:1.00
            INFO: SUCCESS BASS_ChannelSetAttribute(BASS_ATTRIB_VOL)
        DEBUG: END: AltsoundProcessorBase::setVolume()
            DEBUG: SFX stream 2147483743 gain:  0.50  group_vol:  0.85 ducked_vol:  1.00
        DEBUG: BEGIN GSoundProcessor::findLowestDuckVolume()
            DEBUG: SFX duck_vol_map is empty()
        DEBUG: END GSoundProcessor::findLowestDuckVolume()
            DEBUG: SFX ducking volume: 1.00
        DEBUG: BEGIN: AltsoundProcessorBase::setVolume()
            INFO: Setting volume for stream 2147483753
            DEBUG: SAMPLE_VOL:0.34  GLOBAL_VOL:1.00  MASTER_VOL:1.00
            INFO: SUCCESS BASS_ChannelSetAttribute(BASS_ATTRIB_VOL)
        DEBUG: END: AltsoundProcessorBase::setVolume()
            DEBUG: SFX stream 2147483753 gain:  0.40  group_vol:  0.85 ducked_vol:  1.00
        DEBUG: BEGIN GSoundProcessor::findLowestDuckVolume()
            DEBUG: SFX duck_vol_map is empty()
        DEBUG: END GSoundProcessor::findLowestDuckVolume()
            DEBUG: SFX ducking volume: 1.00
        DEBUG: BEGIN: AltsoundProcessorBase::setVolume()
            INFO: Setting volume for stream 2147483747
            DEBUG: SAMPLE_VOL:0.43  GLOBAL_VOL:1.00  MASTER_VOL:1.00
            INFO: SUCCESS BASS_ChannelSetAttribute(BASS_ATTRIB_VOL)
        DEBUG: END: AltsoundProcessorBase::setVolume()
            DEBUG: SFX stream 2147483747 gain:  0.50  group_vol:  0.85 ducked_vol:  1.00
        DEBUG: BEGIN GSoundProcessor::findLowestDuckVolume()
            DEBUG: SFX duck_vol_map is empty()
        DEBUG: END GSoundProcessor::findLowestDuckVolume()
            DEBUG: SFX ducking volume: 1.00
        DEBUG: BEGIN: AltsoundProcessorBase::setVolume()
            INFO: Setting volume for stream 2147483749
            DEBUG: SAMPLE_VOL:0.43  GLOBAL_VOL:1.00  MASTER_VOL:1.00
            INFO: SUCCESS BASS_ChannelSetAttribute(BASS_ATTRIB_VOL)
        DEBUG: END: AltsoundProcessorBase::setVolume()
            DEBUG: SFX stream 2147483749 gain:  0.50  group_vol:  0.85 ducked_vol:  1.00
            INFO: Num active streams: 9
        DEBUG: END GSoundProcessor::adjustStreamVolumes()
        INFO: Playing SFX stream: gnr_300/0x007c-setup_button.ogg
        DEBUG: HSTREAM(2147483753)  CH(06)  CMD(007C)  SAMPLE(gnr_300/0x007c-setup_button.ogg)
            INFO: SUCCESS SFX stream playback
    DEBUG: END GSoundProcessor::handleCmd()
INFO: SUCCESS processor::handleCmd()
DEBUG: BEGIN altsound_postprocess_commands()
DEBUG: MAME_GEN: 0x0000000004000
DEBUG: END postprocess_commands()
DEBUG: END AltsoundProcessCommand()
DEBUG: 
DEBUG: 
BEGIN: GSoundProcessor::common_callback()
    INFO: HSYNC: 2147483738  HSTREAM: 2147483737
    DEBUG: Acquiring mutex
DEBUG: BEGIN: GSoundProcessor::postProcessBehaviors()
    DEBUG: Post-processing SFX behaviors on OVERLAY streams
    DEBUG: Post-processing SFX ducking impact on OVERLAY streams
    DEBUG: Post-processing SFX behaviors on SOLO streams
    DEBUG: Post-processing SFX ducking impact on SOLO streams
    DEBUG: Post-processing SFX behaviors on SFX streams
    DEBUG: Post-processing SFX ducking impact on SFX streams
    DEBUG: Post-processing SFX behaviors on CALLOUT streams
    DEBUG: Post-processing SFX ducking impact on CALLOUT streams
    DEBUG: Post-processing SFX behaviors on MUSIC streams
    DEBUG: Post-processing SFX ducking impact on MUSIC streams
    DEBUG: Erasing ducking impact from SFX stream: 2147483737
DEBUG: BEGIN GSoundProcessor::printBehaviorData()
DEBUG: Printing duck_vol_map:
DEBUG: Stream Type: OVERLAY
DEBUG: Stream Type: SOLO
DEBUG: Stream Type: SFX
DEBUG: Stream Type: CALLOUT
DEBUG: Stream Type: MUSIC
DEBUG: Stream ID: 2147483753, Duck Volume: 0.850000
DEBUG: Stream ID: 2147483751, Duck Volume: 0.850000
DEBUG: Stream ID: 2147483749, Duck Volume: 0.850000
DEBUG: Stream ID: 2147483747, Duck Volume: 0.850000
DEBUG: Stream ID: 2147483743, Duck Volume: 0.850000
DEBUG: Stream ID: 2147483739, Duck Volume: 0.850000
DEBUG: Stream ID: 2147483735, Duck Volume: 0.850000
DEBUG: Printing paused_status_map:
DEBUG: Stream Type: OVERLAY
DEBUG: Stream Type: SOLO
DEBUG: Stream Type: SFX
DEBUG: Stream Type: CALLOUT
DEBUG: Stream Type: MUSIC
DEBUG: END GSoundProcessor::printBehaviorData()
DEBUG: END GSoundProcessor::postProcessBehaviors()
    INFO: BEGIN AltsoundProcessorBase::freeStream()
        INFO: Successfully free'd stream(2147483737)
    DEBUG: END AltsoundProcessorBase::freeStream()
INFO: BEGIN GSoundProcessor::adjustStreamVolumes()
DEBUG: BEGIN GSoundProcessor::findLowestDuckVolume()
    DEBUG: SFX duck_vol_map is empty()
DEBUG: END GSoundProcessor::findLowestDuckVolume()
    DEBUG: SFX ducking volume: 1.00
DEBUG: BEGIN: AltsoundProcessorBase::setVolume()
    INFO: Setting volume for stream 2147483739
    DEBUG: SAMPLE_VOL:0.34  GLOBAL_VOL:1.00  MASTER_VOL:1.00
    INFO: SUCCESS BASS_ChannelSetAttribute(BASS_ATTRIB_VOL)
DEBUG: END: AltsoundProcessorBase::setVolume()
    DEBUG: SFX stream 2147483739 gain:  0.40  group_vol:  0.85 ducked_vol:  1.00
DEBUG: BEGIN GSoundProcessor::findLowestDuckVolume()
    DEBUG: SFX duck_vol_map is empty()
DEBUG: END GSoundProcessor::findLowestDuckVolume()
    DEBUG: SFX ducking volume: 1.00
DEBUG: BEGIN: AltsoundProcessorBase::setVolume()
    INFO: Setting volume for stream 2147483735
    DEBUG: SAMPLE_VOL:0.34  GLOBAL_VOL:1.00  MASTER_VOL:1.00
    INFO: SUCCESS BASS_ChannelSetAttribute(BASS_ATTRIB_VOL)
DEBUG: END: AltsoundProcessorBase::setVolume()
    DEBUG: SFX stream 2147483735 gain:  0.40  group_vol:  0.85 ducked_vol:  1.00
DEBUG: BEGIN GSoundProcessor::findLowestDuckVolume()
    DEBUG: Min ducking value for MUSIC streams: 0.85
DEBUG: END GSoundProcessor::findLowestDuckVolume()
    DEBUG: MUSIC ducking volume: 0.85
DEBUG: BEGIN: AltsoundProcessorBase::setVolume()
    INFO: Setting volume for stream 2147483659
    DEBUG: SAMPLE_VOL:0.76  GLOBAL_VOL:1.00  MASTER_VOL:1.00
    INFO: SUCCESS BASS_ChannelSetAttribute(BASS_ATTRIB_VOL)
DEBUG: END: AltsoundProcessorBase::setVolume()
    DEBUG: MUSIC stream 2147483659 gain:  0.90  group_vol:  1.00 ducked_vol:  0.85
DEBUG: BEGIN GSoundProcessor::findLowestDuckVolume()
    DEBUG: SFX duck_vol_map is empty()
DEBUG: END GSoundProcessor::findLowestDuckVolume()
    DEBUG: SFX ducking volume: 1.00
DEBUG: BEGIN: AltsoundProcessorBase::setVolume()
    INFO: Setting volume for stream 2147483751
    DEBUG: SAMPLE_VOL:0.43  GLOBAL_VOL:1.00  MASTER_VOL:1.00
    INFO: SUCCESS BASS_ChannelSetAttribute(BASS_ATTRIB_VOL)
DEBUG: END: AltsoundProcessorBase::setVolume()
    DEBUG: SFX stream 2147483751 gain:  0.50  group_vol:  0.85 ducked_vol:  1.00
DEBUG: BEGIN GSoundProcessor::findLowestDuckVolume()
    DEBUG: SFX duck_vol_map is empty()
DEBUG: END GSoundProcessor::findLowestDuckVolume()
    DEBUG: SFX ducking volume: 1.00
DEBUG: BEGIN: AltsoundProcessorBase::setVolume()
    INFO: Setting volume for stream 2147483743
    DEBUG: SAMPLE_VOL:0.43  GLOBAL_VOL:1.00  MASTER_VOL:1.00
    INFO: SUCCESS BASS_ChannelSetAttribute(BASS_ATTRIB_VOL)
DEBUG: END: AltsoundProcessorBase::setVolume()
    DEBUG: SFX stream 2147483743 gain:  0.50  group_vol:  0.85 ducked_vol:  1.00
DEBUG: BEGIN GSoundProcessor::findLowestDuckVolume()
    DEBUG: SFX duck_vol_map is empty()
DEBUG: END GSoundProcessor::findLowestDuckVolume()
    DEBUG: SFX ducking volume: 1.00
DEBUG: BEGIN: AltsoundProcessorBase::setVolume()
    INFO: Setting volume for stream 2147483753
    DEBUG: SAMPLE_VOL:0.34  GLOBAL_VOL:1.00  MASTER_VOL:1.00
    INFO: SUCCESS BASS_ChannelSetAttribute(BASS_ATTRIB_VOL)
DEBUG: END: AltsoundProcessorBase::setVolume()
    DEBUG: SFX stream 2147483753 gain:  0.40  group_vol:  0.85 ducked_vol:  1.00
DEBUG: BEGIN GSoundProcessor::findLowestDuckVolume()
    DEBUG: SFX duck_vol_map is empty()
DEBUG: END GSoundProcessor::findLowestDuckVolume()
    DEBUG: SFX ducking volume: 1.00
DEBUG: BEGIN: AltsoundProcessorBase::setVolume()
    INFO: Setting volume for stream 2147483747
    DEBUG: SAMPLE_VOL:0.43  GLOBAL_VOL:1.00  MASTER_VOL:1.00
    INFO: SUCCESS BASS_ChannelSetAttribute(BASS_ATTRIB_VOL)
DEBUG: END: AltsoundProcessorBase::setVolume()
    DEBUG: SFX stream 2147483747 gain:  0.50  group_vol:  0.85 ducked_vol:  1.00
DEBUG: BEGIN GSoundProcessor::findLowestDuckVolume()
    DEBUG: SFX duck_vol_map is empty()
DEBUG: END GSoundProcessor::findLowestDuckVolume()
    DEBUG: SFX ducking volume: 1.00
DEBUG: BEGIN: AltsoundProcessorBase::setVolume()
    INFO: Setting volume for stream 2147483749
    DEBUG: SAMPLE_VOL:0.43  GLOBAL_VOL:1.00  MASTER_VOL:1.00
    INFO: SUCCESS BASS_ChannelSetAttribute(BASS_ATTRIB_VOL)
DEBUG: END: AltsoundProcessorBase::setVolume()
    DEBUG: SFX stream 2147483749 gain:  0.50  group_vol:  0.85 ducked_vol:  1.00
    INFO: Num active streams: 8
DEBUG: END GSoundProcessor::adjustStreamVolumes()
DEBUG: BEGIN GSoundProcessor::processPausedStreams()
DEBUG: BEGIN GSoundProcessor::tryResumeStream()
DEBUG: END GSoundProcessor::tryResumeStream()
DEBUG: BEGIN GSoundProcessor::tryResumeStream()
DEBUG: END GSoundProcessor::tryResumeStream()
DEBUG: BEGIN GSoundProcessor::tryResumeStream()
DEBUG: END GSoundProcessor::tryResumeStream()
DEBUG: BEGIN GSoundProcessor::tryResumeStream()
DEBUG: END GSoundProcessor::tryResumeStream()
DEBUG: BEGIN GSoundProcessor::tryResumeStream()
DEBUG: END GSoundProcessor::tryResumeStream()
DEBUG: BEGIN GSoundProcessor::tryResumeStream()
DEBUG: END GSoundProcessor::tryResumeStream()
DEBUG: BEGIN GSoundProcessor::tryResumeStream()
DEBUG: END GSoundProcessor::tryResumeStream()
DEBUG: BEGIN GSoundProcessor::tryResumeStream()
DEBUG: END GSoundProcessor::tryResumeStream()
DEBUG: END GSoundProcessor::processPausedStreams()
    INFO: SFX stream(2147483737) finished on ch(02)
DEBUG: END GSoundProcessor::common_callback()
DEBUG: 
BEGIN: GSoundProcessor::common_callback()
    INFO: HSYNC: 2147483740  HSTREAM: 2147483739
    DEBUG: Acquiring mutex
DEBUG: BEGIN: GSoundProcessor::postProcessBehaviors()
    DEBUG: Post-processing SFX behaviors on OVERLAY streams
    DEBUG: Post-processing SFX ducking impact on OVERLAY streams
    DEBUG: Post-processing SFX behaviors on SOLO streams
    DEBUG: Post-processing SFX ducking impact on SOLO streams
    DEBUG: Post-processing SFX behaviors on SFX streams
    DEBUG: Post-processing SFX ducking impact on SFX streams
    DEBUG: Post-processing SFX behaviors on CALLOUT streams
    DEBUG: Post-processing SFX ducking impact on CALLOUT streams
    DEBUG: Post-processing SFX behaviors on MUSIC streams
    DEBUG: Post-processing SFX ducking impact on MUSIC streams
    DEBUG: Erasing ducking impact from SFX stream: 2147483739
DEBUG: BEGIN GSoundProcessor::printBehaviorData()
DEBUG: Printing duck_vol_map:
DEBUG: Stream Type: OVERLAY
DEBUG: Stream Type: SOLO
DEBUG: Stream Type: SFX
DEBUG: Stream Type: CALLOUT
DEBUG: Stream Type: MUSIC
DEBUG: Stream ID: 2147483753, Duck Volume: 0.850000
DEBUG: Stream ID: 2147483751, Duck Volume: 0.850000
DEBUG: Stream ID: 2147483749, Duck Volume: 0.850000
DEBUG: Stream ID: 2147483747, Duck Volume: 0.850000
DEBUG: Stream ID: 2147483743, Duck Volume: 0.850000
DEBUG: Stream ID: 2147483735, Duck Volume: 0.850000
DEBUG: Printing paused_status_map:
DEBUG: Stream Type: OVERLAY
DEBUG: Stream Type: SOLO
DEBUG: Stream Type: SFX
DEBUG: Stream Type: CALLOUT
DEBUG: Stream Type: MUSIC
DEBUG: END GSoundProcessor::printBehaviorData()
DEBUG: END GSoundProcessor::postProcessBehaviors()
    INFO: BEGIN AltsoundProcessorBase::freeStream()
        INFO: Successfully free'd stream(2147483739)
    DEBUG: END AltsoundProcessorBase::freeStream()
INFO: BEGIN GSoundProcessor::adjustStreamVolumes()
DEBUG: BEGIN GSoundProcessor::findLowestDuckVolume()
    DEBUG: SFX duck_vol_map is empty()
DEBUG: END GSoundProcessor::findLowestDuckVolume()
    DEBUG: SFX ducking volume: 1.00
DEBUG: BEGIN: AltsoundProcessorBase::setVolume()
    INFO: Setting volume for stream 2147483735
    DEBUG: SAMPLE_VOL:0.34  GLOBAL_VOL:1.00  MASTER_VOL:1.00
    INFO: SUCCESS BASS_ChannelSetAttribute(BASS_ATTRIB_VOL)
DEBUG: END: AltsoundProcessorBase::setVolume()
    DEBUG: SFX stream 2147483735 gain:  0.40  group_vol:  0.85 ducked_vol:  1.00
DEBUG: BEGIN GSoundProcessor::findLowestDuckVolume()
    DEBUG: Min ducking value for MUSIC streams: 0.85
DEBUG: END GSoundProcessor::findLowestDuckVolume()
    DEBUG: MUSIC ducking volume: 0.85
DEBUG: BEGIN: AltsoundProcessorBase::setVolume()
    INFO: Setting volume for stream 2147483659
    DEBUG: SAMPLE_VOL:0.76  GLOBAL_VOL:1.00  MASTER_VOL:1.00
    INFO: SUCCESS BASS_ChannelSetAttribute(BASS_ATTRIB_VOL)
DEBUG: END: AltsoundProcessorBase::setVolume()
    DEBUG: MUSIC stream 2147483659 gain:  0.90  group_vol:  1.00 ducked_vol:  0.85
DEBUG: BEGIN GSoundProcessor::findLowestDuckVolume()
    DEBUG: SFX duck_vol_map is empty()
DEBUG: END GSoundProcessor::findLowestDuckVolume()
    DEBUG: SFX ducking volume: 1.00
DEBUG: BEGIN: AltsoundProcessorBase::setVolume()
    INFO: Setting volume for stream 2147483751
    DEBUG: SAMPLE_VOL:0.43  GLOBAL_VOL:1.00  MASTER_VOL:1.00
    INFO: SUCCESS BASS_ChannelSetAttribute(BASS_ATTRIB_VOL)
DEBUG: END: AltsoundProcessorBase::setVolume()
    DEBUG: SFX stream 2147483751 gain:  0.50  group_vol:  0.85 ducked_vol:  1.00
DEBUG: BEGIN GSoundProcessor::findLowestDuckVolume()
    DEBUG: SFX duck_vol_map is empty()
DEBUG: END GSoundProcessor::findLowestDuckVolume()
    DEBUG: SFX ducking volume: 1.00
DEBUG: BEGIN: AltsoundProcessorBase::setVolume()
    INFO: Setting volume for stream 2147483743
    DEBUG: SAMPLE_VOL:0.43  GLOBAL_VOL:1.00  MASTER_VOL:1.00
    INFO: SUCCESS BASS_ChannelSetAttribute(BASS_ATTRIB_VOL)
DEBUG: END: AltsoundProcessorBase::setVolume()
    DEBUG: SFX stream 2147483743 gain:  0.50  group_vol:  0.85 ducked_vol:  1.00
DEBUG: BEGIN GSoundProcessor::findLowestDuckVolume()
    DEBUG: SFX duck_vol_map is empty()
DEBUG: END GSoundProcessor::findLowestDuckVolume()
    DEBUG: SFX ducking volume: 1.00
DEBUG: BEGIN: AltsoundProcessorBase::setVolume()
    INFO: Setting volume for stream 2147483753
    DEBUG: SAMPLE_VOL:0.34  GLOBAL_VOL:1.00  MASTER_VOL:1.00
    INFO: SUCCESS BASS_ChannelSetAttribute(BASS_ATTRIB_VOL)
DEBUG: END: AltsoundProcessorBase::setVolume()
    DEBUG: SFX stream 2147483753 gain:  0.40  group_vol:  0.85 ducked_vol:  1.00
DEBUG: BEGIN GSoundProcessor::findLowestDuckVolume()
    DEBUG: SFX duck_vol_map is empty()
DEBUG: END GSoundProcessor::findLowestDuckVolume()
    DEBUG: SFX ducking volume: 1.00
DEBUG: BEGIN: AltsoundProcessorBase::setVolume()
    INFO: Setting volume for stream 2147483747
    DEBUG: SAMPLE_VOL:0.43  GLOBAL_VOL:1.00  MASTER_VOL:1.00
    INFO: SUCCESS BASS_ChannelSetAttribute(BASS_ATTRIB_VOL)
DEBUG: END: AltsoundProcessorBase::setVolume()
    DEBUG: SFX stream 2147483747 gain:  0.50  group_vol:  0.85 ducked_vol:  1.00
DEBUG: BEGIN GSoundProcessor::findLowestDuckVolume()
    DEBUG: SFX duck_vol_map is empty()
DEBUG: END GSoundProcessor::findLowestDuckVolume()
    DEBUG: SFX ducking volume: 1.00
DEBUG: BEGIN: AltsoundProcessorBase::setVolume()
    INFO: Setting volume for stream 2147483749
    DEBUG: SAMPLE_VOL:0.43  GLOBAL_VOL:1.00  MASTER_VOL:1.00
    INFO: SUCCESS BASS_ChannelSetAttribute(BASS_ATTRIB_VOL)
DEBUG: END: AltsoundProcessorBase::setVolume()
    DEBUG: SFX stream 2147483749 gain:  0.50  group_vol:  0.85 ducked_vol:  1.00
    INFO: Num active streams: 7
DEBUG: END GSoundProcessor::adjustStreamVolumes()
DEBUG: BEGIN GSoundProcessor::processPausedStreams()
DEBUG: BEGIN GSoundProcessor::tryResumeStream()
DEBUG: END GSoundProcessor::tryResumeStream()
DEBUG: BEGIN GSoundProcessor::tryResumeStream()
DEBUG: END GSoundProcessor::tryResumeStream()
DEBUG: BEGIN GSoundProcessor::tryResumeStream()
DEBUG: END GSoundProcessor::tryResumeStream()
DEBUG: BEGIN GSoundProcessor::tryResumeStream()
DEBUG: END GSoundProcessor::tryResumeStream()
DEBUG: BEGIN GSoundProcessor::tryResumeStream()
DEBUG: END GSoundProcessor::tryResumeStream()
DEBUG: BEGIN GSoundProcessor::tryResumeStream()
DEBUG: END GSoundProcessor::tryResumeStream()
DEBUG: BEGIN GSoundProcessor::tryResumeStream()
DEBUG: END GSoundProcessor::tryResumeStream()
DEBUG: END GSoundProcessor::processPausedStreams()
    INFO: SFX stream(2147483739) finished on ch(00)
DEBUG: END GSoundProcessor::common_callback()
DEBUG: BEGIN AltsoundProcessCommand()
DEBUG: Master Volume (Post Attenuation): 1.00
DEBUG: BEGIN altsound_preprocess_commands()
DEBUG: MAME_GEN: 0x0000000004000
DEBUG: Hardware Generation: DEDMD16, DEDMD32, DEDMD64, DE
DEBUG: END altsound_preprocess_commands()
DEBUG: Command complete. Processing...
    DEBUG: BEGIN GSoundProcessor::handleCmd()
        DEBUG: Acquiring mutex
        DEBUG: BEGIN GSoundProcessor::getSample()
        INFO: Found 1 sample(s) for ID: 007D
        INFO: Sample: gnr_300/0x007d-setup_validation.ogg
        DEBUG: END GSoundProcessor::getSample()
        DEBUG: BEGIN GSoundProcessor::processStream()
            DEBUG: BEGIN AltsoundProcessorBase::createStream()
                INFO: BEGIN: AltsoundProcessorBase::findFreeChannel()
                    INFO: Found free channel: 00
                DEBUG: END: AltsoundProcessorBase::findFreeChannel()
                INFO: Successfully created stream(2147483755) on channel(00)
            DEBUG: END: AltsoundProcessorBase::createStream()
        DEBUG: BEGIN: GSoundProcessor::processBehaviors()
            DEBUG: Processing SFX behaviors on OVERLAY streams
            DEBUG: Processing SFX behaviors on SOLO streams
            DEBUG: Processing SFX behaviors on SFX streams
            DEBUG: Processing SFX behaviors on CALLOUT streams
            DEBUG: Processing SFX behaviors on MUSIC streams
        DEBUG: BEGIN GSoundProcessor::printBehaviorData()
        DEBUG: Printing duck_vol_map:
        DEBUG: Stream Type: OVERLAY
        DEBUG: Stream Type: SOLO
        DEBUG: Stream Type: SFX
        DEBUG: Stream Type: CALLOUT
        DEBUG: Stream Type: MUSIC
        DEBUG: Stream ID: 2147483755, Duck Volume: 0.850000
        DEBUG: Stream ID: 2147483753, Duck Volume: 0.850000
        DEBUG: Stream ID: 2147483751, Duck Volume: 0.850000
        DEBUG: Stream ID: 2147483749, Duck Volume: 0.850000
        DEBUG: Stream ID: 2147483747, Duck Volume: 0.850000
        DEBUG: Stream ID: 2147483743, Duck Volume: 0.850000
        DEBUG: Stream ID: 2147483735, Duck Volume: 0.850000
        DEBUG: Printing paused_status_map:
        DEBUG: Stream Type: OVERLAY
        DEBUG: Stream Type: SOLO
        DEBUG: Stream Type: SFX
        DEBUG: Stream Type: CALLOUT
        DEBUG: Stream Type: MUSIC
        DEBUG: END GSoundProcessor::printBehaviorData()
        DEBUG: END GSoundProcessor::processBehaviors()
        DEBUG: END GSoundProcessor::processStream()
        INFO: BEGIN GSoundProcessor::adjustStreamVolumes()
        DEBUG: BEGIN GSoundProcessor::findLowestDuckVolume()
            DEBUG: SFX duck_vol_map is empty()
        DEBUG: END GSoundProcessor::findLowestDuckVolume()
            DEBUG: SFX ducking volume: 1.00
        DEBUG: BEGIN: AltsoundProcessorBase::setVolume()
            INFO: Setting volume for stream 2147483755
            DEBUG: SAMPLE_VOL:0.34  GLOBAL_VOL:1.00  MASTER_VOL:1.00
            INFO: SUCCESS BASS_ChannelSetAttribute(BASS_ATTRIB_VOL)
        DEBUG: END: AltsoundProcessorBase::setVolume()
            DEBUG: SFX stream 2147483755 gain:  0.40  group_vol:  0.85 ducked_vol:  1.00
        DEBUG: BEGIN GSoundProcessor::findLowestDuckVolume()
            DEBUG: SFX duck_vol_map is empty()
        DEBUG: END GSoundProcessor::findLowestDuckVolume()
            DEBUG: SFX ducking volume: 1.00
        DEBUG: BEGIN: AltsoundProcessorBase::setVolume()
            INFO: Setting volume for stream 2147483735
            DEBUG: SAMPLE_VOL:0.34  GLOBAL_VOL:1.00  MASTER_VOL:1.00
            INFO: SUCCESS BASS_ChannelSetAttribute(BASS_ATTRIB_VOL)
        DEBUG: END: AltsoundProcessorBase::setVolume()
            DEBUG: SFX stream 2147483735 gain:  0.40  group_vol:  0.85 ducked_vol:  1.00
        DEBUG: BEGIN GSoundProcessor::findLowestDuckVolume()
            DEBUG: Min ducking value for MUSIC streams: 0.85
        DEBUG: END GSoundProcessor::findLowestDuckVolume()
            DEBUG: MUSIC ducking volume: 0.85
        DEBUG: BEGIN: AltsoundProcessorBase::setVolume()
            INFO: Setting volume for stream 2147483659
            DEBUG: SAMPLE_VOL:0.76  GLOBAL_VOL:1.00  MASTER_VOL:1.00
            INFO: SUCCESS BASS_ChannelSetAttribute(BASS_ATTRIB_VOL)
        DEBUG: END: AltsoundProcessorBase::setVolume()
            DEBUG: MUSIC stream 2147483659 gain:  0.90  group_vol:  1.00 ducked_vol:  0.85
        DEBUG: BEGIN GSoundProcessor::findLowestDuckVolume()
            DEBUG: SFX duck_vol_map is empty()
        DEBUG: END GSoundProcessor::findLowestDuckVolume()
            DEBUG: SFX ducking volume: 1.00
        DEBUG: BEGIN: AltsoundProcessorBase::setVolume()
            INFO: Setting volume for stream 2147483751
            DEBUG: SAMPLE_VOL:0.43  GLOBAL_VOL:1.00  MASTER_VOL:1.00
            INFO: SUCCESS BASS_ChannelSetAttribute(BASS_ATTRIB_VOL)
        DEBUG: END: AltsoundProcessorBase::setVolume()
            DEBUG: SFX stream 2147483751 gain:  0.50  group_vol:  0.85 ducked_vol:  1.00
        DEBUG: BEGIN GSoundProcessor::findLowestDuckVolume()
            DEBUG: SFX duck_vol_map is empty()
        DEBUG: END GSoundProcessor::findLowestDuckVolume()
            DEBUG: SFX ducking volume: 1.00
        DEBUG: BEGIN: AltsoundProcessorBase::setVolume()
            INFO: Setting volume for stream 2147483743
            DEBUG: SAMPLE_VOL:0.43  GLOBAL_VOL:1.00  MASTER_VOL:1.00
            INFO: SUCCESS BASS_ChannelSetAttribute(BASS_ATTRIB_VOL)
        DEBUG: END: AltsoundProcessorBase::setVolume()
            DEBUG: SFX stream 2147483743 gain:  0.50  group_vol:  0.85 ducked_vol:  1.00
        DEBUG: BEGIN GSoundProcessor::findLowestDuckVolume()
            DEBUG: SFX duck_vol_map is empty()
        DEBUG: END GSoundProcessor::findLowestDuckVolume()
            DEBUG: SFX ducking volume: 1.00
        DEBUG: BEGIN: AltsoundProcessorBase::setVolume()
            INFO: Setting volume for stream 2147483753
            DEBUG: SAMPLE_VOL:0.34  GLOBAL_VOL:1.00  MASTER_VOL:1.00
            INFO: SUCCESS BASS_ChannelSetAttribute(BASS_ATTRIB_VOL)
        DEBUG: END: AltsoundProcessorBase::setVolume()
            DEBUG: SFX stream 2147483753 gain:  0.40  group_vol:  0.85 ducked_vol:  1.00
        DEBUG: BEGIN GSoundProcessor::findLowestDuckVolume()
            DEBUG: SFX duck_vol_map is empty()
        DEBUG: END GSoundProcessor::findLowestDuckVolume()
            DEBUG: SFX ducking volume: 1.00
        DEBUG: BEGIN: AltsoundProcessorBase::setVolume()
            INFO: Setting volume for stream 2147483747
            DEBUG: SAMPLE_VOL:0.43  GLOBAL_VOL:1.00  MASTER_VOL:1.00
            INFO: SUCCESS BASS_ChannelSetAttribute(BASS_ATTRIB_VOL)
        DEBUG: END: AltsoundProcessorBase::setVolume()
            DEBUG: SFX stream 2147483747 gain:  0.50  group_vol:  0.85 ducked_vol:  1.00
        DEBUG: BEGIN GSoundProcessor::findLowestDuckVolume()
            DEBUG: SFX duck_vol_map is empty()
        DEBUG: END GSoundProcessor::findLowestDuckVolume()
            DEBUG: SFX ducking volume: 1.00
        DEBUG: BEGIN: AltsoundProcessorBase::setVolume()
            INFO: Setting volume for stream 2147483749
            DEBUG: SAMPLE_VOL:0.43  GLOBAL_VOL:1.00  MASTER_VOL:1.00
            INFO: SUCCESS BASS_ChannelSetAttribute(BASS_ATTRIB_VOL)
        DEBUG: END: AltsoundProcessorBase::setVolume()
            DEBUG: SFX stream 2147483749 gain:  0.50  group_vol:  0.85 ducked_vol:  1.00
            INFO: Num active streams: 8
        DEBUG: END GSoundProcessor::adjustStreamVolumes()
        INFO: Playing SFX stream: gnr_300/0x007d-setup_validation.ogg
        DEBUG: HSTREAM(2147483755)  CH(00)  CMD(007D)  SAMPLE(gnr_300/0x007d-setup_validation.ogg)
            INFO: SUCCESS SFX stream playback
    DEBUG: END GSoundProcessor::handleCmd()
INFO: SUCCESS processor::handleCmd()
DEBUG: BEGIN altsound_postprocess_commands()
DEBUG: MAME_GEN: 0x0000000004000
DEBUG: END postprocess_commands()
DEBUG: END AltsoundProcessCommand()
DEBUG: 
DEBUG: 
BEGIN: GSoundProcessor::common_callback()
    INFO: HSYNC: 2147483736  HSTREAM: 2147483735
    DEBUG: Acquiring mutex
DEBUG: BEGIN: GSoundProcessor::postProcessBehaviors()
    DEBUG: Post-processing SFX behaviors on OVERLAY streams
    DEBUG: Post-processing SFX ducking impact on OVERLAY streams
    DEBUG: Post-processing SFX behaviors on SOLO streams
    DEBUG: Post-processing SFX ducking impact on SOLO streams
    DEBUG: Post-processing SFX behaviors on SFX streams
    DEBUG: Post-processing SFX ducking impact on SFX streams
    DEBUG: Post-processing SFX behaviors on CALLOUT streams
    DEBUG: Post-processing SFX ducking impact on CALLOUT streams
    DEBUG: Post-processing SFX behaviors on MUSIC streams
    DEBUG: Post-processing SFX ducking impact on MUSIC streams
    DEBUG: Erasing ducking impact from SFX stream: 2147483735
DEBUG: BEGIN GSoundProcessor::printBehaviorData()
DEBUG: Printing duck_vol_map:
DEBUG: Stream Type: OVERLAY
DEBUG: Stream Type: SOLO
DEBUG: Stream Type: SFX
DEBUG: Stream Type: CALLOUT
DEBUG: Stream Type: MUSIC
DEBUG: Stream ID: 2147483755, Duck Volume: 0.850000
DEBUG: Stream ID: 2147483753, Duck Volume: 0.850000
DEBUG: Stream ID: 2147483751, Duck Volume: 0.850000
DEBUG: Stream ID: 2147483749, Duck Volume: 0.850000
DEBUG: Stream ID: 2147483747, Duck Volume: 0.850000
DEBUG: Stream ID: 2147483743, Duck Volume: 0.850000
DEBUG: Printing paused_status_map:
DEBUG: Stream Type: OVERLAY
DEBUG: Stream Type: SOLO
DEBUG: Stream Type: SFX
DEBUG: Stream Type: CALLOUT
DEBUG: Stream Type: MUSIC
DEBUG: END GSoundProcessor::printBehaviorData()
DEBUG: END GSoundProcessor::postProcessBehaviors()
    INFO: BEGIN AltsoundProcessorBase::freeStream()
        INFO: Successfully free'd stream(2147483735)
    DEBUG: END AltsoundProcessorBase::freeStream()
INFO: BEGIN GSoundProcessor::adjustStreamVolumes()
DEBUG: BEGIN GSoundProcessor::findLowestDuckVolume()
    DEBUG: SFX duck_vol_map is empty()
DEBUG: END GSoundProcessor::findLowestDuckVolume()
    DEBUG: SFX ducking volume: 1.00
DEBUG: BEGIN: AltsoundProcessorBase::setVolume()
    INFO: Setting volume for stream 2147483755
    DEBUG: SAMPLE_VOL:0.34  GLOBAL_VOL:1.00  MASTER_VOL:1.00
    INFO: SUCCESS BASS_ChannelSetAttribute(BASS_ATTRIB_VOL)
DEBUG: END: AltsoundProcessorBase::setVolume()
    DEBUG: SFX stream 2147483755 gain:  0.40  group_vol:  0.85 ducked_vol:  1.00
DEBUG: BEGIN GSoundProcessor::findLowestDuckVolume()
    DEBUG: Min ducking value for MUSIC streams: 0.85
DEBUG: END GSoundProcessor::findLowestDuckVolume()
    DEBUG: MUSIC ducking volume: 0.85
DEBUG: BEGIN: AltsoundProcessorBase::setVolume()
    INFO: Setting volume for stream 2147483659
    DEBUG: SAMPLE_VOL:0.76  GLOBAL_VOL:1.00  MASTER_VOL:1.00
    INFO: SUCCESS BASS_ChannelSetAttribute(BASS_ATTRIB_VOL)
DEBUG: END: AltsoundProcessorBase::setVolume()
    DEBUG: MUSIC stream 2147483659 gain:  0.90  group_vol:  1.00 ducked_vol:  0.85
DEBUG: BEGIN GSoundProcessor::findLowestDuckVolume()
    DEBUG: SFX duck_vol_map is empty()
DEBUG: END GSoundProcessor::findLowestDuckVolume()
    DEBUG: SFX ducking volume: 1.00
DEBUG: BEGIN: AltsoundProcessorBase::setVolume()
    INFO: Setting volume for stream 2147483751
    DEBUG: SAMPLE_VOL:0.43  GLOBAL_VOL:1.00  MASTER_VOL:1.00
    INFO: SUCCESS BASS_ChannelSetAttribute(BASS_ATTRIB_VOL)
DEBUG: END: AltsoundProcessorBase::setVolume()
    DEBUG: SFX stream 2147483751 gain:  0.50  group_vol:  0.85 ducked_vol:  1.00
DEBUG: BEGIN GSoundProcessor::findLowestDuckVolume()
    DEBUG: SFX duck_vol_map is empty()
DEBUG: END GSoundProcessor::findLowestDuckVolume()
    DEBUG: SFX ducking volume: 1.00
DEBUG: BEGIN: AltsoundProcessorBase::setVolume()
    INFO: Setting volume for stream 2147483743
    DEBUG: SAMPLE_VOL:0.43  GLOBAL_VOL:1.00  MASTER_VOL:1.00
    INFO: SUCCESS BASS_ChannelSetAttribute(BASS_ATTRIB_VOL)
DEBUG: END: AltsoundProcessorBase::setVolume()
    DEBUG: SFX stream 2147483743 gain:  0.50  group_vol:  0.85 ducked_vol:  1.00
DEBUG: BEGIN GSoundProcessor::findLowestDuckVolume()
    DEBUG: SFX duck_vol_map is empty()
DEBUG: END GSoundProcessor::findLowestDuckVolume()
    DEBUG: SFX ducking volume: 1.00
DEBUG: BEGIN: AltsoundProcessorBase::setVolume()
    INFO: Setting volume for stream 2147483753
    DEBUG: SAMPLE_VOL:0.34  GLOBAL_VOL:1.00  MASTER_VOL:1.00
    INFO: SUCCESS BASS_ChannelSetAttribute(BASS_ATTRIB_VOL)
DEBUG: END: AltsoundProcessorBase::setVolume()
    DEBUG: SFX stream 2147483753 gain:  0.40  group_vol:  0.85 ducked_vol:  1.00
DEBUG: BEGIN GSoundProcessor::findLowestDuckVolume()
    DEBUG: SFX duck_vol_map is empty()
DEBUG: END GSoundProcessor::findLowestDuckVolume()
    DEBUG: SFX ducking volume: 1.00
DEBUG: BEGIN: AltsoundProcessorBase::setVolume()
    INFO: Setting volume for stream 2147483747
    DEBUG: SAMPLE_VOL:0.43  GLOBAL_VOL:1.00  MASTER_VOL:1.00
    INFO: SUCCESS BASS_ChannelSetAttribute(BASS_ATTRIB_VOL)
DEBUG: END: AltsoundProcessorBase::setVolume()
    DEBUG: SFX stream 2147483747 gain:  0.50  group_vol:  0.85 ducked_vol:  1.00
DEBUG: BEGIN GSoundProcessor::findLowestDuckVolume()
    DEBUG: SFX duck_vol_map is empty()
DEBUG: END GSoundProcessor::findLowestDuckVolume()
    DEBUG: SFX ducking volume: 1.00
DEBUG: BEGIN: AltsoundProcessorBase::setVolume()
    INFO: Setting volume for stream 2147483749
    DEBUG: SAMPLE_VOL:0.43  GLOBAL_VOL:1.00  MASTER_VOL:1.00
    INFO: SUCCESS BASS_ChannelSetAttribute(BASS_ATTRIB_VOL)
DEBUG: END: AltsoundProcessorBase::setVolume()
    DEBUG: SFX stream 2147483749 gain:  0.50  group_vol:  0.85 ducked_vol:  1.00
    INFO: Num active streams: 7
DEBUG: END GSoundProcessor::adjustStreamVolumes()
DEBUG: BEGIN GSoundProcessor::processPausedStreams()
DEBUG: BEGIN GSoundProcessor::tryResumeStream()
DEBUG: END GSoundProcessor::tryResumeStream()
DEBUG: BEGIN GSoundProcessor::tryResumeStream()
DEBUG: END GSoundProcessor::tryResumeStream()
DEBUG: BEGIN GSoundProcessor::tryResumeStream()
DEBUG: END GSoundProcessor::tryResumeStream()
DEBUG: BEGIN GSoundProcessor::tryResumeStream()
DEBUG: END GSoundProcessor::tryResumeStream()
DEBUG: BEGIN GSoundProcessor::tryResumeStream()
DEBUG: END GSoundProcessor::tryResumeStream()
DEBUG: BEGIN GSoundProcessor::tryResumeStream()
DEBUG: END GSoundProcessor::tryResumeStream()
DEBUG: BEGIN GSoundProcessor::tryResumeStream()
DEBUG: END GSoundProcessor::tryResumeStream()
DEBUG: END GSoundProcessor::processPausedStreams()
    INFO: SFX stream(2147483735) finished on ch(01)
DEBUG: END GSoundProcessor::common_callback()
DEBUG: 
BEGIN: GSoundProcessor::common_callback()
    INFO: HSYNC: 2147483750  HSTREAM: 2147483749
    DEBUG: Acquiring mutex
DEBUG: BEGIN: GSoundProcessor::postProcessBehaviors()
    DEBUG: Post-processing SFX behaviors on OVERLAY streams
    DEBUG: Post-processing SFX ducking impact on OVERLAY streams
    DEBUG: Post-processing SFX behaviors on SOLO streams
    DEBUG: Post-processing SFX ducking impact on SOLO streams
    DEBUG: Post-processing SFX behaviors on SFX streams
    DEBUG: Post-processing SFX ducking impact on SFX streams
    DEBUG: Post-processing SFX behaviors on CALLOUT streams
    DEBUG: Post-processing SFX ducking impact on CALLOUT streams
    DEBUG: Post-processing SFX behaviors on MUSIC streams
    DEBUG: Post-processing SFX ducking impact on MUSIC streams
    DEBUG: Erasing ducking impact from SFX stream: 2147483749
DEBUG: BEGIN GSoundProcessor::printBehaviorData()
DEBUG: Printing duck_vol_map:
DEBUG: Stream Type: OVERLAY
DEBUG: Stream Type: SOLO
DEBUG: Stream Type: SFX
DEBUG: Stream Type: CALLOUT
DEBUG: Stream Type: MUSIC
DEBUG: Stream ID: 2147483755, Duck Volume: 0.850000
DEBUG: Stream ID: 2147483753, Duck Volume: 0.850000
DEBUG: Stream ID: 2147483751, Duck Volume: 0.850000
DEBUG: Stream ID: 2147483747, Duck Volume: 0.850000
DEBUG: Stream ID: 2147483743, Duck Volume: 0.850000
DEBUG: Printing paused_status_map:
DEBUG: Stream Type: OVERLAY
DEBUG: Stream Type: SOLO
DEBUG: Stream Type: SFX
DEBUG: Stream Type: CALLOUT
DEBUG: Stream Type: MUSIC
DEBUG: END GSoundProcessor::printBehaviorData()
DEBUG: END GSoundProcessor::postProcessBehaviors()
    INFO: BEGIN AltsoundProcessorBase::freeStream()
        INFO: Successfully free'd stream(2147483749)
    DEBUG: END AltsoundProcessorBase::freeStream()
INFO: BEGIN GSoundProcessor::adjustStreamVolumes()
DEBUG: BEGIN GSoundProcessor::findLowestDuckVolume()
    DEBUG: SFX duck_vol_map is empty()
DEBUG: END GSoundProcessor::findLowestDuckVolume()
    DEBUG: SFX ducking volume: 1.00
DEBUG: BEGIN: AltsoundProcessorBase::setVolume()
    INFO: Setting volume for stream 2147483755
    DEBUG: SAMPLE_VOL:0.34  GLOBAL_VOL:1.00  MASTER_VOL:1.00
    INFO: SUCCESS BASS_ChannelSetAttribute(BASS_ATTRIB_VOL)
DEBUG: END: AltsoundProcessorBase::setVolume()
    DEBUG: SFX stream 2147483755 gain:  0.40  group_vol:  0.85 ducked_vol:  1.00
DEBUG: BEGIN GSoundProcessor::findLowestDuckVolume()
    DEBUG: Min ducking value for MUSIC streams: 0.85
DEBUG: END GSoundProcessor::findLowestDuckVolume()
    DEBUG: MUSIC ducking volume: 0.85
DEBUG: BEGIN: AltsoundProcessorBase::setVolume()
    INFO: Setting volume for stream 2147483659
    DEBUG: SAMPLE_VOL:0.76  GLOBAL_VOL:1.00  MASTER_VOL:1.00
    INFO: SUCCESS BASS_ChannelSetAttribute(BASS_ATTRIB_VOL)
DEBUG: END: AltsoundProcessorBase::setVolume()
    DEBUG: MUSIC stream 2147483659 gain:  0.90  group_vol:  1.00 ducked_vol:  0.85
DEBUG: BEGIN GSoundProcessor::findLowestDuckVolume()
    DEBUG: SFX duck_vol_map is empty()
DEBUG: END GSoundProcessor::findLowestDuckVolume()
    DEBUG: SFX ducking volume: 1.00
DEBUG: BEGIN: AltsoundProcessorBase::setVolume()
    INFO: Setting volume for stream 2147483751
    DEBUG: SAMPLE_VOL:0.43  GLOBAL_VOL:1.00  MASTER_VOL:1.00
    INFO: SUCCESS BASS_ChannelSetAttribute(BASS_ATTRIB_VOL)
DEBUG: END: AltsoundProcessorBase::setVolume()
    DEBUG: SFX stream 2147483751 gain:  0.50  group_vol:  0.85 ducked_vol:  1.00
DEBUG: BEGIN GSoundProcessor::findLowestDuckVolume()
    DEBUG: SFX duck_vol_map is empty()
DEBUG: END GSoundProcessor::findLowestDuckVolume()
    DEBUG: SFX ducking volume: 1.00
DEBUG: BEGIN: AltsoundProcessorBase::setVolume()
    INFO: Setting volume for stream 2147483743
    DEBUG: SAMPLE_VOL:0.43  GLOBAL_VOL:1.00  MASTER_VOL:1.00
    INFO: SUCCESS BASS_ChannelSetAttribute(BASS_ATTRIB_VOL)
DEBUG: END: AltsoundProcessorBase::setVolume()
    DEBUG: SFX stream 2147483743 gain:  0.50  group_vol:  0.85 ducked_vol:  1.00
DEBUG: BEGIN GSoundProcessor::findLowestDuckVolume()
    DEBUG: SFX duck_vol_map is empty()
DEBUG: END GSoundProcessor::findLowestDuckVolume()
    DEBUG: SFX ducking volume: 1.00
DEBUG: BEGIN: AltsoundProcessorBase::setVolume()
    INFO: Setting volume for stream 2147483753
    DEBUG: SAMPLE_VOL:0.34  GLOBAL_VOL:1.00  MASTER_VOL:1.00
    INFO: SUCCESS BASS_ChannelSetAttribute(BASS_ATTRIB_VOL)
DEBUG: END: AltsoundProcessorBase::setVolume()
    DEBUG: SFX stream 2147483753 gain:  0.40  group_vol:  0.85 ducked_vol:  1.00
DEBUG: BEGIN GSoundProcessor::findLowestDuckVolume()
    DEBUG: SFX duck_vol_map is empty()
DEBUG: END GSoundProcessor::findLowestDuckVolume()
    DEBUG: SFX ducking volume: 1.00
DEBUG: BEGIN: AltsoundProcessorBase::setVolume()
    INFO: Setting volume for stream 2147483747
    DEBUG: SAMPLE_VOL:0.43  GLOBAL_VOL:1.00  MASTER_VOL:1.00
    INFO: SUCCESS BASS_ChannelSetAttribute(BASS_ATTRIB_VOL)
DEBUG: END: AltsoundProcessorBase::setVolume()
    DEBUG: SFX stream 2147483747 gain:  0.50  group_vol:  0.85 ducked_vol:  1.00
    INFO: Num active streams: 6
DEBUG: END GSoundProcessor::adjustStreamVolumes()
DEBUG: BEGIN GSoundProcessor::processPausedStreams()
DEBUG: BEGIN GSoundProcessor::tryResumeStream()
DEBUG: END GSoundProcessor::tryResumeStream()
DEBUG: BEGIN GSoundProcessor::tryResumeStream()
DEBUG: END GSoundProcessor::tryResumeStream()
DEBUG: BEGIN GSoundProcessor::tryResumeStream()
DEBUG: END GSoundProcessor::tryResumeStream()
DEBUG: BEGIN GSoundProcessor::tryResumeStream()
DEBUG: END GSoundProcessor::tryResumeStream()
DEBUG: BEGIN GSoundProcessor::tryResumeStream()
DEBUG: END GSoundProcessor::tryResumeStream()
DEBUG: BEGIN GSoundProcessor::tryResumeStream()
DEBUG: END GSoundProcessor::tryResumeStream()
DEBUG: END GSoundProcessor::processPausedStreams()
    INFO: SFX stream(2147483749) finished on ch(08)
DEBUG: END GSoundProcessor::common_callback()
DEBUG: 
BEGIN: GSoundProcessor::common_callback()
    INFO: HSYNC: 2147483744  HSTREAM: 2147483743
    DEBUG: Acquiring mutex
DEBUG: BEGIN: GSoundProcessor::postProcessBehaviors()
    DEBUG: Post-processing SFX behaviors on OVERLAY streams
    DEBUG: Post-processing SFX ducking impact on OVERLAY streams
    DEBUG: Post-processing SFX behaviors on SOLO streams
    DEBUG: Post-processing SFX ducking impact on SOLO streams
    DEBUG: Post-processing SFX behaviors on SFX streams
    DEBUG: Post-processing SFX ducking impact on SFX streams
    DEBUG: Post-processing SFX behaviors on CALLOUT streams
    DEBUG: Post-processing SFX ducking impact on CALLOUT streams
    DEBUG: Post-processing SFX behaviors on MUSIC streams
    DEBUG: Post-processing SFX ducking impact on MUSIC streams
    DEBUG: Erasing ducking impact from SFX stream: 2147483743
DEBUG: BEGIN GSoundProcessor::printBehaviorData()
DEBUG: Printing duck_vol_map:
DEBUG: Stream Type: OVERLAY
DEBUG: Stream Type: SOLO
DEBUG: Stream Type: SFX
DEBUG: Stream Type: CALLOUT
DEBUG: Stream Type: MUSIC
DEBUG: Stream ID: 2147483755, Duck Volume: 0.850000
DEBUG: Stream ID: 2147483753, Duck Volume: 0.850000
DEBUG: Stream ID: 2147483751, Duck Volume: 0.850000
DEBUG: Stream ID: 2147483747, Duck Volume: 0.850000
DEBUG: Printing paused_status_map:
DEBUG: Stream Type: OVERLAY
DEBUG: Stream Type: SOLO
DEBUG: Stream Type: SFX
DEBUG: Stream Type: CALLOUT
DEBUG: Stream Type: MUSIC
DEBUG: END GSoundProcessor::printBehaviorData()
DEBUG: END GSoundProcessor::postProcessBehaviors()
    INFO: BEGIN AltsoundProcessorBase::freeStream()
        INFO: Successfully free'd stream(2147483743)
    DEBUG: END AltsoundProcessorBase::freeStream()
INFO: BEGIN GSoundProcessor::adjustStreamVolumes()
DEBUG: BEGIN GSoundProcessor::findLowestDuckVolume()
    DEBUG: SFX duck_vol_map is empty()
DEBUG: END GSoundProcessor::findLowestDuckVolume()
    DEBUG: SFX ducking volume: 1.00
DEBUG: BEGIN: AltsoundProcessorBase::setVolume()
    INFO: Setting volume for stream 2147483755
    DEBUG: SAMPLE_VOL:0.34  GLOBAL_VOL:1.00  MASTER_VOL:1.00
    INFO: SUCCESS BASS_ChannelSetAttribute(BASS_ATTRIB_VOL)
DEBUG: END: AltsoundProcessorBase::setVolume()
    DEBUG: SFX stream 2147483755 gain:  0.40  group_vol:  0.85 ducked_vol:  1.00
DEBUG: BEGIN GSoundProcessor::findLowestDuckVolume()
    DEBUG: Min ducking value for MUSIC streams: 0.85
DEBUG: END GSoundProcessor::findLowestDuckVolume()
    DEBUG: MUSIC ducking volume: 0.85
DEBUG: BEGIN: AltsoundProcessorBase::setVolume()
    INFO: Setting volume for stream 2147483659
    DEBUG: SAMPLE_VOL:0.76  GLOBAL_VOL:1.00  MASTER_VOL:1.00
    INFO: SUCCESS BASS_ChannelSetAttribute(BASS_ATTRIB_VOL)
DEBUG: END: AltsoundProcessorBase::setVolume()
    DEBUG: MUSIC stream 2147483659 gain:  0.90  group_vol:  1.00 ducked_vol:  0.85
DEBUG: BEGIN GSoundProcessor::findLowestDuckVolume()
    DEBUG: SFX duck_vol_map is empty()
DEBUG: END GSoundProcessor::findLowestDuckVolume()
    DEBUG: SFX ducking volume: 1.00
DEBUG: BEGIN: AltsoundProcessorBase::setVolume()
    INFO: Setting volume for stream 2147483751
    DEBUG: SAMPLE_VOL:0.43  GLOBAL_VOL:1.00  MASTER_VOL:1.00
    INFO: SUCCESS BASS_ChannelSetAttribute(BASS_ATTRIB_VOL)
DEBUG: END: AltsoundProcessorBase::setVolume()
    DEBUG: SFX stream 2147483751 gain:  0.50  group_vol:  0.85 ducked_vol:  1.00
DEBUG: BEGIN GSoundProcessor::findLowestDuckVolume()
    DEBUG: SFX duck_vol_map is empty()
DEBUG: END GSoundProcessor::findLowestDuckVolume()
    DEBUG: SFX ducking volume: 1.00
DEBUG: BEGIN: AltsoundProcessorBase::setVolume()
    INFO: Setting volume for stream 2147483753
    DEBUG: SAMPLE_VOL:0.34  GLOBAL_VOL:1.00  MASTER_VOL:1.00
    INFO: SUCCESS BASS_ChannelSetAttribute(BASS_ATTRIB_VOL)
DEBUG: END: AltsoundProcessorBase::setVolume()
    DEBUG: SFX stream 2147483753 gain:  0.40  group_vol:  0.85 ducked_vol:  1.00
DEBUG: BEGIN GSoundProcessor::findLowestDuckVolume()
    DEBUG: SFX duck_vol_map is empty()
DEBUG: END GSoundProcessor::findLowestDuckVolume()
    DEBUG: SFX ducking volume: 1.00
DEBUG: BEGIN: AltsoundProcessorBase::setVolume()
    INFO: Setting volume for stream 2147483747
    DEBUG: SAMPLE_VOL:0.43  GLOBAL_VOL:1.00  MASTER_VOL:1.00
    INFO: SUCCESS BASS_ChannelSetAttribute(BASS_ATTRIB_VOL)
DEBUG: END: AltsoundProcessorBase::setVolume()
    DEBUG: SFX stream 2147483747 gain:  0.50  group_vol:  0.85 ducked_vol:  1.00
    INFO: Num active streams: 5
DEBUG: END GSoundProcessor::adjustStreamVolumes()
DEBUG: BEGIN GSoundProcessor::processPausedStreams()
DEBUG: BEGIN GSoundProcessor::tryResumeStream()
DEBUG: END GSoundProcessor::tryResumeStream()
DEBUG: BEGIN GSoundProcessor::tryResumeStream()
DEBUG: END GSoundProcessor::tryResumeStream()
DEBUG: BEGIN GSoundProcessor::tryResumeStream()
DEBUG: END GSoundProcessor::tryResumeStream()
DEBUG: BEGIN GSoundProcessor::tryResumeStream()
DEBUG: END GSoundProcessor::tryResumeStream()
DEBUG: BEGIN GSoundProcessor::tryResumeStream()
DEBUG: END GSoundProcessor::tryResumeStream()
DEBUG: END GSoundProcessor::processPausedStreams()
    INFO: SFX stream(2147483743) finished on ch(05)
DEBUG: END GSoundProcessor::common_callback()
DEBUG: BEGIN AltsoundProcessCommand()
DEBUG: Master Volume (Post Attenuation): 1.00
DEBUG: BEGIN altsound_preprocess_commands()
DEBUG: MAME_GEN: 0x0000000004000
DEBUG: Hardware Generation: DEDMD16, DEDMD32, DEDMD64, DE
DEBUG: END altsound_preprocess_commands()
DEBUG: Command complete. Processing...
    DEBUG: BEGIN GSoundProcessor::handleCmd()
        DEBUG: Acquiring mutex
        DEBUG: BEGIN GSoundProcessor::getSample()
        INFO: Found 1 sample(s) for ID: 00B3
        INFO: Sample: gnr_300/0x00b3-matt_mission.ogg
        DEBUG: END GSoundProcessor::getSample()
        DEBUG: BEGIN GSoundProcessor::processStream()
            DEBUG: BEGIN AltsoundProcessorBase::createStream()
                INFO: BEGIN: AltsoundProcessorBase::findFreeChannel()
                    INFO: Found free channel: 01
                DEBUG: END: AltsoundProcessorBase::findFreeChannel()
                INFO: Successfully created stream(2147483757) on channel(01)
            DEBUG: END: AltsoundProcessorBase::createStream()
        DEBUG: BEGIN: GSoundProcessor::processBehaviors()
            DEBUG: Processing SFX behaviors on OVERLAY streams
            DEBUG: Processing SFX behaviors on SOLO streams
            DEBUG: Processing SFX behaviors on SFX streams
            DEBUG: Processing SFX behaviors on CALLOUT streams
            DEBUG: Processing SFX behaviors on MUSIC streams
        DEBUG: BEGIN GSoundProcessor::printBehaviorData()
        DEBUG: Printing duck_vol_map:
        DEBUG: Stream Type: OVERLAY
        DEBUG: Stream Type: SOLO
        DEBUG: Stream Type: SFX
        DEBUG: Stream Type: CALLOUT
        DEBUG: Stream Type: MUSIC
        DEBUG: Stream ID: 2147483757, Duck Volume: 0.850000
        DEBUG: Stream ID: 2147483755, Duck Volume: 0.850000
        DEBUG: Stream ID: 2147483753, Duck Volume: 0.850000
        DEBUG: Stream ID: 2147483751, Duck Volume: 0.850000
        DEBUG: Stream ID: 2147483747, Duck Volume: 0.850000
        DEBUG: Printing paused_status_map:
        DEBUG: Stream Type: OVERLAY
        DEBUG: Stream Type: SOLO
        DEBUG: Stream Type: SFX
        DEBUG: Stream Type: CALLOUT
        DEBUG: Stream Type: MUSIC
        DEBUG: END GSoundProcessor::printBehaviorData()
        DEBUG: END GSoundProcessor::processBehaviors()
        DEBUG: END GSoundProcessor::processStream()
        INFO: BEGIN GSoundProcessor::adjustStreamVolumes()
        DEBUG: BEGIN GSoundProcessor::findLowestDuckVolume()
            DEBUG: SFX duck_vol_map is empty()
        DEBUG: END GSoundProcessor::findLowestDuckVolume()
            DEBUG: SFX ducking volume: 1.00
        DEBUG: BEGIN: AltsoundProcessorBase::setVolume()
            INFO: Setting volume for stream 2147483755
            DEBUG: SAMPLE_VOL:0.34  GLOBAL_VOL:1.00  MASTER_VOL:1.00
            INFO: SUCCESS BASS_ChannelSetAttribute(BASS_ATTRIB_VOL)
        DEBUG: END: AltsoundProcessorBase::setVolume()
            DEBUG: SFX stream 2147483755 gain:  0.40  group_vol:  0.85 ducked_vol:  1.00
        DEBUG: BEGIN GSoundProcessor::findLowestDuckVolume()
            DEBUG: SFX duck_vol_map is empty()
        DEBUG: END GSoundProcessor::findLowestDuckVolume()
            DEBUG: SFX ducking volume: 1.00
        DEBUG: BEGIN: AltsoundProcessorBase::setVolume()
            INFO: Setting volume for stream 2147483757
            DEBUG: SAMPLE_VOL:0.43  GLOBAL_VOL:1.00  MASTER_VOL:1.00
            INFO: SUCCESS BASS_ChannelSetAttribute(BASS_ATTRIB_VOL)
        DEBUG: END: AltsoundProcessorBase::setVolume()
            DEBUG: SFX stream 2147483757 gain:  0.50  group_vol:  0.85 ducked_vol:  1.00
        DEBUG: BEGIN GSoundProcessor::findLowestDuckVolume()
            DEBUG: Min ducking value for MUSIC streams: 0.85
        DEBUG: END GSoundProcessor::findLowestDuckVolume()
            DEBUG: MUSIC ducking volume: 0.85
        DEBUG: BEGIN: AltsoundProcessorBase::setVolume()
            INFO: Setting volume for stream 2147483659
            DEBUG: SAMPLE_VOL:0.76  GLOBAL_VOL:1.00  MASTER_VOL:1.00
            INFO: SUCCESS BASS_ChannelSetAttribute(BASS_ATTRIB_VOL)
        DEBUG: END: AltsoundProcessorBase::setVolume()
            DEBUG: MUSIC stream 2147483659 gain:  0.90  group_vol:  1.00 ducked_vol:  0.85
        DEBUG: BEGIN GSoundProcessor::findLowestDuckVolume()
            DEBUG: SFX duck_vol_map is empty()
        DEBUG: END GSoundProcessor::findLowestDuckVolume()
            DEBUG: SFX ducking volume: 1.00
        DEBUG: BEGIN: AltsoundProcessorBase::setVolume()
            INFO: Setting volume for stream 2147483751
            DEBUG: SAMPLE_VOL:0.43  GLOBAL_VOL:1.00  MASTER_VOL:1.00
            INFO: SUCCESS BASS_ChannelSetAttribute(BASS_ATTRIB_VOL)
        DEBUG: END: AltsoundProcessorBase::setVolume()
            DEBUG: SFX stream 2147483751 gain:  0.50  group_vol:  0.85 ducked_vol:  1.00
        DEBUG: BEGIN GSoundProcessor::findLowestDuckVolume()
            DEBUG: SFX duck_vol_map is empty()
        DEBUG: END GSoundProcessor::findLowestDuckVolume()
            DEBUG: SFX ducking volume: 1.00
        DEBUG: BEGIN: AltsoundProcessorBase::setVolume()
            INFO: Setting volume for stream 2147483753
            DEBUG: SAMPLE_VOL:0.34  GLOBAL_VOL:1.00  MASTER_VOL:1.00
            INFO: SUCCESS BASS_ChannelSetAttribute(BASS_ATTRIB_VOL)
        DEBUG: END: AltsoundProcessorBase::setVolume()
            DEBUG: SFX stream 2147483753 gain:  0.40  group_vol:  0.85 ducked_vol:  1.00
        DEBUG: BEGIN GSoundProcessor::findLowestDuckVolume()
            DEBUG: SFX duck_vol_map is empty()
        DEBUG: END GSoundProcessor::findLowestDuckVolume()
            DEBUG: SFX ducking volume: 1.00
        DEBUG: BEGIN: AltsoundProcessorBase::setVolume()
            INFO: Setting volume for stream 2147483747
            DEBUG: SAMPLE_VOL:0.43  GLOBAL_VOL:1.00  MASTER_VOL:1.00
            INFO: SUCCESS BASS_ChannelSetAttribute(BASS_ATTRIB_VOL)
        DEBUG: END: AltsoundProcessorBase::setVolume()
            DEBUG: SFX stream 2147483747 gain:  0.50  group_vol:  0.85 ducked_vol:  1.00
            INFO: Num active streams: 6
        DEBUG: END GSoundProcessor::adjustStreamVolumes()
        INFO: Playing SFX stream: gnr_300/0x00b3-matt_mission.ogg
        DEBUG: HSTREAM(2147483757)  CH(01)  CMD(00B3)  SAMPLE(gnr_300/0x00b3-matt_mission.ogg)
            INFO: SUCCESS SFX stream playback
    DEBUG: END GSoundProcessor::handleCmd()
INFO: SUCCESS processor::handleCmd()
DEBUG: BEGIN altsound_postprocess_commands()
DEBUG: MAME_GEN: 0x0000000004000
DEBUG: END postprocess_commands()
DEBUG: END AltsoundProcessCommand()
DEBUG: 
DEBUG: BEGIN AltsoundProcessCommand()
DEBUG: Master Volume (Post Attenuation): 1.00
DEBUG: BEGIN altsound_preprocess_commands()
DEBUG: MAME_GEN: 0x0000000004000
DEBUG: Hardware Generation: DEDMD16, DEDMD32, DEDMD64, DE
DEBUG: END altsound_preprocess_commands()
DEBUG: Command complete. Processing...
    DEBUG: BEGIN GSoundProcessor::handleCmd()
        DEBUG: Acquiring mutex
        DEBUG: BEGIN GSoundProcessor::getSample()
        INFO: Found 1 sample(s) for ID: 007B
        INFO: Sample: gnr_300/0x007b-push_button.ogg
        DEBUG: END GSoundProcessor::getSample()
        DEBUG: BEGIN GSoundProcessor::processStream()
            DEBUG: BEGIN AltsoundProcessorBase::createStream()
                INFO: BEGIN: AltsoundProcessorBase::findFreeChannel()
                    INFO: Found free channel: 02
                DEBUG: END: AltsoundProcessorBase::findFreeChannel()
                INFO: Successfully created stream(2147483759) on channel(02)
            DEBUG: END: AltsoundProcessorBase::createStream()
        DEBUG: BEGIN: GSoundProcessor::processBehaviors()
            DEBUG: Processing SFX behaviors on OVERLAY streams
            DEBUG: Processing SFX behaviors on SOLO streams
            DEBUG: Processing SFX behaviors on SFX streams
            DEBUG: Processing SFX behaviors on CALLOUT streams
            DEBUG: Processing SFX behaviors on MUSIC streams
        DEBUG: BEGIN GSoundProcessor::printBehaviorData()
        DEBUG: Printing duck_vol_map:
        DEBUG: Stream Type: OVERLAY
        DEBUG: Stream Type: SOLO
        DEBUG: Stream Type: SFX
        DEBUG: Stream Type: CALLOUT
        DEBUG: Stream Type: MUSIC
        DEBUG: Stream ID: 2147483759, Duck Volume: 0.850000
        DEBUG: Stream ID: 2147483757, Duck Volume: 0.850000
        DEBUG: Stream ID: 2147483755, Duck Volume: 0.850000
        DEBUG: Stream ID: 2147483753, Duck Volume: 0.850000
        DEBUG: Stream ID: 2147483751, Duck Volume: 0.850000
        DEBUG: Stream ID: 2147483747, Duck Volume: 0.850000
        DEBUG: Printing paused_status_map:
        DEBUG: Stream Type: OVERLAY
        DEBUG: Stream Type: SOLO
        DEBUG: Stream Type: SFX
        DEBUG: Stream Type: CALLOUT
        DEBUG: Stream Type: MUSIC
        DEBUG: END GSoundProcessor::printBehaviorData()
        DEBUG: END GSoundProcessor::processBehaviors()
        DEBUG: END GSoundProcessor::processStream()
        INFO: BEGIN GSoundProcessor::adjustStreamVolumes()
        DEBUG: BEGIN GSoundProcessor::findLowestDuckVolume()
            DEBUG: SFX duck_vol_map is empty()
        DEBUG: END GSoundProcessor::findLowestDuckVolume()
            DEBUG: SFX ducking volume: 1.00
        DEBUG: BEGIN: AltsoundProcessorBase::setVolume()
            INFO: Setting volume for stream 2147483755
            DEBUG: SAMPLE_VOL:0.34  GLOBAL_VOL:1.00  MASTER_VOL:1.00
            INFO: SUCCESS BASS_ChannelSetAttribute(BASS_ATTRIB_VOL)
        DEBUG: END: AltsoundProcessorBase::setVolume()
            DEBUG: SFX stream 2147483755 gain:  0.40  group_vol:  0.85 ducked_vol:  1.00
        DEBUG: BEGIN GSoundProcessor::findLowestDuckVolume()
            DEBUG: SFX duck_vol_map is empty()
        DEBUG: END GSoundProcessor::findLowestDuckVolume()
            DEBUG: SFX ducking volume: 1.00
        DEBUG: BEGIN: AltsoundProcessorBase::setVolume()
            INFO: Setting volume for stream 2147483757
            DEBUG: SAMPLE_VOL:0.43  GLOBAL_VOL:1.00  MASTER_VOL:1.00
            INFO: SUCCESS BASS_ChannelSetAttribute(BASS_ATTRIB_VOL)
        DEBUG: END: AltsoundProcessorBase::setVolume()
            DEBUG: SFX stream 2147483757 gain:  0.50  group_vol:  0.85 ducked_vol:  1.00
        DEBUG: BEGIN GSoundProcessor::findLowestDuckVolume()
            DEBUG: SFX duck_vol_map is empty()
        DEBUG: END GSoundProcessor::findLowestDuckVolume()
            DEBUG: SFX ducking volume: 1.00
        DEBUG: BEGIN: AltsoundProcessorBase::setVolume()
            INFO: Setting volume for stream 2147483759
            DEBUG: SAMPLE_VOL:0.34  GLOBAL_VOL:1.00  MASTER_VOL:1.00
            INFO: SUCCESS BASS_ChannelSetAttribute(BASS_ATTRIB_VOL)
        DEBUG: END: AltsoundProcessorBase::setVolume()
            DEBUG: SFX stream 2147483759 gain:  0.40  group_vol:  0.85 ducked_vol:  1.00
        DEBUG: BEGIN GSoundProcessor::findLowestDuckVolume()
            DEBUG: Min ducking value for MUSIC streams: 0.85
        DEBUG: END GSoundProcessor::findLowestDuckVolume()
            DEBUG: MUSIC ducking volume: 0.85
        DEBUG: BEGIN: AltsoundProcessorBase::setVolume()
            INFO: Setting volume for stream 2147483659
            DEBUG: SAMPLE_VOL:0.76  GLOBAL_VOL:1.00  MASTER_VOL:1.00
            INFO: SUCCESS BASS_ChannelSetAttribute(BASS_ATTRIB_VOL)
        DEBUG: END: AltsoundProcessorBase::setVolume()
            DEBUG: MUSIC stream 2147483659 gain:  0.90  group_vol:  1.00 ducked_vol:  0.85
        DEBUG: BEGIN GSoundProcessor::findLowestDuckVolume()
            DEBUG: SFX duck_vol_map is empty()
        DEBUG: END GSoundProcessor::findLowestDuckVolume()
            DEBUG: SFX ducking volume: 1.00
        DEBUG: BEGIN: AltsoundProcessorBase::setVolume()
            INFO: Setting volume for stream 2147483751
            DEBUG: SAMPLE_VOL:0.43  GLOBAL_VOL:1.00  MASTER_VOL:1.00
            INFO: SUCCESS BASS_ChannelSetAttribute(BASS_ATTRIB_VOL)
        DEBUG: END: AltsoundProcessorBase::setVolume()
            DEBUG: SFX stream 2147483751 gain:  0.50  group_vol:  0.85 ducked_vol:  1.00
        DEBUG: BEGIN GSoundProcessor::findLowestDuckVolume()
            DEBUG: SFX duck_vol_map is empty()
        DEBUG: END GSoundProcessor::findLowestDuckVolume()
            DEBUG: SFX ducking volume: 1.00
        DEBUG: BEGIN: AltsoundProcessorBase::setVolume()
            INFO: Setting volume for stream 2147483753
            DEBUG: SAMPLE_VOL:0.34  GLOBAL_VOL:1.00  MASTER_VOL:1.00
            INFO: SUCCESS BASS_ChannelSetAttribute(BASS_ATTRIB_VOL)
        DEBUG: END: AltsoundProcessorBase::setVolume()
            DEBUG: SFX stream 2147483753 gain:  0.40  group_vol:  0.85 ducked_vol:  1.00
        DEBUG: BEGIN GSoundProcessor::findLowestDuckVolume()
            DEBUG: SFX duck_vol_map is empty()
        DEBUG: END GSoundProcessor::findLowestDuckVolume()
            DEBUG: SFX ducking volume: 1.00
        DEBUG: BEGIN: AltsoundProcessorBase::setVolume()
            INFO: Setting volume for stream 2147483747
            DEBUG: SAMPLE_VOL:0.43  GLOBAL_VOL:1.00  MASTER_VOL:1.00
            INFO: SUCCESS BASS_ChannelSetAttribute(BASS_ATTRIB_VOL)
        DEBUG: END: AltsoundProcessorBase::setVolume()
            DEBUG: SFX stream 2147483747 gain:  0.50  group_vol:  0.85 ducked_vol:  1.00
            INFO: Num active streams: 7
        DEBUG: END GSoundProcessor::adjustStreamVolumes()
        INFO: Playing SFX stream: gnr_300/0x007b-push_button.ogg
        DEBUG: HSTREAM(2147483759)  CH(02)  CMD(007B)  SAMPLE(gnr_300/0x007b-push_button.ogg)
            INFO: SUCCESS SFX stream playback
    DEBUG: END GSoundProcessor::handleCmd()
INFO: SUCCESS processor::handleCmd()
DEBUG: BEGIN altsound_postprocess_commands()
DEBUG: MAME_GEN: 0x0000000004000
DEBUG: END postprocess_commands()
DEBUG: END AltsoundProcessCommand()
DEBUG: 
DEBUG: 
BEGIN: GSoundProcessor::common_callback()
    INFO: HSYNC: 2147483748  HSTREAM: 2147483747
    DEBUG: Acquiring mutex
DEBUG: BEGIN: GSoundProcessor::postProcessBehaviors()
    DEBUG: Post-processing SFX behaviors on OVERLAY streams
    DEBUG: Post-processing SFX ducking impact on OVERLAY streams
    DEBUG: Post-processing SFX behaviors on SOLO streams
    DEBUG: Post-processing SFX ducking impact on SOLO streams
    DEBUG: Post-processing SFX behaviors on SFX streams
    DEBUG: Post-processing SFX ducking impact on SFX streams
    DEBUG: Post-processing SFX behaviors on CALLOUT streams
    DEBUG: Post-processing SFX ducking impact on CALLOUT streams
    DEBUG: Post-processing SFX behaviors on MUSIC streams
    DEBUG: Post-processing SFX ducking impact on MUSIC streams
    DEBUG: Erasing ducking impact from SFX stream: 2147483747
DEBUG: BEGIN GSoundProcessor::printBehaviorData()
DEBUG: Printing duck_vol_map:
DEBUG: Stream Type: OVERLAY
DEBUG: Stream Type: SOLO
DEBUG: Stream Type: SFX
DEBUG: Stream Type: CALLOUT
DEBUG: Stream Type: MUSIC
DEBUG: Stream ID: 2147483759, Duck Volume: 0.850000
DEBUG: Stream ID: 2147483757, Duck Volume: 0.850000
DEBUG: Stream ID: 2147483755, Duck Volume: 0.850000
DEBUG: Stream ID: 2147483753, Duck Volume: 0.850000
DEBUG: Stream ID: 2147483751, Duck Volume: 0.850000
DEBUG: Printing paused_status_map:
DEBUG: Stream Type: OVERLAY
DEBUG: Stream Type: SOLO
DEBUG: Stream Type: SFX
DEBUG: Stream Type: CALLOUT
DEBUG: Stream Type: MUSIC
DEBUG: END GSoundProcessor::printBehaviorData()
DEBUG: END GSoundProcessor::postProcessBehaviors()
    INFO: BEGIN AltsoundProcessorBase::freeStream()
        INFO: Successfully free'd stream(2147483747)
    DEBUG: END AltsoundProcessorBase::freeStream()
INFO: BEGIN GSoundProcessor::adjustStreamVolumes()
DEBUG: BEGIN GSoundProcessor::findLowestDuckVolume()
    DEBUG: SFX duck_vol_map is empty()
DEBUG: END GSoundProcessor::findLowestDuckVolume()
    DEBUG: SFX ducking volume: 1.00
DEBUG: BEGIN: AltsoundProcessorBase::setVolume()
    INFO: Setting volume for stream 2147483755
    DEBUG: SAMPLE_VOL:0.34  GLOBAL_VOL:1.00  MASTER_VOL:1.00
    INFO: SUCCESS BASS_ChannelSetAttribute(BASS_ATTRIB_VOL)
DEBUG: END: AltsoundProcessorBase::setVolume()
    DEBUG: SFX stream 2147483755 gain:  0.40  group_vol:  0.85 ducked_vol:  1.00
DEBUG: BEGIN GSoundProcessor::findLowestDuckVolume()
    DEBUG: SFX duck_vol_map is empty()
DEBUG: END GSoundProcessor::findLowestDuckVolume()
    DEBUG: SFX ducking volume: 1.00
DEBUG: BEGIN: AltsoundProcessorBase::setVolume()
    INFO: Setting volume for stream 2147483757
    DEBUG: SAMPLE_VOL:0.43  GLOBAL_VOL:1.00  MASTER_VOL:1.00
    INFO: SUCCESS BASS_ChannelSetAttribute(BASS_ATTRIB_VOL)
DEBUG: END: AltsoundProcessorBase::setVolume()
    DEBUG: SFX stream 2147483757 gain:  0.50  group_vol:  0.85 ducked_vol:  1.00
DEBUG: BEGIN GSoundProcessor::findLowestDuckVolume()
    DEBUG: SFX duck_vol_map is empty()
DEBUG: END GSoundProcessor::findLowestDuckVolume()
    DEBUG: SFX ducking volume: 1.00
DEBUG: BEGIN: AltsoundProcessorBase::setVolume()
    INFO: Setting volume for stream 2147483759
    DEBUG: SAMPLE_VOL:0.34  GLOBAL_VOL:1.00  MASTER_VOL:1.00
    INFO: SUCCESS BASS_ChannelSetAttribute(BASS_ATTRIB_VOL)
DEBUG: END: AltsoundProcessorBase::setVolume()
    DEBUG: SFX stream 2147483759 gain:  0.40  group_vol:  0.85 ducked_vol:  1.00
DEBUG: BEGIN GSoundProcessor::findLowestDuckVolume()
    DEBUG: Min ducking value for MUSIC streams: 0.85
DEBUG: END GSoundProcessor::findLowestDuckVolume()
    DEBUG: MUSIC ducking volume: 0.85
DEBUG: BEGIN: AltsoundProcessorBase::setVolume()
    INFO: Setting volume for stream 2147483659
    DEBUG: SAMPLE_VOL:0.76  GLOBAL_VOL:1.00  MASTER_VOL:1.00
    INFO: SUCCESS BASS_ChannelSetAttribute(BASS_ATTRIB_VOL)
DEBUG: END: AltsoundProcessorBase::setVolume()
    DEBUG: MUSIC stream 2147483659 gain:  0.90  group_vol:  1.00 ducked_vol:  0.85
DEBUG: BEGIN GSoundProcessor::findLowestDuckVolume()
    DEBUG: SFX duck_vol_map is empty()
DEBUG: END GSoundProcessor::findLowestDuckVolume()
    DEBUG: SFX ducking volume: 1.00
DEBUG: BEGIN: AltsoundProcessorBase::setVolume()
    INFO: Setting volume for stream 2147483751
    DEBUG: SAMPLE_VOL:0.43  GLOBAL_VOL:1.00  MASTER_VOL:1.00
    INFO: SUCCESS BASS_ChannelSetAttribute(BASS_ATTRIB_VOL)
DEBUG: END: AltsoundProcessorBase::setVolume()
    DEBUG: SFX stream 2147483751 gain:  0.50  group_vol:  0.85 ducked_vol:  1.00
DEBUG: BEGIN GSoundProcessor::findLowestDuckVolume()
    DEBUG: SFX duck_vol_map is empty()
DEBUG: END GSoundProcessor::findLowestDuckVolume()
    DEBUG: SFX ducking volume: 1.00
DEBUG: BEGIN: AltsoundProcessorBase::setVolume()
    INFO: Setting volume for stream 2147483753
    DEBUG: SAMPLE_VOL:0.34  GLOBAL_VOL:1.00  MASTER_VOL:1.00
    INFO: SUCCESS BASS_ChannelSetAttribute(BASS_ATTRIB_VOL)
DEBUG: END: AltsoundProcessorBase::setVolume()
    DEBUG: SFX stream 2147483753 gain:  0.40  group_vol:  0.85 ducked_vol:  1.00
    INFO: Num active streams: 6
DEBUG: END GSoundProcessor::adjustStreamVolumes()
DEBUG: BEGIN GSoundProcessor::processPausedStreams()
DEBUG: BEGIN GSoundProcessor::tryResumeStream()
DEBUG: END GSoundProcessor::tryResumeStream()
DEBUG: BEGIN GSoundProcessor::tryResumeStream()
DEBUG: END GSoundProcessor::tryResumeStream()
DEBUG: BEGIN GSoundProcessor::tryResumeStream()
DEBUG: END GSoundProcessor::tryResumeStream()
DEBUG: BEGIN GSoundProcessor::tryResumeStream()
DEBUG: END GSoundProcessor::tryResumeStream()
DEBUG: BEGIN GSoundProcessor::tryResumeStream()
DEBUG: END GSoundProcessor::tryResumeStream()
DEBUG: BEGIN GSoundProcessor::tryResumeStream()
DEBUG: END GSoundProcessor::tryResumeStream()
DEBUG: END GSoundProcessor::processPausedStreams()
    INFO: SFX stream(2147483747) finished on ch(07)
DEBUG: END GSoundProcessor::common_callback()
DEBUG: BEGIN AltsoundProcessCommand()
DEBUG: Master Volume (Post Attenuation): 1.00
DEBUG: BEGIN altsound_preprocess_commands()
DEBUG: MAME_GEN: 0x0000000004000
DEBUG: Hardware Generation: DEDMD16, DEDMD32, DEDMD64, DE
DEBUG: END altsound_preprocess_commands()
DEBUG: Command complete. Processing...
    DEBUG: BEGIN GSoundProcessor::handleCmd()
        DEBUG: Acquiring mutex
        DEBUG: BEGIN GSoundProcessor::getSample()
        INFO: Found 1 sample(s) for ID: 00B1
        INFO: Sample: gnr_300/0x00b1-matt_mission.ogg
        DEBUG: END GSoundProcessor::getSample()
        DEBUG: BEGIN GSoundProcessor::processStream()
            DEBUG: BEGIN AltsoundProcessorBase::createStream()
                INFO: BEGIN: AltsoundProcessorBase::findFreeChannel()
                    INFO: Found free channel: 05
                DEBUG: END: AltsoundProcessorBase::findFreeChannel()
                INFO: Successfully created stream(2147483761) on channel(05)
            DEBUG: END: AltsoundProcessorBase::createStream()
        DEBUG: BEGIN: GSoundProcessor::processBehaviors()
            DEBUG: Processing SFX behaviors on OVERLAY streams
            DEBUG: Processing SFX behaviors on SOLO streams
            DEBUG: Processing SFX behaviors on SFX streams
            DEBUG: Processing SFX behaviors on CALLOUT streams
            DEBUG: Processing SFX behaviors on MUSIC streams
        DEBUG: BEGIN GSoundProcessor::printBehaviorData()
        DEBUG: Printing duck_vol_map:
        DEBUG: Stream Type: OVERLAY
        DEBUG: Stream Type: SOLO
        DEBUG: Stream Type: SFX
        DEBUG: Stream Type: CALLOUT
        DEBUG: Stream Type: MUSIC
        DEBUG: Stream ID: 2147483761, Duck Volume: 0.850000
        DEBUG: Stream ID: 2147483759, Duck Volume: 0.850000
        DEBUG: Stream ID: 2147483757, Duck Volume: 0.850000
        DEBUG: Stream ID: 2147483755, Duck Volume: 0.850000
        DEBUG: Stream ID: 2147483753, Duck Volume: 0.850000
        DEBUG: Stream ID: 2147483751, Duck Volume: 0.850000
        DEBUG: Printing paused_status_map:
        DEBUG: Stream Type: OVERLAY
        DEBUG: Stream Type: SOLO
        DEBUG: Stream Type: SFX
        DEBUG: Stream Type: CALLOUT
        DEBUG: Stream Type: MUSIC
        DEBUG: END GSoundProcessor::printBehaviorData()
        DEBUG: END GSoundProcessor::processBehaviors()
        DEBUG: END GSoundProcessor::processStream()
        INFO: BEGIN GSoundProcessor::adjustStreamVolumes()
        DEBUG: BEGIN GSoundProcessor::findLowestDuckVolume()
            DEBUG: SFX duck_vol_map is empty()
        DEBUG: END GSoundProcessor::findLowestDuckVolume()
            DEBUG: SFX ducking volume: 1.00
        DEBUG: BEGIN: AltsoundProcessorBase::setVolume()
            INFO: Setting volume for stream 2147483755
            DEBUG: SAMPLE_VOL:0.34  GLOBAL_VOL:1.00  MASTER_VOL:1.00
            INFO: SUCCESS BASS_ChannelSetAttribute(BASS_ATTRIB_VOL)
        DEBUG: END: AltsoundProcessorBase::setVolume()
            DEBUG: SFX stream 2147483755 gain:  0.40  group_vol:  0.85 ducked_vol:  1.00
        DEBUG: BEGIN GSoundProcessor::findLowestDuckVolume()
            DEBUG: SFX duck_vol_map is empty()
        DEBUG: END GSoundProcessor::findLowestDuckVolume()
            DEBUG: SFX ducking volume: 1.00
        DEBUG: BEGIN: AltsoundProcessorBase::setVolume()
            INFO: Setting volume for stream 2147483757
            DEBUG: SAMPLE_VOL:0.43  GLOBAL_VOL:1.00  MASTER_VOL:1.00
            INFO: SUCCESS BASS_ChannelSetAttribute(BASS_ATTRIB_VOL)
        DEBUG: END: AltsoundProcessorBase::setVolume()
            DEBUG: SFX stream 2147483757 gain:  0.50  group_vol:  0.85 ducked_vol:  1.00
        DEBUG: BEGIN GSoundProcessor::findLowestDuckVolume()
            DEBUG: SFX duck_vol_map is empty()
        DEBUG: END GSoundProcessor::findLowestDuckVolume()
            DEBUG: SFX ducking volume: 1.00
        DEBUG: BEGIN: AltsoundProcessorBase::setVolume()
            INFO: Setting volume for stream 2147483759
            DEBUG: SAMPLE_VOL:0.34  GLOBAL_VOL:1.00  MASTER_VOL:1.00
            INFO: SUCCESS BASS_ChannelSetAttribute(BASS_ATTRIB_VOL)
        DEBUG: END: AltsoundProcessorBase::setVolume()
            DEBUG: SFX stream 2147483759 gain:  0.40  group_vol:  0.85 ducked_vol:  1.00
        DEBUG: BEGIN GSoundProcessor::findLowestDuckVolume()
            DEBUG: Min ducking value for MUSIC streams: 0.85
        DEBUG: END GSoundProcessor::findLowestDuckVolume()
            DEBUG: MUSIC ducking volume: 0.85
        DEBUG: BEGIN: AltsoundProcessorBase::setVolume()
            INFO: Setting volume for stream 2147483659
            DEBUG: SAMPLE_VOL:0.76  GLOBAL_VOL:1.00  MASTER_VOL:1.00
            INFO: SUCCESS BASS_ChannelSetAttribute(BASS_ATTRIB_VOL)
        DEBUG: END: AltsoundProcessorBase::setVolume()
            DEBUG: MUSIC stream 2147483659 gain:  0.90  group_vol:  1.00 ducked_vol:  0.85
        DEBUG: BEGIN GSoundProcessor::findLowestDuckVolume()
            DEBUG: SFX duck_vol_map is empty()
        DEBUG: END GSoundProcessor::findLowestDuckVolume()
            DEBUG: SFX ducking volume: 1.00
        DEBUG: BEGIN: AltsoundProcessorBase::setVolume()
            INFO: Setting volume for stream 2147483751
            DEBUG: SAMPLE_VOL:0.43  GLOBAL_VOL:1.00  MASTER_VOL:1.00
            INFO: SUCCESS BASS_ChannelSetAttribute(BASS_ATTRIB_VOL)
        DEBUG: END: AltsoundProcessorBase::setVolume()
            DEBUG: SFX stream 2147483751 gain:  0.50  group_vol:  0.85 ducked_vol:  1.00
        DEBUG: BEGIN GSoundProcessor::findLowestDuckVolume()
            DEBUG: SFX duck_vol_map is empty()
        DEBUG: END GSoundProcessor::findLowestDuckVolume()
            DEBUG: SFX ducking volume: 1.00
        DEBUG: BEGIN: AltsoundProcessorBase::setVolume()
            INFO: Setting volume for stream 2147483761
            DEBUG: SAMPLE_VOL:0.43  GLOBAL_VOL:1.00  MASTER_VOL:1.00
            INFO: SUCCESS BASS_ChannelSetAttribute(BASS_ATTRIB_VOL)
        DEBUG: END: AltsoundProcessorBase::setVolume()
            DEBUG: SFX stream 2147483761 gain:  0.50  group_vol:  0.85 ducked_vol:  1.00
        DEBUG: BEGIN GSoundProcessor::findLowestDuckVolume()
            DEBUG: SFX duck_vol_map is empty()
        DEBUG: END GSoundProcessor::findLowestDuckVolume()
            DEBUG: SFX ducking volume: 1.00
        DEBUG: BEGIN: AltsoundProcessorBase::setVolume()
            INFO: Setting volume for stream 2147483753
            DEBUG: SAMPLE_VOL:0.34  GLOBAL_VOL:1.00  MASTER_VOL:1.00
            INFO: SUCCESS BASS_ChannelSetAttribute(BASS_ATTRIB_VOL)
        DEBUG: END: AltsoundProcessorBase::setVolume()
            DEBUG: SFX stream 2147483753 gain:  0.40  group_vol:  0.85 ducked_vol:  1.00
            INFO: Num active streams: 7
        DEBUG: END GSoundProcessor::adjustStreamVolumes()
        INFO: Playing SFX stream: gnr_300/0x00b1-matt_mission.ogg
        DEBUG: HSTREAM(2147483761)  CH(05)  CMD(00B1)  SAMPLE(gnr_300/0x00b1-matt_mission.ogg)
            INFO: SUCCESS SFX stream playback
    DEBUG: END GSoundProcessor::handleCmd()
INFO: SUCCESS processor::handleCmd()
DEBUG: BEGIN altsound_postprocess_commands()
DEBUG: MAME_GEN: 0x0000000004000
DEBUG: END postprocess_commands()
DEBUG: END AltsoundProcessCommand()
DEBUG: 
DEBUG: BEGIN AltsoundProcessCommand()
DEBUG: Master Volume (Post Attenuation): 1.00
DEBUG: BEGIN altsound_preprocess_commands()
DEBUG: MAME_GEN: 0x0000000004000
DEBUG: Hardware Generation: DEDMD16, DEDMD32, DEDMD64, DE
DEBUG: END altsound_preprocess_commands()
DEBUG: Command complete. Processing...
    DEBUG: BEGIN GSoundProcessor::handleCmd()
        DEBUG: Acquiring mutex
        DEBUG: BEGIN GSoundProcessor::getSample()
        INFO: Found 1 sample(s) for ID: 00B2
        INFO: Sample: gnr_300/0x00b2-matt_mission.ogg
        DEBUG: END GSoundProcessor::getSample()
        DEBUG: BEGIN GSoundProcessor::processStream()
            DEBUG: BEGIN AltsoundProcessorBase::createStream()
                INFO: BEGIN: AltsoundProcessorBase::findFreeChannel()
                    INFO: Found free channel: 07
                DEBUG: END: AltsoundProcessorBase::findFreeChannel()
                INFO: Successfully created stream(2147483763) on channel(07)
            DEBUG: END: AltsoundProcessorBase::createStream()
        DEBUG: BEGIN: GSoundProcessor::processBehaviors()
            DEBUG: Processing SFX behaviors on OVERLAY streams
            DEBUG: Processing SFX behaviors on SOLO streams
            DEBUG: Processing SFX behaviors on SFX streams
            DEBUG: Processing SFX behaviors on CALLOUT streams
            DEBUG: Processing SFX behaviors on MUSIC streams
        DEBUG: BEGIN GSoundProcessor::printBehaviorData()
        DEBUG: Printing duck_vol_map:
        DEBUG: Stream Type: OVERLAY
        DEBUG: Stream Type: SOLO
        DEBUG: Stream Type: SFX
        DEBUG: Stream Type: CALLOUT
        DEBUG: Stream Type: MUSIC
        DEBUG: Stream ID: 2147483763, Duck Volume: 0.850000
        DEBUG: Stream ID: 2147483761, Duck Volume: 0.850000
        DEBUG: Stream ID: 2147483759, Duck Volume: 0.850000
        DEBUG: Stream ID: 2147483757, Duck Volume: 0.850000
        DEBUG: Stream ID: 2147483755, Duck Volume: 0.850000
        DEBUG: Stream ID: 2147483753, Duck Volume: 0.850000
        DEBUG: Stream ID: 2147483751, Duck Volume: 0.850000
        DEBUG: Printing paused_status_map:
        DEBUG: Stream Type: OVERLAY
        DEBUG: Stream Type: SOLO
        DEBUG: Stream Type: SFX
        DEBUG: Stream Type: CALLOUT
        DEBUG: Stream Type: MUSIC
        DEBUG: END GSoundProcessor::printBehaviorData()
        DEBUG: END GSoundProcessor::processBehaviors()
        DEBUG: END GSoundProcessor::processStream()
        INFO: BEGIN GSoundProcessor::adjustStreamVolumes()
        DEBUG: BEGIN GSoundProcessor::findLowestDuckVolume()
            DEBUG: SFX duck_vol_map is empty()
        DEBUG: END GSoundProcessor::findLowestDuckVolume()
            DEBUG: SFX ducking volume: 1.00
        DEBUG: BEGIN: AltsoundProcessorBase::setVolume()
            INFO: Setting volume for stream 2147483755
            DEBUG: SAMPLE_VOL:0.34  GLOBAL_VOL:1.00  MASTER_VOL:1.00
            INFO: SUCCESS BASS_ChannelSetAttribute(BASS_ATTRIB_VOL)
        DEBUG: END: AltsoundProcessorBase::setVolume()
            DEBUG: SFX stream 2147483755 gain:  0.40  group_vol:  0.85 ducked_vol:  1.00
        DEBUG: BEGIN GSoundProcessor::findLowestDuckVolume()
            DEBUG: SFX duck_vol_map is empty()
        DEBUG: END GSoundProcessor::findLowestDuckVolume()
            DEBUG: SFX ducking volume: 1.00
        DEBUG: BEGIN: AltsoundProcessorBase::setVolume()
            INFO: Setting volume for stream 2147483757
            DEBUG: SAMPLE_VOL:0.43  GLOBAL_VOL:1.00  MASTER_VOL:1.00
            INFO: SUCCESS BASS_ChannelSetAttribute(BASS_ATTRIB_VOL)
        DEBUG: END: AltsoundProcessorBase::setVolume()
            DEBUG: SFX stream 2147483757 gain:  0.50  group_vol:  0.85 ducked_vol:  1.00
        DEBUG: BEGIN GSoundProcessor::findLowestDuckVolume()
            DEBUG: SFX duck_vol_map is empty()
        DEBUG: END GSoundProcessor::findLowestDuckVolume()
            DEBUG: SFX ducking volume: 1.00
        DEBUG: BEGIN: AltsoundProcessorBase::setVolume()
            INFO: Setting volume for stream 2147483759
            DEBUG: SAMPLE_VOL:0.34  GLOBAL_VOL:1.00  MASTER_VOL:1.00
            INFO: SUCCESS BASS_ChannelSetAttribute(BASS_ATTRIB_VOL)
        DEBUG: END: AltsoundProcessorBase::setVolume()
            DEBUG: SFX stream 2147483759 gain:  0.40  group_vol:  0.85 ducked_vol:  1.00
        DEBUG: BEGIN GSoundProcessor::findLowestDuckVolume()
            DEBUG: Min ducking value for MUSIC streams: 0.85
        DEBUG: END GSoundProcessor::findLowestDuckVolume()
            DEBUG: MUSIC ducking volume: 0.85
        DEBUG: BEGIN: AltsoundProcessorBase::setVolume()
            INFO: Setting volume for stream 2147483659
            DEBUG: SAMPLE_VOL:0.76  GLOBAL_VOL:1.00  MASTER_VOL:1.00
            INFO: SUCCESS BASS_ChannelSetAttribute(BASS_ATTRIB_VOL)
        DEBUG: END: AltsoundProcessorBase::setVolume()
            DEBUG: MUSIC stream 2147483659 gain:  0.90  group_vol:  1.00 ducked_vol:  0.85
        DEBUG: BEGIN GSoundProcessor::findLowestDuckVolume()
            DEBUG: SFX duck_vol_map is empty()
        DEBUG: END GSoundProcessor::findLowestDuckVolume()
            DEBUG: SFX ducking volume: 1.00
        DEBUG: BEGIN: AltsoundProcessorBase::setVolume()
            INFO: Setting volume for stream 2147483751
            DEBUG: SAMPLE_VOL:0.43  GLOBAL_VOL:1.00  MASTER_VOL:1.00
            INFO: SUCCESS BASS_ChannelSetAttribute(BASS_ATTRIB_VOL)
        DEBUG: END: AltsoundProcessorBase::setVolume()
            DEBUG: SFX stream 2147483751 gain:  0.50  group_vol:  0.85 ducked_vol:  1.00
        DEBUG: BEGIN GSoundProcessor::findLowestDuckVolume()
            DEBUG: SFX duck_vol_map is empty()
        DEBUG: END GSoundProcessor::findLowestDuckVolume()
            DEBUG: SFX ducking volume: 1.00
        DEBUG: BEGIN: AltsoundProcessorBase::setVolume()
            INFO: Setting volume for stream 2147483761
            DEBUG: SAMPLE_VOL:0.43  GLOBAL_VOL:1.00  MASTER_VOL:1.00
            INFO: SUCCESS BASS_ChannelSetAttribute(BASS_ATTRIB_VOL)
        DEBUG: END: AltsoundProcessorBase::setVolume()
            DEBUG: SFX stream 2147483761 gain:  0.50  group_vol:  0.85 ducked_vol:  1.00
        DEBUG: BEGIN GSoundProcessor::findLowestDuckVolume()
            DEBUG: SFX duck_vol_map is empty()
        DEBUG: END GSoundProcessor::findLowestDuckVolume()
            DEBUG: SFX ducking volume: 1.00
        DEBUG: BEGIN: AltsoundProcessorBase::setVolume()
            INFO: Setting volume for stream 2147483753
            DEBUG: SAMPLE_VOL:0.34  GLOBAL_VOL:1.00  MASTER_VOL:1.00
            INFO: SUCCESS BASS_ChannelSetAttribute(BASS_ATTRIB_VOL)
        DEBUG: END: AltsoundProcessorBase::setVolume()
            DEBUG: SFX stream 2147483753 gain:  0.40  group_vol:  0.85 ducked_vol:  1.00
        DEBUG: BEGIN GSoundProcessor::findLowestDuckVolume()
            DEBUG: SFX duck_vol_map is empty()
        DEBUG: END GSoundProcessor::findLowestDuckVolume()
            DEBUG: SFX ducking volume: 1.00
        DEBUG: BEGIN: AltsoundProcessorBase::setVolume()
            INFO: Setting volume for stream 2147483763
            DEBUG: SAMPLE_VOL:0.43  GLOBAL_VOL:1.00  MASTER_VOL:1.00
            INFO: SUCCESS BASS_ChannelSetAttribute(BASS_ATTRIB_VOL)
        DEBUG: END: AltsoundProcessorBase::setVolume()
            DEBUG: SFX stream 2147483763 gain:  0.50  group_vol:  0.85 ducked_vol:  1.00
            INFO: Num active streams: 8
        DEBUG: END GSoundProcessor::adjustStreamVolumes()
        INFO: Playing SFX stream: gnr_300/0x00b2-matt_mission.ogg
        DEBUG: HSTREAM(2147483763)  CH(07)  CMD(00B2)  SAMPLE(gnr_300/0x00b2-matt_mission.ogg)
            INFO: SUCCESS SFX stream playback
    DEBUG: END GSoundProcessor::handleCmd()
INFO: SUCCESS processor::handleCmd()
DEBUG: BEGIN altsound_postprocess_commands()
DEBUG: MAME_GEN: 0x0000000004000
DEBUG: END postprocess_commands()
DEBUG: END AltsoundProcessCommand()
DEBUG: 
DEBUG: BEGIN AltsoundProcessCommand()
DEBUG: Master Volume (Post Attenuation): 1.00
DEBUG: BEGIN altsound_preprocess_commands()
DEBUG: MAME_GEN: 0x0000000004000
DEBUG: Hardware Generation: DEDMD16, DEDMD32, DEDMD64, DE
DEBUG: END altsound_preprocess_commands()
DEBUG: Command complete. Processing...
    DEBUG: BEGIN GSoundProcessor::handleCmd()
        DEBUG: Acquiring mutex
        DEBUG: BEGIN GSoundProcessor::getSample()
        INFO: Found 1 sample(s) for ID: 007B
        INFO: Sample: gnr_300/0x007b-push_button.ogg
        DEBUG: END GSoundProcessor::getSample()
        DEBUG: BEGIN GSoundProcessor::processStream()
            DEBUG: BEGIN AltsoundProcessorBase::createStream()
                INFO: BEGIN: AltsoundProcessorBase::findFreeChannel()
                    INFO: Found free channel: 08
                DEBUG: END: AltsoundProcessorBase::findFreeChannel()
                INFO: Successfully created stream(2147483765) on channel(08)
            DEBUG: END: AltsoundProcessorBase::createStream()
        DEBUG: BEGIN: GSoundProcessor::processBehaviors()
            DEBUG: Processing SFX behaviors on OVERLAY streams
            DEBUG: Processing SFX behaviors on SOLO streams
            DEBUG: Processing SFX behaviors on SFX streams
            DEBUG: Processing SFX behaviors on CALLOUT streams
            DEBUG: Processing SFX behaviors on MUSIC streams
        DEBUG: BEGIN GSoundProcessor::printBehaviorData()
        DEBUG: Printing duck_vol_map:
        DEBUG: Stream Type: OVERLAY
        DEBUG: Stream Type: SOLO
        DEBUG: Stream Type: SFX
        DEBUG: Stream Type: CALLOUT
        DEBUG: Stream Type: MUSIC
        DEBUG: Stream ID: 2147483765, Duck Volume: 0.850000
        DEBUG: Stream ID: 2147483763, Duck Volume: 0.850000
        DEBUG: Stream ID: 2147483761, Duck Volume: 0.850000
        DEBUG: Stream ID: 2147483759, Duck Volume: 0.850000
        DEBUG: Stream ID: 2147483757, Duck Volume: 0.850000
        DEBUG: Stream ID: 2147483755, Duck Volume: 0.850000
        DEBUG: Stream ID: 2147483753, Duck Volume: 0.850000
        DEBUG: Stream ID: 2147483751, Duck Volume: 0.850000
        DEBUG: Printing paused_status_map:
        DEBUG: Stream Type: OVERLAY
        DEBUG: Stream Type: SOLO
        DEBUG: Stream Type: SFX
        DEBUG: Stream Type: CALLOUT
        DEBUG: Stream Type: MUSIC
        DEBUG: END GSoundProcessor::printBehaviorData()
        DEBUG: END GSoundProcessor::processBehaviors()
        DEBUG: END GSoundProcessor::processStream()
        INFO: BEGIN GSoundProcessor::adjustStreamVolumes()
        DEBUG: BEGIN GSoundProcessor::findLowestDuckVolume()
            DEBUG: SFX duck_vol_map is empty()
        DEBUG: END GSoundProcessor::findLowestDuckVolume()
            DEBUG: SFX ducking volume: 1.00
        DEBUG: BEGIN: AltsoundProcessorBase::setVolume()
            INFO: Setting volume for stream 2147483755
            DEBUG: SAMPLE_VOL:0.34  GLOBAL_VOL:1.00  MASTER_VOL:1.00
            INFO: SUCCESS BASS_ChannelSetAttribute(BASS_ATTRIB_VOL)
        DEBUG: END: AltsoundProcessorBase::setVolume()
            DEBUG: SFX stream 2147483755 gain:  0.40  group_vol:  0.85 ducked_vol:  1.00
        DEBUG: BEGIN GSoundProcessor::findLowestDuckVolume()
            DEBUG: SFX duck_vol_map is empty()
        DEBUG: END GSoundProcessor::findLowestDuckVolume()
            DEBUG: SFX ducking volume: 1.00
        DEBUG: BEGIN: AltsoundProcessorBase::setVolume()
            INFO: Setting volume for stream 2147483757
            DEBUG: SAMPLE_VOL:0.43  GLOBAL_VOL:1.00  MASTER_VOL:1.00
            INFO: SUCCESS BASS_ChannelSetAttribute(BASS_ATTRIB_VOL)
        DEBUG: END: AltsoundProcessorBase::setVolume()
            DEBUG: SFX stream 2147483757 gain:  0.50  group_vol:  0.85 ducked_vol:  1.00
        DEBUG: BEGIN GSoundProcessor::findLowestDuckVolume()
            DEBUG: SFX duck_vol_map is empty()
        DEBUG: END GSoundProcessor::findLowestDuckVolume()
            DEBUG: SFX ducking volume: 1.00
        DEBUG: BEGIN: AltsoundProcessorBase::setVolume()
            INFO: Setting volume for stream 2147483759
            DEBUG: SAMPLE_VOL:0.34  GLOBAL_VOL:1.00  MASTER_VOL:1.00
            INFO: SUCCESS BASS_ChannelSetAttribute(BASS_ATTRIB_VOL)
        DEBUG: END: AltsoundProcessorBase::setVolume()
            DEBUG: SFX stream 2147483759 gain:  0.40  group_vol:  0.85 ducked_vol:  1.00
        DEBUG: BEGIN GSoundProcessor::findLowestDuckVolume()
            DEBUG: Min ducking value for MUSIC streams: 0.85
        DEBUG: END GSoundProcessor::findLowestDuckVolume()
            DEBUG: MUSIC ducking volume: 0.85
        DEBUG: BEGIN: AltsoundProcessorBase::setVolume()
            INFO: Setting volume for stream 2147483659
            DEBUG: SAMPLE_VOL:0.76  GLOBAL_VOL:1.00  MASTER_VOL:1.00
            INFO: SUCCESS BASS_ChannelSetAttribute(BASS_ATTRIB_VOL)
        DEBUG: END: AltsoundProcessorBase::setVolume()
            DEBUG: MUSIC stream 2147483659 gain:  0.90  group_vol:  1.00 ducked_vol:  0.85
        DEBUG: BEGIN GSoundProcessor::findLowestDuckVolume()
            DEBUG: SFX duck_vol_map is empty()
        DEBUG: END GSoundProcessor::findLowestDuckVolume()
            DEBUG: SFX ducking volume: 1.00
        DEBUG: BEGIN: AltsoundProcessorBase::setVolume()
            INFO: Setting volume for stream 2147483751
            DEBUG: SAMPLE_VOL:0.43  GLOBAL_VOL:1.00  MASTER_VOL:1.00
            INFO: SUCCESS BASS_ChannelSetAttribute(BASS_ATTRIB_VOL)
        DEBUG: END: AltsoundProcessorBase::setVolume()
            DEBUG: SFX stream 2147483751 gain:  0.50  group_vol:  0.85 ducked_vol:  1.00
        DEBUG: BEGIN GSoundProcessor::findLowestDuckVolume()
            DEBUG: SFX duck_vol_map is empty()
        DEBUG: END GSoundProcessor::findLowestDuckVolume()
            DEBUG: SFX ducking volume: 1.00
        DEBUG: BEGIN: AltsoundProcessorBase::setVolume()
            INFO: Setting volume for stream 2147483761
            DEBUG: SAMPLE_VOL:0.43  GLOBAL_VOL:1.00  MASTER_VOL:1.00
            INFO: SUCCESS BASS_ChannelSetAttribute(BASS_ATTRIB_VOL)
        DEBUG: END: AltsoundProcessorBase::setVolume()
            DEBUG: SFX stream 2147483761 gain:  0.50  group_vol:  0.85 ducked_vol:  1.00
        DEBUG: BEGIN GSoundProcessor::findLowestDuckVolume()
            DEBUG: SFX duck_vol_map is empty()
        DEBUG: END GSoundProcessor::findLowestDuckVolume()
            DEBUG: SFX ducking volume: 1.00
        DEBUG: BEGIN: AltsoundProcessorBase::setVolume()
            INFO: Setting volume for stream 2147483753
            DEBUG: SAMPLE_VOL:0.34  GLOBAL_VOL:1.00  MASTER_VOL:1.00
            INFO: SUCCESS BASS_ChannelSetAttribute(BASS_ATTRIB_VOL)
        DEBUG: END: AltsoundProcessorBase::setVolume()
            DEBUG: SFX stream 2147483753 gain:  0.40  group_vol:  0.85 ducked_vol:  1.00
        DEBUG: BEGIN GSoundProcessor::findLowestDuckVolume()
            DEBUG: SFX duck_vol_map is empty()
        DEBUG: END GSoundProcessor::findLowestDuckVolume()
            DEBUG: SFX ducking volume: 1.00
        DEBUG: BEGIN: AltsoundProcessorBase::setVolume()
            INFO: Setting volume for stream 2147483763
            DEBUG: SAMPLE_VOL:0.43  GLOBAL_VOL:1.00  MASTER_VOL:1.00
            INFO: SUCCESS BASS_ChannelSetAttribute(BASS_ATTRIB_VOL)
        DEBUG: END: AltsoundProcessorBase::setVolume()
            DEBUG: SFX stream 2147483763 gain:  0.50  group_vol:  0.85 ducked_vol:  1.00
        DEBUG: BEGIN GSoundProcessor::findLowestDuckVolume()
            DEBUG: SFX duck_vol_map is empty()
        DEBUG: END GSoundProcessor::findLowestDuckVolume()
            DEBUG: SFX ducking volume: 1.00
        DEBUG: BEGIN: AltsoundProcessorBase::setVolume()
            INFO: Setting volume for stream 2147483765
            DEBUG: SAMPLE_VOL:0.34  GLOBAL_VOL:1.00  MASTER_VOL:1.00
            INFO: SUCCESS BASS_ChannelSetAttribute(BASS_ATTRIB_VOL)
        DEBUG: END: AltsoundProcessorBase::setVolume()
            DEBUG: SFX stream 2147483765 gain:  0.40  group_vol:  0.85 ducked_vol:  1.00
            INFO: Num active streams: 9
        DEBUG: END GSoundProcessor::adjustStreamVolumes()
        INFO: Playing SFX stream: gnr_300/0x007b-push_button.ogg
        DEBUG: HSTREAM(2147483765)  CH(08)  CMD(007B)  SAMPLE(gnr_300/0x007b-push_button.ogg)
            INFO: SUCCESS SFX stream playback
    DEBUG: END GSoundProcessor::handleCmd()
INFO: SUCCESS processor::handleCmd()
DEBUG: BEGIN altsound_postprocess_commands()
DEBUG: MAME_GEN: 0x0000000004000
DEBUG: END postprocess_commands()
DEBUG: END AltsoundProcessCommand()
DEBUG: 
DEBUG: BEGIN AltsoundProcessCommand()
DEBUG: Master Volume (Post Attenuation): 1.00
DEBUG: BEGIN altsound_preprocess_commands()
DEBUG: MAME_GEN: 0x0000000004000
DEBUG: Hardware Generation: DEDMD16, DEDMD32, DEDMD64, DE
DEBUG: END altsound_preprocess_commands()
DEBUG: Command complete. Processing...
    DEBUG: BEGIN GSoundProcessor::handleCmd()
        DEBUG: Acquiring mutex
        DEBUG: BEGIN GSoundProcessor::getSample()
        INFO: Found 1 sample(s) for ID: 00B1
        INFO: Sample: gnr_300/0x00b1-matt_mission.ogg
        DEBUG: END GSoundProcessor::getSample()
        DEBUG: BEGIN GSoundProcessor::processStream()
            DEBUG: BEGIN AltsoundProcessorBase::createStream()
                INFO: BEGIN: AltsoundProcessorBase::findFreeChannel()
                    INFO: Found free channel: 09
                DEBUG: END: AltsoundProcessorBase::findFreeChannel()
                INFO: Successfully created stream(2147483767) on channel(09)
            DEBUG: END: AltsoundProcessorBase::createStream()
        DEBUG: BEGIN: GSoundProcessor::processBehaviors()
            DEBUG: Processing SFX behaviors on OVERLAY streams
            DEBUG: Processing SFX behaviors on SOLO streams
            DEBUG: Processing SFX behaviors on SFX streams
            DEBUG: Processing SFX behaviors on CALLOUT streams
            DEBUG: Processing SFX behaviors on MUSIC streams
        DEBUG: BEGIN GSoundProcessor::printBehaviorData()
        DEBUG: Printing duck_vol_map:
        DEBUG: Stream Type: OVERLAY
        DEBUG: Stream Type: SOLO
        DEBUG: Stream Type: SFX
        DEBUG: Stream Type: CALLOUT
        DEBUG: Stream Type: MUSIC
        DEBUG: Stream ID: 2147483767, Duck Volume: 0.850000
        DEBUG: Stream ID: 2147483765, Duck Volume: 0.850000
        DEBUG: Stream ID: 2147483763, Duck Volume: 0.850000
        DEBUG: Stream ID: 2147483761, Duck Volume: 0.850000
        DEBUG: Stream ID: 2147483759, Duck Volume: 0.850000
        DEBUG: Stream ID: 2147483757, Duck Volume: 0.850000
        DEBUG: Stream ID: 2147483755, Duck Volume: 0.850000
        DEBUG: Stream ID: 2147483753, Duck Volume: 0.850000
        DEBUG: Stream ID: 2147483751, Duck Volume: 0.850000
        DEBUG: Printing paused_status_map:
        DEBUG: Stream Type: OVERLAY
        DEBUG: Stream Type: SOLO
        DEBUG: Stream Type: SFX
        DEBUG: Stream Type: CALLOUT
        DEBUG: Stream Type: MUSIC
        DEBUG: END GSoundProcessor::printBehaviorData()
        DEBUG: END GSoundProcessor::processBehaviors()
        DEBUG: END GSoundProcessor::processStream()
        INFO: BEGIN GSoundProcessor::adjustStreamVolumes()
        DEBUG: BEGIN GSoundProcessor::findLowestDuckVolume()
            DEBUG: SFX duck_vol_map is empty()
        DEBUG: END GSoundProcessor::findLowestDuckVolume()
            DEBUG: SFX ducking volume: 1.00
        DEBUG: BEGIN: AltsoundProcessorBase::setVolume()
            INFO: Setting volume for stream 2147483755
            DEBUG: SAMPLE_VOL:0.34  GLOBAL_VOL:1.00  MASTER_VOL:1.00
            INFO: SUCCESS BASS_ChannelSetAttribute(BASS_ATTRIB_VOL)
        DEBUG: END: AltsoundProcessorBase::setVolume()
            DEBUG: SFX stream 2147483755 gain:  0.40  group_vol:  0.85 ducked_vol:  1.00
        DEBUG: BEGIN GSoundProcessor::findLowestDuckVolume()
            DEBUG: SFX duck_vol_map is empty()
        DEBUG: END GSoundProcessor::findLowestDuckVolume()
            DEBUG: SFX ducking volume: 1.00
        DEBUG: BEGIN: AltsoundProcessorBase::setVolume()
            INFO: Setting volume for stream 2147483757
            DEBUG: SAMPLE_VOL:0.43  GLOBAL_VOL:1.00  MASTER_VOL:1.00
            INFO: SUCCESS BASS_ChannelSetAttribute(BASS_ATTRIB_VOL)
        DEBUG: END: AltsoundProcessorBase::setVolume()
            DEBUG: SFX stream 2147483757 gain:  0.50  group_vol:  0.85 ducked_vol:  1.00
        DEBUG: BEGIN GSoundProcessor::findLowestDuckVolume()
            DEBUG: SFX duck_vol_map is empty()
        DEBUG: END GSoundProcessor::findLowestDuckVolume()
            DEBUG: SFX ducking volume: 1.00
        DEBUG: BEGIN: AltsoundProcessorBase::setVolume()
            INFO: Setting volume for stream 2147483759
            DEBUG: SAMPLE_VOL:0.34  GLOBAL_VOL:1.00  MASTER_VOL:1.00
            INFO: SUCCESS BASS_ChannelSetAttribute(BASS_ATTRIB_VOL)
        DEBUG: END: AltsoundProcessorBase::setVolume()
            DEBUG: SFX stream 2147483759 gain:  0.40  group_vol:  0.85 ducked_vol:  1.00
        DEBUG: BEGIN GSoundProcessor::findLowestDuckVolume()
            DEBUG: Min ducking value for MUSIC streams: 0.85
        DEBUG: END GSoundProcessor::findLowestDuckVolume()
            DEBUG: MUSIC ducking volume: 0.85
        DEBUG: BEGIN: AltsoundProcessorBase::setVolume()
            INFO: Setting volume for stream 2147483659
            DEBUG: SAMPLE_VOL:0.76  GLOBAL_VOL:1.00  MASTER_VOL:1.00
            INFO: SUCCESS BASS_ChannelSetAttribute(BASS_ATTRIB_VOL)
        DEBUG: END: AltsoundProcessorBase::setVolume()
            DEBUG: MUSIC stream 2147483659 gain:  0.90  group_vol:  1.00 ducked_vol:  0.85
        DEBUG: BEGIN GSoundProcessor::findLowestDuckVolume()
            DEBUG: SFX duck_vol_map is empty()
        DEBUG: END GSoundProcessor::findLowestDuckVolume()
            DEBUG: SFX ducking volume: 1.00
        DEBUG: BEGIN: AltsoundProcessorBase::setVolume()
            INFO: Setting volume for stream 2147483751
            DEBUG: SAMPLE_VOL:0.43  GLOBAL_VOL:1.00  MASTER_VOL:1.00
            INFO: SUCCESS BASS_ChannelSetAttribute(BASS_ATTRIB_VOL)
        DEBUG: END: AltsoundProcessorBase::setVolume()
            DEBUG: SFX stream 2147483751 gain:  0.50  group_vol:  0.85 ducked_vol:  1.00
        DEBUG: BEGIN GSoundProcessor::findLowestDuckVolume()
            DEBUG: SFX duck_vol_map is empty()
        DEBUG: END GSoundProcessor::findLowestDuckVolume()
            DEBUG: SFX ducking volume: 1.00
        DEBUG: BEGIN: AltsoundProcessorBase::setVolume()
            INFO: Setting volume for stream 2147483761
            DEBUG: SAMPLE_VOL:0.43  GLOBAL_VOL:1.00  MASTER_VOL:1.00
            INFO: SUCCESS BASS_ChannelSetAttribute(BASS_ATTRIB_VOL)
        DEBUG: END: AltsoundProcessorBase::setVolume()
            DEBUG: SFX stream 2147483761 gain:  0.50  group_vol:  0.85 ducked_vol:  1.00
        DEBUG: BEGIN GSoundProcessor::findLowestDuckVolume()
            DEBUG: SFX duck_vol_map is empty()
        DEBUG: END GSoundProcessor::findLowestDuckVolume()
            DEBUG: SFX ducking volume: 1.00
        DEBUG: BEGIN: AltsoundProcessorBase::setVolume()
            INFO: Setting volume for stream 2147483753
            DEBUG: SAMPLE_VOL:0.34  GLOBAL_VOL:1.00  MASTER_VOL:1.00
            INFO: SUCCESS BASS_ChannelSetAttribute(BASS_ATTRIB_VOL)
        DEBUG: END: AltsoundProcessorBase::setVolume()
            DEBUG: SFX stream 2147483753 gain:  0.40  group_vol:  0.85 ducked_vol:  1.00
        DEBUG: BEGIN GSoundProcessor::findLowestDuckVolume()
            DEBUG: SFX duck_vol_map is empty()
        DEBUG: END GSoundProcessor::findLowestDuckVolume()
            DEBUG: SFX ducking volume: 1.00
        DEBUG: BEGIN: AltsoundProcessorBase::setVolume()
            INFO: Setting volume for stream 2147483763
            DEBUG: SAMPLE_VOL:0.43  GLOBAL_VOL:1.00  MASTER_VOL:1.00
            INFO: SUCCESS BASS_ChannelSetAttribute(BASS_ATTRIB_VOL)
        DEBUG: END: AltsoundProcessorBase::setVolume()
            DEBUG: SFX stream 2147483763 gain:  0.50  group_vol:  0.85 ducked_vol:  1.00
        DEBUG: BEGIN GSoundProcessor::findLowestDuckVolume()
            DEBUG: SFX duck_vol_map is empty()
        DEBUG: END GSoundProcessor::findLowestDuckVolume()
            DEBUG: SFX ducking volume: 1.00
        DEBUG: BEGIN: AltsoundProcessorBase::setVolume()
            INFO: Setting volume for stream 2147483765
            DEBUG: SAMPLE_VOL:0.34  GLOBAL_VOL:1.00  MASTER_VOL:1.00
            INFO: SUCCESS BASS_ChannelSetAttribute(BASS_ATTRIB_VOL)
        DEBUG: END: AltsoundProcessorBase::setVolume()
            DEBUG: SFX stream 2147483765 gain:  0.40  group_vol:  0.85 ducked_vol:  1.00
        DEBUG: BEGIN GSoundProcessor::findLowestDuckVolume()
            DEBUG: SFX duck_vol_map is empty()
        DEBUG: END GSoundProcessor::findLowestDuckVolume()
            DEBUG: SFX ducking volume: 1.00
        DEBUG: BEGIN: AltsoundProcessorBase::setVolume()
            INFO: Setting volume for stream 2147483767
            DEBUG: SAMPLE_VOL:0.43  GLOBAL_VOL:1.00  MASTER_VOL:1.00
            INFO: SUCCESS BASS_ChannelSetAttribute(BASS_ATTRIB_VOL)
        DEBUG: END: AltsoundProcessorBase::setVolume()
            DEBUG: SFX stream 2147483767 gain:  0.50  group_vol:  0.85 ducked_vol:  1.00
            INFO: Num active streams: 10
        DEBUG: END GSoundProcessor::adjustStreamVolumes()
        INFO: Playing SFX stream: gnr_300/0x00b1-matt_mission.ogg
        DEBUG: HSTREAM(2147483767)  CH(09)  CMD(00B1)  SAMPLE(gnr_300/0x00b1-matt_mission.ogg)
            INFO: SUCCESS SFX stream playback
    DEBUG: END GSoundProcessor::handleCmd()
INFO: SUCCESS processor::handleCmd()
DEBUG: BEGIN altsound_postprocess_commands()
DEBUG: MAME_GEN: 0x0000000004000
DEBUG: END postprocess_commands()
DEBUG: END AltsoundProcessCommand()
DEBUG: 
DEBUG: BEGIN AltsoundProcessCommand()
DEBUG: Master Volume (Post Attenuation): 1.00
DEBUG: BEGIN altsound_preprocess_commands()
DEBUG: MAME_GEN: 0x0000000004000
DEBUG: Hardware Generation: DEDMD16, DEDMD32, DEDMD64, DE
DEBUG: END altsound_preprocess_commands()
DEBUG: Command complete. Processing...
    DEBUG: BEGIN GSoundProcessor::handleCmd()
        DEBUG: Acquiring mutex
        DEBUG: BEGIN GSoundProcessor::getSample()
        INFO: No sample(s) found for ID: 0018
        DEBUG: END GSoundProcessor::getSample()
        ERROR: FAILED GSoundProcessor::get_sample()
    DEBUG: END GSoundProcessor::handleCmd()
WARNING: FAILED processor::handleCmd()
DEBUG: BEGIN altsound_postprocess_commands()
DEBUG: MAME_GEN: 0x0000000004000
INFO: Stopping MUSIC(3)
DEBUG: BEGIN GSoundProcessor::stopMusic()
DEBUG: BEGIN: GSoundProcessor::stopExclusiveStream()
DEBUG: BEGIN: GSoundProcessor::postProcessBehaviors()
    DEBUG: Post-processing MUSIC behaviors on OVERLAY streams
    DEBUG: Post-processing MUSIC ducking impact on OVERLAY streams
    DEBUG: Post-processing MUSIC behaviors on SOLO streams
    DEBUG: Post-processing MUSIC ducking impact on SOLO streams
    DEBUG: Post-processing MUSIC behaviors on SFX streams
    DEBUG: Post-processing MUSIC ducking impact on SFX streams
    DEBUG: Post-processing MUSIC behaviors on CALLOUT streams
    DEBUG: Post-processing MUSIC ducking impact on CALLOUT streams
    DEBUG: Post-processing MUSIC behaviors on MUSIC streams
    DEBUG: Post-processing MUSIC ducking impact on MUSIC streams
DEBUG: BEGIN GSoundProcessor::printBehaviorData()
DEBUG: Printing duck_vol_map:
DEBUG: Stream Type: OVERLAY
DEBUG: Stream Type: SOLO
DEBUG: Stream Type: SFX
DEBUG: Stream Type: CALLOUT
DEBUG: Stream Type: MUSIC
DEBUG: Stream ID: 2147483767, Duck Volume: 0.850000
DEBUG: Stream ID: 2147483765, Duck Volume: 0.850000
DEBUG: Stream ID: 2147483763, Duck Volume: 0.850000
DEBUG: Stream ID: 2147483761, Duck Volume: 0.850000
DEBUG: Stream ID: 2147483759, Duck Volume: 0.850000
DEBUG: Stream ID: 2147483757, Duck Volume: 0.850000
DEBUG: Stream ID: 2147483755, Duck Volume: 0.850000
DEBUG: Stream ID: 2147483753, Duck Volume: 0.850000
DEBUG: Stream ID: 2147483751, Duck Volume: 0.850000
DEBUG: Printing paused_status_map:
DEBUG: Stream Type: OVERLAY
DEBUG: Stream Type: SOLO
DEBUG: Stream Type: SFX
DEBUG: Stream Type: CALLOUT
DEBUG: Stream Type: MUSIC
DEBUG: END GSoundProcessor::printBehaviorData()
DEBUG: END GSoundProcessor::postProcessBehaviors()
    INFO: Current stream(gnr_300/0x0002-launch_ball_music.ogg): HSTREAM: 2147483659  CH: 03
DEBUG: BEGIN: AltsoundProcessorBase::stopStream()
INFO: BEGIN AltsoundProcessorBase::freeStream()
    INFO: Successfully free'd stream(2147483659)
DEBUG: END AltsoundProcessorBase::freeStream()
INFO: Successfully stopped stream(2147483659)
DEBUG: END: AltsoundProcessorBase::stopStream()
    INFO: Stopped MUSIC stream: 2147483659  Chan: 03
DEBUG: END: GSoundProcessor::stopExclusiveStream()
INFO: BEGIN GSoundProcessor::adjustStreamVolumes()
DEBUG: BEGIN GSoundProcessor::findLowestDuckVolume()
    DEBUG: SFX duck_vol_map is empty()
DEBUG: END GSoundProcessor::findLowestDuckVolume()
    DEBUG: SFX ducking volume: 1.00
DEBUG: BEGIN: AltsoundProcessorBase::setVolume()
    INFO: Setting volume for stream 2147483755
    DEBUG: SAMPLE_VOL:0.34  GLOBAL_VOL:1.00  MASTER_VOL:1.00
    INFO: SUCCESS BASS_ChannelSetAttribute(BASS_ATTRIB_VOL)
DEBUG: END: AltsoundProcessorBase::setVolume()
    DEBUG: SFX stream 2147483755 gain:  0.40  group_vol:  0.85 ducked_vol:  1.00
DEBUG: BEGIN GSoundProcessor::findLowestDuckVolume()
    DEBUG: SFX duck_vol_map is empty()
DEBUG: END GSoundProcessor::findLowestDuckVolume()
    DEBUG: SFX ducking volume: 1.00
DEBUG: BEGIN: AltsoundProcessorBase::setVolume()
    INFO: Setting volume for stream 2147483757
    DEBUG: SAMPLE_VOL:0.43  GLOBAL_VOL:1.00  MASTER_VOL:1.00
    INFO: SUCCESS BASS_ChannelSetAttribute(BASS_ATTRIB_VOL)
DEBUG: END: AltsoundProcessorBase::setVolume()
    DEBUG: SFX stream 2147483757 gain:  0.50  group_vol:  0.85 ducked_vol:  1.00
DEBUG: BEGIN GSoundProcessor::findLowestDuckVolume()
    DEBUG: SFX duck_vol_map is empty()
DEBUG: END GSoundProcessor::findLowestDuckVolume()
    DEBUG: SFX ducking volume: 1.00
DEBUG: BEGIN: AltsoundProcessorBase::setVolume()
    INFO: Setting volume for stream 2147483759
    DEBUG: SAMPLE_VOL:0.34  GLOBAL_VOL:1.00  MASTER_VOL:1.00
    INFO: SUCCESS BASS_ChannelSetAttribute(BASS_ATTRIB_VOL)
DEBUG: END: AltsoundProcessorBase::setVolume()
    DEBUG: SFX stream 2147483759 gain:  0.40  group_vol:  0.85 ducked_vol:  1.00
DEBUG: BEGIN GSoundProcessor::findLowestDuckVolume()
    DEBUG: SFX duck_vol_map is empty()
DEBUG: END GSoundProcessor::findLowestDuckVolume()
    DEBUG: SFX ducking volume: 1.00
DEBUG: BEGIN: AltsoundProcessorBase::setVolume()
    INFO: Setting volume for stream 2147483751
    DEBUG: SAMPLE_VOL:0.43  GLOBAL_VOL:1.00  MASTER_VOL:1.00
    INFO: SUCCESS BASS_ChannelSetAttribute(BASS_ATTRIB_VOL)
DEBUG: END: AltsoundProcessorBase::setVolume()
    DEBUG: SFX stream 2147483751 gain:  0.50  group_vol:  0.85 ducked_vol:  1.00
DEBUG: BEGIN GSoundProcessor::findLowestDuckVolume()
    DEBUG: SFX duck_vol_map is empty()
DEBUG: END GSoundProcessor::findLowestDuckVolume()
    DEBUG: SFX ducking volume: 1.00
DEBUG: BEGIN: AltsoundProcessorBase::setVolume()
    INFO: Setting volume for stream 2147483761
    DEBUG: SAMPLE_VOL:0.43  GLOBAL_VOL:1.00  MASTER_VOL:1.00
    INFO: SUCCESS BASS_ChannelSetAttribute(BASS_ATTRIB_VOL)
DEBUG: END: AltsoundProcessorBase::setVolume()
    DEBUG: SFX stream 2147483761 gain:  0.50  group_vol:  0.85 ducked_vol:  1.00
DEBUG: BEGIN GSoundProcessor::findLowestDuckVolume()
    DEBUG: SFX duck_vol_map is empty()
DEBUG: END GSoundProcessor::findLowestDuckVolume()
    DEBUG: SFX ducking volume: 1.00
DEBUG: BEGIN: AltsoundProcessorBase::setVolume()
    INFO: Setting volume for stream 2147483753
    DEBUG: SAMPLE_VOL:0.34  GLOBAL_VOL:1.00  MASTER_VOL:1.00
    INFO: SUCCESS BASS_ChannelSetAttribute(BASS_ATTRIB_VOL)
DEBUG: END: AltsoundProcessorBase::setVolume()
    DEBUG: SFX stream 2147483753 gain:  0.40  group_vol:  0.85 ducked_vol:  1.00
DEBUG: BEGIN GSoundProcessor::findLowestDuckVolume()
    DEBUG: SFX duck_vol_map is empty()
DEBUG: END GSoundProcessor::findLowestDuckVolume()
    DEBUG: SFX ducking volume: 1.00
DEBUG: BEGIN: AltsoundProcessorBase::setVolume()
    INFO: Setting volume for stream 2147483763
    DEBUG: SAMPLE_VOL:0.43  GLOBAL_VOL:1.00  MASTER_VOL:1.00
    INFO: SUCCESS BASS_ChannelSetAttribute(BASS_ATTRIB_VOL)
DEBUG: END: AltsoundProcessorBase::setVolume()
    DEBUG: SFX stream 2147483763 gain:  0.50  group_vol:  0.85 ducked_vol:  1.00
DEBUG: BEGIN GSoundProcessor::findLowestDuckVolume()
    DEBUG: SFX duck_vol_map is empty()
DEBUG: END GSoundProcessor::findLowestDuckVolume()
    DEBUG: SFX ducking volume: 1.00
DEBUG: BEGIN: AltsoundProcessorBase::setVolume()
    INFO: Setting volume for stream 2147483765
    DEBUG: SAMPLE_VOL:0.34  GLOBAL_VOL:1.00  MASTER_VOL:1.00
    INFO: SUCCESS BASS_ChannelSetAttribute(BASS_ATTRIB_VOL)
DEBUG: END: AltsoundProcessorBase::setVolume()
    DEBUG: SFX stream 2147483765 gain:  0.40  group_vol:  0.85 ducked_vol:  1.00
DEBUG: BEGIN GSoundProcessor::findLowestDuckVolume()
    DEBUG: SFX duck_vol_map is empty()
DEBUG: END GSoundProcessor::findLowestDuckVolume()
    DEBUG: SFX ducking volume: 1.00
DEBUG: BEGIN: AltsoundProcessorBase::setVolume()
    INFO: Setting volume for stream 2147483767
    DEBUG: SAMPLE_VOL:0.43  GLOBAL_VOL:1.00  MASTER_VOL:1.00
    INFO: SUCCESS BASS_ChannelSetAttribute(BASS_ATTRIB_VOL)
DEBUG: END: AltsoundProcessorBase::setVolume()
    DEBUG: SFX stream 2147483767 gain:  0.50  group_vol:  0.85 ducked_vol:  1.00
    INFO: Num active streams: 9
DEBUG: END GSoundProcessor::adjustStreamVolumes()
DEBUG: BEGIN GSoundProcessor::processPausedStreams()
DEBUG: BEGIN GSoundProcessor::tryResumeStream()
DEBUG: END GSoundProcessor::tryResumeStream()
DEBUG: BEGIN GSoundProcessor::tryResumeStream()
DEBUG: END GSoundProcessor::tryResumeStream()
DEBUG: BEGIN GSoundProcessor::tryResumeStream()
DEBUG: END GSoundProcessor::tryResumeStream()
DEBUG: BEGIN GSoundProcessor::tryResumeStream()
DEBUG: END GSoundProcessor::tryResumeStream()
DEBUG: BEGIN GSoundProcessor::tryResumeStream()
DEBUG: END GSoundProcessor::tryResumeStream()
DEBUG: BEGIN GSoundProcessor::tryResumeStream()
DEBUG: END GSoundProcessor::tryResumeStream()
DEBUG: BEGIN GSoundProcessor::tryResumeStream()
DEBUG: END GSoundProcessor::tryResumeStream()
DEBUG: BEGIN GSoundProcessor::tryResumeStream()
DEBUG: END GSoundProcessor::tryResumeStream()
DEBUG: BEGIN GSoundProcessor::tryResumeStream()
DEBUG: END GSoundProcessor::tryResumeStream()
DEBUG: END GSoundProcessor::processPausedStreams()
DEBUG: END GSoundProcessor::stopMusic()
DEBUG: END postprocess_commands()
DEBUG: END alt_sound_handle()
DEBUG: 
BEGIN: GSoundProcessor::common_callback()
    INFO: HSYNC: 2147483754  HSTREAM: 2147483753
    DEBUG: Acquiring mutex
DEBUG: BEGIN: GSoundProcessor::postProcessBehaviors()
    DEBUG: Post-processing SFX behaviors on OVERLAY streams
    DEBUG: Post-processing SFX ducking impact on OVERLAY streams
    DEBUG: Post-processing SFX behaviors on SOLO streams
    DEBUG: Post-processing SFX ducking impact on SOLO streams
    DEBUG: Post-processing SFX behaviors on SFX streams
    DEBUG: Post-processing SFX ducking impact on SFX streams
    DEBUG: Post-processing SFX behaviors on CALLOUT streams
    DEBUG: Post-processing SFX ducking impact on CALLOUT streams
    DEBUG: Post-processing SFX behaviors on MUSIC streams
    DEBUG: Post-processing SFX ducking impact on MUSIC streams
    DEBUG: Erasing ducking impact from SFX stream: 2147483753
DEBUG: BEGIN GSoundProcessor::printBehaviorData()
DEBUG: Printing duck_vol_map:
DEBUG: Stream Type: OVERLAY
DEBUG: Stream Type: SOLO
DEBUG: Stream Type: SFX
DEBUG: Stream Type: CALLOUT
DEBUG: Stream Type: MUSIC
DEBUG: Stream ID: 2147483767, Duck Volume: 0.850000
DEBUG: Stream ID: 2147483765, Duck Volume: 0.850000
DEBUG: Stream ID: 2147483763, Duck Volume: 0.850000
DEBUG: Stream ID: 2147483761, Duck Volume: 0.850000
DEBUG: Stream ID: 2147483759, Duck Volume: 0.850000
DEBUG: Stream ID: 2147483757, Duck Volume: 0.850000
DEBUG: Stream ID: 2147483755, Duck Volume: 0.850000
DEBUG: Stream ID: 2147483751, Duck Volume: 0.850000
DEBUG: Printing paused_status_map:
DEBUG: Stream Type: OVERLAY
DEBUG: Stream Type: SOLO
DEBUG: Stream Type: SFX
DEBUG: Stream Type: CALLOUT
DEBUG: Stream Type: MUSIC
DEBUG: END GSoundProcessor::printBehaviorData()
DEBUG: END GSoundProcessor::postProcessBehaviors()
    INFO: BEGIN AltsoundProcessorBase::freeStream()
        INFO: Successfully free'd stream(2147483753)
    DEBUG: END AltsoundProcessorBase::freeStream()
INFO: BEGIN GSoundProcessor::adjustStreamVolumes()
DEBUG: BEGIN GSoundProcessor::findLowestDuckVolume()
    DEBUG: SFX duck_vol_map is empty()
DEBUG: END GSoundProcessor::findLowestDuckVolume()
    DEBUG: SFX ducking volume: 1.00
DEBUG: BEGIN: AltsoundProcessorBase::setVolume()
    INFO: Setting volume for stream 2147483755
    DEBUG: SAMPLE_VOL:0.34  GLOBAL_VOL:1.00  MASTER_VOL:1.00
    INFO: SUCCESS BASS_ChannelSetAttribute(BASS_ATTRIB_VOL)
DEBUG: END: AltsoundProcessorBase::setVolume()
    DEBUG: SFX stream 2147483755 gain:  0.40  group_vol:  0.85 ducked_vol:  1.00
DEBUG: BEGIN GSoundProcessor::findLowestDuckVolume()
    DEBUG: SFX duck_vol_map is empty()
DEBUG: END GSoundProcessor::findLowestDuckVolume()
    DEBUG: SFX ducking volume: 1.00
DEBUG: BEGIN: AltsoundProcessorBase::setVolume()
    INFO: Setting volume for stream 2147483757
    DEBUG: SAMPLE_VOL:0.43  GLOBAL_VOL:1.00  MASTER_VOL:1.00
    INFO: SUCCESS BASS_ChannelSetAttribute(BASS_ATTRIB_VOL)
DEBUG: END: AltsoundProcessorBase::setVolume()
    DEBUG: SFX stream 2147483757 gain:  0.50  group_vol:  0.85 ducked_vol:  1.00
DEBUG: BEGIN GSoundProcessor::findLowestDuckVolume()
    DEBUG: SFX duck_vol_map is empty()
DEBUG: END GSoundProcessor::findLowestDuckVolume()
    DEBUG: SFX ducking volume: 1.00
DEBUG: BEGIN: AltsoundProcessorBase::setVolume()
    INFO: Setting volume for stream 2147483759
    DEBUG: SAMPLE_VOL:0.34  GLOBAL_VOL:1.00  MASTER_VOL:1.00
    INFO: SUCCESS BASS_ChannelSetAttribute(BASS_ATTRIB_VOL)
DEBUG: END: AltsoundProcessorBase::setVolume()
    DEBUG: SFX stream 2147483759 gain:  0.40  group_vol:  0.85 ducked_vol:  1.00
DEBUG: BEGIN GSoundProcessor::findLowestDuckVolume()
    DEBUG: SFX duck_vol_map is empty()
DEBUG: END GSoundProcessor::findLowestDuckVolume()
    DEBUG: SFX ducking volume: 1.00
DEBUG: BEGIN: AltsoundProcessorBase::setVolume()
    INFO: Setting volume for stream 2147483751
    DEBUG: SAMPLE_VOL:0.43  GLOBAL_VOL:1.00  MASTER_VOL:1.00
    INFO: SUCCESS BASS_ChannelSetAttribute(BASS_ATTRIB_VOL)
DEBUG: END: AltsoundProcessorBase::setVolume()
    DEBUG: SFX stream 2147483751 gain:  0.50  group_vol:  0.85 ducked_vol:  1.00
DEBUG: BEGIN GSoundProcessor::findLowestDuckVolume()
    DEBUG: SFX duck_vol_map is empty()
DEBUG: END GSoundProcessor::findLowestDuckVolume()
    DEBUG: SFX ducking volume: 1.00
DEBUG: BEGIN: AltsoundProcessorBase::setVolume()
    INFO: Setting volume for stream 2147483761
    DEBUG: SAMPLE_VOL:0.43  GLOBAL_VOL:1.00  MASTER_VOL:1.00
    INFO: SUCCESS BASS_ChannelSetAttribute(BASS_ATTRIB_VOL)
DEBUG: END: AltsoundProcessorBase::setVolume()
    DEBUG: SFX stream 2147483761 gain:  0.50  group_vol:  0.85 ducked_vol:  1.00
DEBUG: BEGIN GSoundProcessor::findLowestDuckVolume()
    DEBUG: SFX duck_vol_map is empty()
DEBUG: END GSoundProcessor::findLowestDuckVolume()
    DEBUG: SFX ducking volume: 1.00
DEBUG: BEGIN: AltsoundProcessorBase::setVolume()
    INFO: Setting volume for stream 2147483763
    DEBUG: SAMPLE_VOL:0.43  GLOBAL_VOL:1.00  MASTER_VOL:1.00
    INFO: SUCCESS BASS_ChannelSetAttribute(BASS_ATTRIB_VOL)
DEBUG: END: AltsoundProcessorBase::setVolume()
    DEBUG: SFX stream 2147483763 gain:  0.50  group_vol:  0.85 ducked_vol:  1.00
DEBUG: BEGIN GSoundProcessor::findLowestDuckVolume()
    DEBUG: SFX duck_vol_map is empty()
DEBUG: END GSoundProcessor::findLowestDuckVolume()
    DEBUG: SFX ducking volume: 1.00
DEBUG: BEGIN: AltsoundProcessorBase::setVolume()
    INFO: Setting volume for stream 2147483765
    DEBUG: SAMPLE_VOL:0.34  GLOBAL_VOL:1.00  MASTER_VOL:1.00
    INFO: SUCCESS BASS_ChannelSetAttribute(BASS_ATTRIB_VOL)
DEBUG: END: AltsoundProcessorBase::setVolume()
    DEBUG: SFX stream 2147483765 gain:  0.40  group_vol:  0.85 ducked_vol:  1.00
DEBUG: BEGIN GSoundProcessor::findLowestDuckVolume()
    DEBUG: SFX duck_vol_map is empty()
DEBUG: END GSoundProcessor::findLowestDuckVolume()
    DEBUG: SFX ducking volume: 1.00
DEBUG: BEGIN: AltsoundProcessorBase::setVolume()
    INFO: Setting volume for stream 2147483767
    DEBUG: SAMPLE_VOL:0.43  GLOBAL_VOL:1.00  MASTER_VOL:1.00
    INFO: SUCCESS BASS_ChannelSetAttribute(BASS_ATTRIB_VOL)
DEBUG: END: AltsoundProcessorBase::setVolume()
    DEBUG: SFX stream 2147483767 gain:  0.50  group_vol:  0.85 ducked_vol:  1.00
    INFO: Num active streams: 8
DEBUG: END GSoundProcessor::adjustStreamVolumes()
DEBUG: BEGIN GSoundProcessor::processPausedStreams()
DEBUG: BEGIN GSoundProcessor::tryResumeStream()
DEBUG: END GSoundProcessor::tryResumeStream()
DEBUG: BEGIN GSoundProcessor::tryResumeStream()
DEBUG: END GSoundProcessor::tryResumeStream()
DEBUG: BEGIN GSoundProcessor::tryResumeStream()
DEBUG: END GSoundProcessor::tryResumeStream()
DEBUG: BEGIN GSoundProcessor::tryResumeStream()
DEBUG: END GSoundProcessor::tryResumeStream()
DEBUG: BEGIN GSoundProcessor::tryResumeStream()
DEBUG: END GSoundProcessor::tryResumeStream()
DEBUG: BEGIN GSoundProcessor::tryResumeStream()
DEBUG: END GSoundProcessor::tryResumeStream()
DEBUG: BEGIN GSoundProcessor::tryResumeStream()
DEBUG: END GSoundProcessor::tryResumeStream()
DEBUG: BEGIN GSoundProcessor::tryResumeStream()
DEBUG: END GSoundProcessor::tryResumeStream()
DEBUG: END GSoundProcessor::processPausedStreams()
    INFO: SFX stream(2147483753) finished on ch(06)
DEBUG: END GSoundProcessor::common_callback()
DEBUG: 
BEGIN: GSoundProcessor::common_callback()
    INFO: HSYNC: 2147483752  HSTREAM: 2147483751
    DEBUG: Acquiring mutex
DEBUG: BEGIN: GSoundProcessor::postProcessBehaviors()
    DEBUG: Post-processing SFX behaviors on OVERLAY streams
    DEBUG: Post-processing SFX ducking impact on OVERLAY streams
    DEBUG: Post-processing SFX behaviors on SOLO streams
    DEBUG: Post-processing SFX ducking impact on SOLO streams
    DEBUG: Post-processing SFX behaviors on SFX streams
    DEBUG: Post-processing SFX ducking impact on SFX streams
    DEBUG: Post-processing SFX behaviors on CALLOUT streams
    DEBUG: Post-processing SFX ducking impact on CALLOUT streams
    DEBUG: Post-processing SFX behaviors on MUSIC streams
    DEBUG: Post-processing SFX ducking impact on MUSIC streams
    DEBUG: Erasing ducking impact from SFX stream: 2147483751
DEBUG: BEGIN GSoundProcessor::printBehaviorData()
DEBUG: Printing duck_vol_map:
DEBUG: Stream Type: OVERLAY
DEBUG: Stream Type: SOLO
DEBUG: Stream Type: SFX
DEBUG: Stream Type: CALLOUT
DEBUG: Stream Type: MUSIC
DEBUG: Stream ID: 2147483767, Duck Volume: 0.850000
DEBUG: Stream ID: 2147483765, Duck Volume: 0.850000
DEBUG: Stream ID: 2147483763, Duck Volume: 0.850000
DEBUG: Stream ID: 2147483761, Duck Volume: 0.850000
DEBUG: Stream ID: 2147483759, Duck Volume: 0.850000
DEBUG: Stream ID: 2147483757, Duck Volume: 0.850000
DEBUG: Stream ID: 2147483755, Duck Volume: 0.850000
DEBUG: Printing paused_status_map:
DEBUG: Stream Type: OVERLAY
DEBUG: Stream Type: SOLO
DEBUG: Stream Type: SFX
DEBUG: Stream Type: CALLOUT
DEBUG: Stream Type: MUSIC
DEBUG: END GSoundProcessor::printBehaviorData()
DEBUG: END GSoundProcessor::postProcessBehaviors()
    INFO: BEGIN AltsoundProcessorBase::freeStream()
        INFO: Successfully free'd stream(2147483751)
    DEBUG: END AltsoundProcessorBase::freeStream()
INFO: BEGIN GSoundProcessor::adjustStreamVolumes()
DEBUG: BEGIN GSoundProcessor::findLowestDuckVolume()
    DEBUG: SFX duck_vol_map is empty()
DEBUG: END GSoundProcessor::findLowestDuckVolume()
    DEBUG: SFX ducking volume: 1.00
DEBUG: BEGIN: AltsoundProcessorBase::setVolume()
    INFO: Setting volume for stream 2147483755
    DEBUG: SAMPLE_VOL:0.34  GLOBAL_VOL:1.00  MASTER_VOL:1.00
    INFO: SUCCESS BASS_ChannelSetAttribute(BASS_ATTRIB_VOL)
DEBUG: END: AltsoundProcessorBase::setVolume()
    DEBUG: SFX stream 2147483755 gain:  0.40  group_vol:  0.85 ducked_vol:  1.00
DEBUG: BEGIN GSoundProcessor::findLowestDuckVolume()
    DEBUG: SFX duck_vol_map is empty()
DEBUG: END GSoundProcessor::findLowestDuckVolume()
    DEBUG: SFX ducking volume: 1.00
DEBUG: BEGIN: AltsoundProcessorBase::setVolume()
    INFO: Setting volume for stream 2147483757
    DEBUG: SAMPLE_VOL:0.43  GLOBAL_VOL:1.00  MASTER_VOL:1.00
    INFO: SUCCESS BASS_ChannelSetAttribute(BASS_ATTRIB_VOL)
DEBUG: END: AltsoundProcessorBase::setVolume()
    DEBUG: SFX stream 2147483757 gain:  0.50  group_vol:  0.85 ducked_vol:  1.00
DEBUG: BEGIN GSoundProcessor::findLowestDuckVolume()
    DEBUG: SFX duck_vol_map is empty()
DEBUG: END GSoundProcessor::findLowestDuckVolume()
    DEBUG: SFX ducking volume: 1.00
DEBUG: BEGIN: AltsoundProcessorBase::setVolume()
    INFO: Setting volume for stream 2147483759
    DEBUG: SAMPLE_VOL:0.34  GLOBAL_VOL:1.00  MASTER_VOL:1.00
    INFO: SUCCESS BASS_ChannelSetAttribute(BASS_ATTRIB_VOL)
DEBUG: END: AltsoundProcessorBase::setVolume()
    DEBUG: SFX stream 2147483759 gain:  0.40  group_vol:  0.85 ducked_vol:  1.00
DEBUG: BEGIN GSoundProcessor::findLowestDuckVolume()
    DEBUG: SFX duck_vol_map is empty()
DEBUG: END GSoundProcessor::findLowestDuckVolume()
    DEBUG: SFX ducking volume: 1.00
DEBUG: BEGIN: AltsoundProcessorBase::setVolume()
    INFO: Setting volume for stream 2147483761
    DEBUG: SAMPLE_VOL:0.43  GLOBAL_VOL:1.00  MASTER_VOL:1.00
    INFO: SUCCESS BASS_ChannelSetAttribute(BASS_ATTRIB_VOL)
DEBUG: END: AltsoundProcessorBase::setVolume()
    DEBUG: SFX stream 2147483761 gain:  0.50  group_vol:  0.85 ducked_vol:  1.00
DEBUG: BEGIN GSoundProcessor::findLowestDuckVolume()
    DEBUG: SFX duck_vol_map is empty()
DEBUG: END GSoundProcessor::findLowestDuckVolume()
    DEBUG: SFX ducking volume: 1.00
DEBUG: BEGIN: AltsoundProcessorBase::setVolume()
    INFO: Setting volume for stream 2147483763
    DEBUG: SAMPLE_VOL:0.43  GLOBAL_VOL:1.00  MASTER_VOL:1.00
    INFO: SUCCESS BASS_ChannelSetAttribute(BASS_ATTRIB_VOL)
DEBUG: END: AltsoundProcessorBase::setVolume()
    DEBUG: SFX stream 2147483763 gain:  0.50  group_vol:  0.85 ducked_vol:  1.00
DEBUG: BEGIN GSoundProcessor::findLowestDuckVolume()
    DEBUG: SFX duck_vol_map is empty()
DEBUG: END GSoundProcessor::findLowestDuckVolume()
    DEBUG: SFX ducking volume: 1.00
DEBUG: BEGIN: AltsoundProcessorBase::setVolume()
    INFO: Setting volume for stream 2147483765
    DEBUG: SAMPLE_VOL:0.34  GLOBAL_VOL:1.00  MASTER_VOL:1.00
    INFO: SUCCESS BASS_ChannelSetAttribute(BASS_ATTRIB_VOL)
DEBUG: END: AltsoundProcessorBase::setVolume()
    DEBUG: SFX stream 2147483765 gain:  0.40  group_vol:  0.85 ducked_vol:  1.00
DEBUG: BEGIN GSoundProcessor::findLowestDuckVolume()
    DEBUG: SFX duck_vol_map is empty()
DEBUG: END GSoundProcessor::findLowestDuckVolume()
    DEBUG: SFX ducking volume: 1.00
DEBUG: BEGIN: AltsoundProcessorBase::setVolume()
    INFO: Setting volume for stream 2147483767
    DEBUG: SAMPLE_VOL:0.43  GLOBAL_VOL:1.00  MASTER_VOL:1.00
    INFO: SUCCESS BASS_ChannelSetAttribute(BASS_ATTRIB_VOL)
DEBUG: END: AltsoundProcessorBase::setVolume()
    DEBUG: SFX stream 2147483767 gain:  0.50  group_vol:  0.85 ducked_vol:  1.00
    INFO: Num active streams: 7
DEBUG: END GSoundProcessor::adjustStreamVolumes()
DEBUG: BEGIN GSoundProcessor::processPausedStreams()
DEBUG: BEGIN GSoundProcessor::tryResumeStream()
DEBUG: END GSoundProcessor::tryResumeStream()
DEBUG: BEGIN GSoundProcessor::tryResumeStream()
DEBUG: END GSoundProcessor::tryResumeStream()
DEBUG: BEGIN GSoundProcessor::tryResumeStream()
DEBUG: END GSoundProcessor::tryResumeStream()
DEBUG: BEGIN GSoundProcessor::tryResumeStream()
DEBUG: END GSoundProcessor::tryResumeStream()
DEBUG: BEGIN GSoundProcessor::tryResumeStream()
DEBUG: END GSoundProcessor::tryResumeStream()
DEBUG: BEGIN GSoundProcessor::tryResumeStream()
DEBUG: END GSoundProcessor::tryResumeStream()
DEBUG: BEGIN GSoundProcessor::tryResumeStream()
DEBUG: END GSoundProcessor::tryResumeStream()
DEBUG: END GSoundProcessor::processPausedStreams()
    INFO: SFX stream(2147483751) finished on ch(04)
DEBUG: END GSoundProcessor::common_callback()
DEBUG: 
BEGIN: GSoundProcessor::common_callback()
    INFO: HSYNC: 2147483762  HSTREAM: 2147483761
    DEBUG: Acquiring mutex
DEBUG: BEGIN: GSoundProcessor::postProcessBehaviors()
    DEBUG: Post-processing SFX behaviors on OVERLAY streams
    DEBUG: Post-processing SFX ducking impact on OVERLAY streams
    DEBUG: Post-processing SFX behaviors on SOLO streams
    DEBUG: Post-processing SFX ducking impact on SOLO streams
    DEBUG: Post-processing SFX behaviors on SFX streams
    DEBUG: Post-processing SFX ducking impact on SFX streams
    DEBUG: Post-processing SFX behaviors on CALLOUT streams
    DEBUG: Post-processing SFX ducking impact on CALLOUT streams
    DEBUG: Post-processing SFX behaviors on MUSIC streams
    DEBUG: Post-processing SFX ducking impact on MUSIC streams
    DEBUG: Erasing ducking impact from SFX stream: 2147483761
DEBUG: BEGIN GSoundProcessor::printBehaviorData()
DEBUG: Printing duck_vol_map:
DEBUG: Stream Type: OVERLAY
DEBUG: Stream Type: SOLO
DEBUG: Stream Type: SFX
DEBUG: Stream Type: CALLOUT
DEBUG: Stream Type: MUSIC
DEBUG: Stream ID: 2147483767, Duck Volume: 0.850000
DEBUG: Stream ID: 2147483765, Duck Volume: 0.850000
DEBUG: Stream ID: 2147483763, Duck Volume: 0.850000
DEBUG: Stream ID: 2147483759, Duck Volume: 0.850000
DEBUG: Stream ID: 2147483757, Duck Volume: 0.850000
DEBUG: Stream ID: 2147483755, Duck Volume: 0.850000
DEBUG: Printing paused_status_map:
DEBUG: Stream Type: OVERLAY
DEBUG: Stream Type: SOLO
DEBUG: Stream Type: SFX
DEBUG: Stream Type: CALLOUT
DEBUG: Stream Type: MUSIC
DEBUG: END GSoundProcessor::printBehaviorData()
DEBUG: END GSoundProcessor::postProcessBehaviors()
    INFO: BEGIN AltsoundProcessorBase::freeStream()
        INFO: Successfully free'd stream(2147483761)
    DEBUG: END AltsoundProcessorBase::freeStream()
INFO: BEGIN GSoundProcessor::adjustStreamVolumes()
DEBUG: BEGIN GSoundProcessor::findLowestDuckVolume()
    DEBUG: SFX duck_vol_map is empty()
DEBUG: END GSoundProcessor::findLowestDuckVolume()
    DEBUG: SFX ducking volume: 1.00
DEBUG: BEGIN: AltsoundProcessorBase::setVolume()
    INFO: Setting volume for stream 2147483755
    DEBUG: SAMPLE_VOL:0.34  GLOBAL_VOL:1.00  MASTER_VOL:1.00
    INFO: SUCCESS BASS_ChannelSetAttribute(BASS_ATTRIB_VOL)
DEBUG: END: AltsoundProcessorBase::setVolume()
    DEBUG: SFX stream 2147483755 gain:  0.40  group_vol:  0.85 ducked_vol:  1.00
DEBUG: BEGIN GSoundProcessor::findLowestDuckVolume()
    DEBUG: SFX duck_vol_map is empty()
DEBUG: END GSoundProcessor::findLowestDuckVolume()
    DEBUG: SFX ducking volume: 1.00
DEBUG: BEGIN: AltsoundProcessorBase::setVolume()
    INFO: Setting volume for stream 2147483757
    DEBUG: SAMPLE_VOL:0.43  GLOBAL_VOL:1.00  MASTER_VOL:1.00
    INFO: SUCCESS BASS_ChannelSetAttribute(BASS_ATTRIB_VOL)
DEBUG: END: AltsoundProcessorBase::setVolume()
    DEBUG: SFX stream 2147483757 gain:  0.50  group_vol:  0.85 ducked_vol:  1.00
DEBUG: BEGIN GSoundProcessor::findLowestDuckVolume()
    DEBUG: SFX duck_vol_map is empty()
DEBUG: END GSoundProcessor::findLowestDuckVolume()
    DEBUG: SFX ducking volume: 1.00
DEBUG: BEGIN: AltsoundProcessorBase::setVolume()
    INFO: Setting volume for stream 2147483759
    DEBUG: SAMPLE_VOL:0.34  GLOBAL_VOL:1.00  MASTER_VOL:1.00
    INFO: SUCCESS BASS_ChannelSetAttribute(BASS_ATTRIB_VOL)
DEBUG: END: AltsoundProcessorBase::setVolume()
    DEBUG: SFX stream 2147483759 gain:  0.40  group_vol:  0.85 ducked_vol:  1.00
DEBUG: BEGIN GSoundProcessor::findLowestDuckVolume()
    DEBUG: SFX duck_vol_map is empty()
DEBUG: END GSoundProcessor::findLowestDuckVolume()
    DEBUG: SFX ducking volume: 1.00
DEBUG: BEGIN: AltsoundProcessorBase::setVolume()
    INFO: Setting volume for stream 2147483763
    DEBUG: SAMPLE_VOL:0.43  GLOBAL_VOL:1.00  MASTER_VOL:1.00
    INFO: SUCCESS BASS_ChannelSetAttribute(BASS_ATTRIB_VOL)
DEBUG: END: AltsoundProcessorBase::setVolume()
    DEBUG: SFX stream 2147483763 gain:  0.50  group_vol:  0.85 ducked_vol:  1.00
DEBUG: BEGIN GSoundProcessor::findLowestDuckVolume()
    DEBUG: SFX duck_vol_map is empty()
DEBUG: END GSoundProcessor::findLowestDuckVolume()
    DEBUG: SFX ducking volume: 1.00
DEBUG: BEGIN: AltsoundProcessorBase::setVolume()
    INFO: Setting volume for stream 2147483765
    DEBUG: SAMPLE_VOL:0.34  GLOBAL_VOL:1.00  MASTER_VOL:1.00
    INFO: SUCCESS BASS_ChannelSetAttribute(BASS_ATTRIB_VOL)
DEBUG: END: AltsoundProcessorBase::setVolume()
    DEBUG: SFX stream 2147483765 gain:  0.40  group_vol:  0.85 ducked_vol:  1.00
DEBUG: BEGIN GSoundProcessor::findLowestDuckVolume()
    DEBUG: SFX duck_vol_map is empty()
DEBUG: END GSoundProcessor::findLowestDuckVolume()
    DEBUG: SFX ducking volume: 1.00
DEBUG: BEGIN: AltsoundProcessorBase::setVolume()
    INFO: Setting volume for stream 2147483767
    DEBUG: SAMPLE_VOL:0.43  GLOBAL_VOL:1.00  MASTER_VOL:1.00
    INFO: SUCCESS BASS_ChannelSetAttribute(BASS_ATTRIB_VOL)
DEBUG: END: AltsoundProcessorBase::setVolume()
    DEBUG: SFX stream 2147483767 gain:  0.50  group_vol:  0.85 ducked_vol:  1.00
    INFO: Num active streams: 6
DEBUG: END GSoundProcessor::adjustStreamVolumes()
DEBUG: BEGIN GSoundProcessor::processPausedStreams()
DEBUG: BEGIN GSoundProcessor::tryResumeStream()
DEBUG: END GSoundProcessor::tryResumeStream()
DEBUG: BEGIN GSoundProcessor::tryResumeStream()
DEBUG: END GSoundProcessor::tryResumeStream()
DEBUG: BEGIN GSoundProcessor::tryResumeStream()
DEBUG: END GSoundProcessor::tryResumeStream()
DEBUG: BEGIN GSoundProcessor::tryResumeStream()
DEBUG: END GSoundProcessor::tryResumeStream()
DEBUG: BEGIN GSoundProcessor::tryResumeStream()
DEBUG: END GSoundProcessor::tryResumeStream()
DEBUG: BEGIN GSoundProcessor::tryResumeStream()
DEBUG: END GSoundProcessor::tryResumeStream()
DEBUG: END GSoundProcessor::processPausedStreams()
    INFO: SFX stream(2147483761) finished on ch(05)
DEBUG: END GSoundProcessor::common_callback()
DEBUG: 
BEGIN: GSoundProcessor::common_callback()
    INFO: HSYNC: 2147483758  HSTREAM: 2147483757
    DEBUG: Acquiring mutex
DEBUG: BEGIN: GSoundProcessor::postProcessBehaviors()
    DEBUG: Post-processing SFX behaviors on OVERLAY streams
    DEBUG: Post-processing SFX ducking impact on OVERLAY streams
    DEBUG: Post-processing SFX behaviors on SOLO streams
    DEBUG: Post-processing SFX ducking impact on SOLO streams
    DEBUG: Post-processing SFX behaviors on SFX streams
    DEBUG: Post-processing SFX ducking impact on SFX streams
    DEBUG: Post-processing SFX behaviors on CALLOUT streams
    DEBUG: Post-processing SFX ducking impact on CALLOUT streams
    DEBUG: Post-processing SFX behaviors on MUSIC streams
    DEBUG: Post-processing SFX ducking impact on MUSIC streams
    DEBUG: Erasing ducking impact from SFX stream: 2147483757
DEBUG: BEGIN GSoundProcessor::printBehaviorData()
DEBUG: Printing duck_vol_map:
DEBUG: Stream Type: OVERLAY
DEBUG: Stream Type: SOLO
DEBUG: Stream Type: SFX
DEBUG: Stream Type: CALLOUT
DEBUG: Stream Type: MUSIC
DEBUG: Stream ID: 2147483767, Duck Volume: 0.850000
DEBUG: Stream ID: 2147483765, Duck Volume: 0.850000
DEBUG: Stream ID: 2147483763, Duck Volume: 0.850000
DEBUG: Stream ID: 2147483759, Duck Volume: 0.850000
DEBUG: Stream ID: 2147483755, Duck Volume: 0.850000
DEBUG: Printing paused_status_map:
DEBUG: Stream Type: OVERLAY
DEBUG: Stream Type: SOLO
DEBUG: Stream Type: SFX
DEBUG: Stream Type: CALLOUT
DEBUG: Stream Type: MUSIC
DEBUG: END GSoundProcessor::printBehaviorData()
DEBUG: END GSoundProcessor::postProcessBehaviors()
    INFO: BEGIN AltsoundProcessorBase::freeStream()
        INFO: Successfully free'd stream(2147483757)
    DEBUG: END AltsoundProcessorBase::freeStream()
INFO: BEGIN GSoundProcessor::adjustStreamVolumes()
DEBUG: BEGIN GSoundProcessor::findLowestDuckVolume()
    DEBUG: SFX duck_vol_map is empty()
DEBUG: END GSoundProcessor::findLowestDuckVolume()
    DEBUG: SFX ducking volume: 1.00
DEBUG: BEGIN: AltsoundProcessorBase::setVolume()
    INFO: Setting volume for stream 2147483755
    DEBUG: SAMPLE_VOL:0.34  GLOBAL_VOL:1.00  MASTER_VOL:1.00
    INFO: SUCCESS BASS_ChannelSetAttribute(BASS_ATTRIB_VOL)
DEBUG: END: AltsoundProcessorBase::setVolume()
    DEBUG: SFX stream 2147483755 gain:  0.40  group_vol:  0.85 ducked_vol:  1.00
DEBUG: BEGIN GSoundProcessor::findLowestDuckVolume()
    DEBUG: SFX duck_vol_map is empty()
DEBUG: END GSoundProcessor::findLowestDuckVolume()
    DEBUG: SFX ducking volume: 1.00
DEBUG: BEGIN: AltsoundProcessorBase::setVolume()
    INFO: Setting volume for stream 2147483759
    DEBUG: SAMPLE_VOL:0.34  GLOBAL_VOL:1.00  MASTER_VOL:1.00
    INFO: SUCCESS BASS_ChannelSetAttribute(BASS_ATTRIB_VOL)
DEBUG: END: AltsoundProcessorBase::setVolume()
    DEBUG: SFX stream 2147483759 gain:  0.40  group_vol:  0.85 ducked_vol:  1.00
DEBUG: BEGIN GSoundProcessor::findLowestDuckVolume()
    DEBUG: SFX duck_vol_map is empty()
DEBUG: END GSoundProcessor::findLowestDuckVolume()
    DEBUG: SFX ducking volume: 1.00
DEBUG: BEGIN: AltsoundProcessorBase::setVolume()
    INFO: Setting volume for stream 2147483763
    DEBUG: SAMPLE_VOL:0.43  GLOBAL_VOL:1.00  MASTER_VOL:1.00
    INFO: SUCCESS BASS_ChannelSetAttribute(BASS_ATTRIB_VOL)
DEBUG: END: AltsoundProcessorBase::setVolume()
    DEBUG: SFX stream 2147483763 gain:  0.50  group_vol:  0.85 ducked_vol:  1.00
DEBUG: BEGIN GSoundProcessor::findLowestDuckVolume()
    DEBUG: SFX duck_vol_map is empty()
DEBUG: END GSoundProcessor::findLowestDuckVolume()
    DEBUG: SFX ducking volume: 1.00
DEBUG: BEGIN: AltsoundProcessorBase::setVolume()
    INFO: Setting volume for stream 2147483765
    DEBUG: SAMPLE_VOL:0.34  GLOBAL_VOL:1.00  MASTER_VOL:1.00
    INFO: SUCCESS BASS_ChannelSetAttribute(BASS_ATTRIB_VOL)
DEBUG: END: AltsoundProcessorBase::setVolume()
    DEBUG: SFX stream 2147483765 gain:  0.40  group_vol:  0.85 ducked_vol:  1.00
DEBUG: BEGIN GSoundProcessor::findLowestDuckVolume()
    DEBUG: SFX duck_vol_map is empty()
DEBUG: END GSoundProcessor::findLowestDuckVolume()
    DEBUG: SFX ducking volume: 1.00
DEBUG: BEGIN: AltsoundProcessorBase::setVolume()
    INFO: Setting volume for stream 2147483767
    DEBUG: SAMPLE_VOL:0.43  GLOBAL_VOL:1.00  MASTER_VOL:1.00
    INFO: SUCCESS BASS_ChannelSetAttribute(BASS_ATTRIB_VOL)
DEBUG: END: AltsoundProcessorBase::setVolume()
    DEBUG: SFX stream 2147483767 gain:  0.50  group_vol:  0.85 ducked_vol:  1.00
    INFO: Num active streams: 5
DEBUG: END GSoundProcessor::adjustStreamVolumes()
DEBUG: BEGIN GSoundProcessor::processPausedStreams()
DEBUG: BEGIN GSoundProcessor::tryResumeStream()
DEBUG: END GSoundProcessor::tryResumeStream()
DEBUG: BEGIN GSoundProcessor::tryResumeStream()
DEBUG: END GSoundProcessor::tryResumeStream()
DEBUG: BEGIN GSoundProcessor::tryResumeStream()
DEBUG: END GSoundProcessor::tryResumeStream()
DEBUG: BEGIN GSoundProcessor::tryResumeStream()
DEBUG: END GSoundProcessor::tryResumeStream()
DEBUG: BEGIN GSoundProcessor::tryResumeStream()
DEBUG: END GSoundProcessor::tryResumeStream()
DEBUG: END GSoundProcessor::processPausedStreams()
    INFO: SFX stream(2147483757) finished on ch(01)
DEBUG: END GSoundProcessor::common_callback()
DEBUG: 
BEGIN: GSoundProcessor::common_callback()
    INFO: HSYNC: 2147483768  HSTREAM: 2147483767
    DEBUG: Acquiring mutex
DEBUG: BEGIN: GSoundProcessor::postProcessBehaviors()
    DEBUG: Post-processing SFX behaviors on OVERLAY streams
    DEBUG: Post-processing SFX ducking impact on OVERLAY streams
    DEBUG: Post-processing SFX behaviors on SOLO streams
    DEBUG: Post-processing SFX ducking impact on SOLO streams
    DEBUG: Post-processing SFX behaviors on SFX streams
    DEBUG: Post-processing SFX ducking impact on SFX streams
    DEBUG: Post-processing SFX behaviors on CALLOUT streams
    DEBUG: Post-processing SFX ducking impact on CALLOUT streams
    DEBUG: Post-processing SFX behaviors on MUSIC streams
    DEBUG: Post-processing SFX ducking impact on MUSIC streams
    DEBUG: Erasing ducking impact from SFX stream: 2147483767
DEBUG: BEGIN GSoundProcessor::printBehaviorData()
DEBUG: Printing duck_vol_map:
DEBUG: Stream Type: OVERLAY
DEBUG: Stream Type: SOLO
DEBUG: Stream Type: SFX
DEBUG: Stream Type: CALLOUT
DEBUG: Stream Type: MUSIC
DEBUG: Stream ID: 2147483765, Duck Volume: 0.850000
DEBUG: Stream ID: 2147483763, Duck Volume: 0.850000
DEBUG: Stream ID: 2147483759, Duck Volume: 0.850000
DEBUG: Stream ID: 2147483755, Duck Volume: 0.850000
DEBUG: Printing paused_status_map:
DEBUG: Stream Type: OVERLAY
DEBUG: Stream Type: SOLO
DEBUG: Stream Type: SFX
DEBUG: Stream Type: CALLOUT
DEBUG: Stream Type: MUSIC
DEBUG: END GSoundProcessor::printBehaviorData()
DEBUG: END GSoundProcessor::postProcessBehaviors()
    INFO: BEGIN AltsoundProcessorBase::freeStream()
        INFO: Successfully free'd stream(2147483767)
    DEBUG: END AltsoundProcessorBase::freeStream()
INFO: BEGIN GSoundProcessor::adjustStreamVolumes()
DEBUG: BEGIN GSoundProcessor::findLowestDuckVolume()
    DEBUG: SFX duck_vol_map is empty()
DEBUG: END GSoundProcessor::findLowestDuckVolume()
    DEBUG: SFX ducking volume: 1.00
DEBUG: BEGIN: AltsoundProcessorBase::setVolume()
    INFO: Setting volume for stream 2147483755
    DEBUG: SAMPLE_VOL:0.34  GLOBAL_VOL:1.00  MASTER_VOL:1.00
    INFO: SUCCESS BASS_ChannelSetAttribute(BASS_ATTRIB_VOL)
DEBUG: END: AltsoundProcessorBase::setVolume()
    DEBUG: SFX stream 2147483755 gain:  0.40  group_vol:  0.85 ducked_vol:  1.00
DEBUG: BEGIN GSoundProcessor::findLowestDuckVolume()
    DEBUG: SFX duck_vol_map is empty()
DEBUG: END GSoundProcessor::findLowestDuckVolume()
    DEBUG: SFX ducking volume: 1.00
DEBUG: BEGIN: AltsoundProcessorBase::setVolume()
    INFO: Setting volume for stream 2147483759
    DEBUG: SAMPLE_VOL:0.34  GLOBAL_VOL:1.00  MASTER_VOL:1.00
    INFO: SUCCESS BASS_ChannelSetAttribute(BASS_ATTRIB_VOL)
DEBUG: END: AltsoundProcessorBase::setVolume()
    DEBUG: SFX stream 2147483759 gain:  0.40  group_vol:  0.85 ducked_vol:  1.00
DEBUG: BEGIN GSoundProcessor::findLowestDuckVolume()
    DEBUG: SFX duck_vol_map is empty()
DEBUG: END GSoundProcessor::findLowestDuckVolume()
    DEBUG: SFX ducking volume: 1.00
DEBUG: BEGIN: AltsoundProcessorBase::setVolume()
    INFO: Setting volume for stream 2147483763
    DEBUG: SAMPLE_VOL:0.43  GLOBAL_VOL:1.00  MASTER_VOL:1.00
    INFO: SUCCESS BASS_ChannelSetAttribute(BASS_ATTRIB_VOL)
DEBUG: END: AltsoundProcessorBase::setVolume()
    DEBUG: SFX stream 2147483763 gain:  0.50  group_vol:  0.85 ducked_vol:  1.00
DEBUG: BEGIN GSoundProcessor::findLowestDuckVolume()
    DEBUG: SFX duck_vol_map is empty()
DEBUG: END GSoundProcessor::findLowestDuckVolume()
    DEBUG: SFX ducking volume: 1.00
DEBUG: BEGIN: AltsoundProcessorBase::setVolume()
    INFO: Setting volume for stream 2147483765
    DEBUG: SAMPLE_VOL:0.34  GLOBAL_VOL:1.00  MASTER_VOL:1.00
    INFO: SUCCESS BASS_ChannelSetAttribute(BASS_ATTRIB_VOL)
DEBUG: END: AltsoundProcessorBase::setVolume()
    DEBUG: SFX stream 2147483765 gain:  0.40  group_vol:  0.85 ducked_vol:  1.00
    INFO: Num active streams: 4
DEBUG: END GSoundProcessor::adjustStreamVolumes()
DEBUG: BEGIN GSoundProcessor::processPausedStreams()
DEBUG: BEGIN GSoundProcessor::tryResumeStream()
DEBUG: END GSoundProcessor::tryResumeStream()
DEBUG: BEGIN GSoundProcessor::tryResumeStream()
DEBUG: END GSoundProcessor::tryResumeStream()
DEBUG: BEGIN GSoundProcessor::tryResumeStream()
DEBUG: END GSoundProcessor::tryResumeStream()
DEBUG: BEGIN GSoundProcessor::tryResumeStream()
DEBUG: END GSoundProcessor::tryResumeStream()
DEBUG: END GSoundProcessor::processPausedStreams()
    INFO: SFX stream(2147483767) finished on ch(09)
DEBUG: END GSoundProcessor::common_callback()
DEBUG: 
BEGIN: GSoundProcessor::common_callback()
    INFO: HSYNC: 2147483760  HSTREAM: 2147483759
    DEBUG: Acquiring mutex
DEBUG: BEGIN: GSoundProcessor::postProcessBehaviors()
    DEBUG: Post-processing SFX behaviors on OVERLAY streams
    DEBUG: Post-processing SFX ducking impact on OVERLAY streams
    DEBUG: Post-processing SFX behaviors on SOLO streams
    DEBUG: Post-processing SFX ducking impact on SOLO streams
    DEBUG: Post-processing SFX behaviors on SFX streams
    DEBUG: Post-processing SFX ducking impact on SFX streams
    DEBUG: Post-processing SFX behaviors on CALLOUT streams
    DEBUG: Post-processing SFX ducking impact on CALLOUT streams
    DEBUG: Post-processing SFX behaviors on MUSIC streams
    DEBUG: Post-processing SFX ducking impact on MUSIC streams
    DEBUG: Erasing ducking impact from SFX stream: 2147483759
DEBUG: BEGIN GSoundProcessor::printBehaviorData()
DEBUG: Printing duck_vol_map:
DEBUG: Stream Type: OVERLAY
DEBUG: Stream Type: SOLO
DEBUG: Stream Type: SFX
DEBUG: Stream Type: CALLOUT
DEBUG: Stream Type: MUSIC
DEBUG: Stream ID: 2147483765, Duck Volume: 0.850000
DEBUG: Stream ID: 2147483763, Duck Volume: 0.850000
DEBUG: Stream ID: 2147483755, Duck Volume: 0.850000
DEBUG: Printing paused_status_map:
DEBUG: Stream Type: OVERLAY
DEBUG: Stream Type: SOLO
DEBUG: Stream Type: SFX
DEBUG: Stream Type: CALLOUT
DEBUG: Stream Type: MUSIC
DEBUG: END GSoundProcessor::printBehaviorData()
DEBUG: END GSoundProcessor::postProcessBehaviors()
    INFO: BEGIN AltsoundProcessorBase::freeStream()
        INFO: Successfully free'd stream(2147483759)
    DEBUG: END AltsoundProcessorBase::freeStream()
INFO: BEGIN GSoundProcessor::adjustStreamVolumes()
DEBUG: BEGIN GSoundProcessor::findLowestDuckVolume()
    DEBUG: SFX duck_vol_map is empty()
DEBUG: END GSoundProcessor::findLowestDuckVolume()
    DEBUG: SFX ducking volume: 1.00
DEBUG: BEGIN: AltsoundProcessorBase::setVolume()
    INFO: Setting volume for stream 2147483755
    DEBUG: SAMPLE_VOL:0.34  GLOBAL_VOL:1.00  MASTER_VOL:1.00
    INFO: SUCCESS BASS_ChannelSetAttribute(BASS_ATTRIB_VOL)
DEBUG: END: AltsoundProcessorBase::setVolume()
    DEBUG: SFX stream 2147483755 gain:  0.40  group_vol:  0.85 ducked_vol:  1.00
DEBUG: BEGIN GSoundProcessor::findLowestDuckVolume()
    DEBUG: SFX duck_vol_map is empty()
DEBUG: END GSoundProcessor::findLowestDuckVolume()
    DEBUG: SFX ducking volume: 1.00
DEBUG: BEGIN: AltsoundProcessorBase::setVolume()
    INFO: Setting volume for stream 2147483763
    DEBUG: SAMPLE_VOL:0.43  GLOBAL_VOL:1.00  MASTER_VOL:1.00
    INFO: SUCCESS BASS_ChannelSetAttribute(BASS_ATTRIB_VOL)
DEBUG: END: AltsoundProcessorBase::setVolume()
    DEBUG: SFX stream 2147483763 gain:  0.50  group_vol:  0.85 ducked_vol:  1.00
DEBUG: BEGIN GSoundProcessor::findLowestDuckVolume()
    DEBUG: SFX duck_vol_map is empty()
DEBUG: END GSoundProcessor::findLowestDuckVolume()
    DEBUG: SFX ducking volume: 1.00
DEBUG: BEGIN: AltsoundProcessorBase::setVolume()
    INFO: Setting volume for stream 2147483765
    DEBUG: SAMPLE_VOL:0.34  GLOBAL_VOL:1.00  MASTER_VOL:1.00
    INFO: SUCCESS BASS_ChannelSetAttribute(BASS_ATTRIB_VOL)
DEBUG: END: AltsoundProcessorBase::setVolume()
    DEBUG: SFX stream 2147483765 gain:  0.40  group_vol:  0.85 ducked_vol:  1.00
    INFO: Num active streams: 3
DEBUG: END GSoundProcessor::adjustStreamVolumes()
DEBUG: BEGIN GSoundProcessor::processPausedStreams()
DEBUG: BEGIN GSoundProcessor::tryResumeStream()
DEBUG: END GSoundProcessor::tryResumeStream()
DEBUG: BEGIN GSoundProcessor::tryResumeStream()
DEBUG: END GSoundProcessor::tryResumeStream()
DEBUG: BEGIN GSoundProcessor::tryResumeStream()
DEBUG: END GSoundProcessor::tryResumeStream()
DEBUG: END GSoundProcessor::processPausedStreams()
    INFO: SFX stream(2147483759) finished on ch(02)
DEBUG: END GSoundProcessor::common_callback()
DEBUG: 
BEGIN: GSoundProcessor::common_callback()
    INFO: HSYNC: 2147483756  HSTREAM: 2147483755
    DEBUG: Acquiring mutex
DEBUG: BEGIN: GSoundProcessor::postProcessBehaviors()
    DEBUG: Post-processing SFX behaviors on OVERLAY streams
    DEBUG: Post-processing SFX ducking impact on OVERLAY streams
    DEBUG: Post-processing SFX behaviors on SOLO streams
    DEBUG: Post-processing SFX ducking impact on SOLO streams
    DEBUG: Post-processing SFX behaviors on SFX streams
    DEBUG: Post-processing SFX ducking impact on SFX streams
    DEBUG: Post-processing SFX behaviors on CALLOUT streams
    DEBUG: Post-processing SFX ducking impact on CALLOUT streams
    DEBUG: Post-processing SFX behaviors on MUSIC streams
    DEBUG: Post-processing SFX ducking impact on MUSIC streams
    DEBUG: Erasing ducking impact from SFX stream: 2147483755
DEBUG: BEGIN GSoundProcessor::printBehaviorData()
DEBUG: Printing duck_vol_map:
DEBUG: Stream Type: OVERLAY
DEBUG: Stream Type: SOLO
DEBUG: Stream Type: SFX
DEBUG: Stream Type: CALLOUT
DEBUG: Stream Type: MUSIC
DEBUG: Stream ID: 2147483765, Duck Volume: 0.850000
DEBUG: Stream ID: 2147483763, Duck Volume: 0.850000
DEBUG: Printing paused_status_map:
DEBUG: Stream Type: OVERLAY
DEBUG: Stream Type: SOLO
DEBUG: Stream Type: SFX
DEBUG: Stream Type: CALLOUT
DEBUG: Stream Type: MUSIC
DEBUG: END GSoundProcessor::printBehaviorData()
DEBUG: END GSoundProcessor::postProcessBehaviors()
    INFO: BEGIN AltsoundProcessorBase::freeStream()
        INFO: Successfully free'd stream(2147483755)
    DEBUG: END AltsoundProcessorBase::freeStream()
INFO: BEGIN GSoundProcessor::adjustStreamVolumes()
DEBUG: BEGIN GSoundProcessor::findLowestDuckVolume()
    DEBUG: SFX duck_vol_map is empty()
DEBUG: END GSoundProcessor::findLowestDuckVolume()
    DEBUG: SFX ducking volume: 1.00
DEBUG: BEGIN: AltsoundProcessorBase::setVolume()
    INFO: Setting volume for stream 2147483763
    DEBUG: SAMPLE_VOL:0.43  GLOBAL_VOL:1.00  MASTER_VOL:1.00
    INFO: SUCCESS BASS_ChannelSetAttribute(BASS_ATTRIB_VOL)
DEBUG: END: AltsoundProcessorBase::setVolume()
    DEBUG: SFX stream 2147483763 gain:  0.50  group_vol:  0.85 ducked_vol:  1.00
DEBUG: BEGIN GSoundProcessor::findLowestDuckVolume()
    DEBUG: SFX duck_vol_map is empty()
DEBUG: END GSoundProcessor::findLowestDuckVolume()
    DEBUG: SFX ducking volume: 1.00
DEBUG: BEGIN: AltsoundProcessorBase::setVolume()
    INFO: Setting volume for stream 2147483765
    DEBUG: SAMPLE_VOL:0.34  GLOBAL_VOL:1.00  MASTER_VOL:1.00
    INFO: SUCCESS BASS_ChannelSetAttribute(BASS_ATTRIB_VOL)
DEBUG: END: AltsoundProcessorBase::setVolume()
    DEBUG: SFX stream 2147483765 gain:  0.40  group_vol:  0.85 ducked_vol:  1.00
    INFO: Num active streams: 2
DEBUG: END GSoundProcessor::adjustStreamVolumes()
DEBUG: BEGIN GSoundProcessor::processPausedStreams()
DEBUG: BEGIN GSoundProcessor::tryResumeStream()
DEBUG: END GSoundProcessor::tryResumeStream()
DEBUG: BEGIN GSoundProcessor::tryResumeStream()
DEBUG: END GSoundProcessor::tryResumeStream()
DEBUG: END GSoundProcessor::processPausedStreams()
    INFO: SFX stream(2147483755) finished on ch(00)
DEBUG: END GSoundProcessor::common_callback()
DEBUG: 
BEGIN: GSoundProcessor::common_callback()
    INFO: HSYNC: 2147483764  HSTREAM: 2147483763
    DEBUG: Acquiring mutex
DEBUG: BEGIN: GSoundProcessor::postProcessBehaviors()
    DEBUG: Post-processing SFX behaviors on OVERLAY streams
    DEBUG: Post-processing SFX ducking impact on OVERLAY streams
    DEBUG: Post-processing SFX behaviors on SOLO streams
    DEBUG: Post-processing SFX ducking impact on SOLO streams
    DEBUG: Post-processing SFX behaviors on SFX streams
    DEBUG: Post-processing SFX ducking impact on SFX streams
    DEBUG: Post-processing SFX behaviors on CALLOUT streams
    DEBUG: Post-processing SFX ducking impact on CALLOUT streams
    DEBUG: Post-processing SFX behaviors on MUSIC streams
    DEBUG: Post-processing SFX ducking impact on MUSIC streams
    DEBUG: Erasing ducking impact from SFX stream: 2147483763
DEBUG: BEGIN GSoundProcessor::printBehaviorData()
DEBUG: Printing duck_vol_map:
DEBUG: Stream Type: OVERLAY
DEBUG: Stream Type: SOLO
DEBUG: Stream Type: SFX
DEBUG: Stream Type: CALLOUT
DEBUG: Stream Type: MUSIC
DEBUG: Stream ID: 2147483765, Duck Volume: 0.850000
DEBUG: Printing paused_status_map:
DEBUG: Stream Type: OVERLAY
DEBUG: Stream Type: SOLO
DEBUG: Stream Type: SFX
DEBUG: Stream Type: CALLOUT
DEBUG: Stream Type: MUSIC
DEBUG: END GSoundProcessor::printBehaviorData()
DEBUG: END GSoundProcessor::postProcessBehaviors()
    INFO: BEGIN AltsoundProcessorBase::freeStream()
        INFO: Successfully free'd stream(2147483763)
    DEBUG: END AltsoundProcessorBase::freeStream()
INFO: BEGIN GSoundProcessor::adjustStreamVolumes()
DEBUG: BEGIN GSoundProcessor::findLowestDuckVolume()
    DEBUG: SFX duck_vol_map is empty()
DEBUG: END GSoundProcessor::findLowestDuckVolume()
    DEBUG: SFX ducking volume: 1.00
DEBUG: BEGIN: AltsoundProcessorBase::setVolume()
    INFO: Setting volume for stream 2147483765
    DEBUG: SAMPLE_VOL:0.34  GLOBAL_VOL:1.00  MASTER_VOL:1.00
    INFO: SUCCESS BASS_ChannelSetAttribute(BASS_ATTRIB_VOL)
DEBUG: END: AltsoundProcessorBase::setVolume()
    DEBUG: SFX stream 2147483765 gain:  0.40  group_vol:  0.85 ducked_vol:  1.00
    INFO: Num active streams: 1
DEBUG: END GSoundProcessor::adjustStreamVolumes()
DEBUG: BEGIN GSoundProcessor::processPausedStreams()
DEBUG: BEGIN GSoundProcessor::tryResumeStream()
DEBUG: END GSoundProcessor::tryResumeStream()
DEBUG: END GSoundProcessor::processPausedStreams()
    INFO: SFX stream(2147483763) finished on ch(07)
DEBUG: END GSoundProcessor::common_callback()
DEBUG: 
BEGIN: GSoundProcessor::common_callback()
    INFO: HSYNC: 2147483766  HSTREAM: 2147483765
    DEBUG: Acquiring mutex
DEBUG: BEGIN: GSoundProcessor::postProcessBehaviors()
    DEBUG: Post-processing SFX behaviors on OVERLAY streams
    DEBUG: Post-processing SFX ducking impact on OVERLAY streams
    DEBUG: Post-processing SFX behaviors on SOLO streams
    DEBUG: Post-processing SFX ducking impact on SOLO streams
    DEBUG: Post-processing SFX behaviors on SFX streams
    DEBUG: Post-processing SFX ducking impact on SFX streams
    DEBUG: Post-processing SFX behaviors on CALLOUT streams
    DEBUG: Post-processing SFX ducking impact on CALLOUT streams
    DEBUG: Post-processing SFX behaviors on MUSIC streams
    DEBUG: Post-processing SFX ducking impact on MUSIC streams
    DEBUG: Erasing ducking impact from SFX stream: 2147483765
DEBUG: BEGIN GSoundProcessor::printBehaviorData()
DEBUG: Printing duck_vol_map:
DEBUG: Stream Type: OVERLAY
DEBUG: Stream Type: SOLO
DEBUG: Stream Type: SFX
DEBUG: Stream Type: CALLOUT
DEBUG: Stream Type: MUSIC
DEBUG: Printing paused_status_map:
DEBUG: Stream Type: OVERLAY
DEBUG: Stream Type: SOLO
DEBUG: Stream Type: SFX
DEBUG: Stream Type: CALLOUT
DEBUG: Stream Type: MUSIC
DEBUG: END GSoundProcessor::printBehaviorData()
DEBUG: END GSoundProcessor::postProcessBehaviors()
    INFO: BEGIN AltsoundProcessorBase::freeStream()
        INFO: Successfully free'd stream(2147483765)
    DEBUG: END AltsoundProcessorBase::freeStream()
INFO: BEGIN GSoundProcessor::adjustStreamVolumes()
    INFO: Num active streams: 0
DEBUG: END GSoundProcessor::adjustStreamVolumes()
DEBUG: BEGIN GSoundProcessor::processPausedStreams()
DEBUG: END GSoundProcessor::processPausedStreams()
    INFO: SFX stream(2147483765) finished on ch(08)
DEBUG: END GSoundProcessor::common_callback()
DEBUG: BEGIN AltsoundProcessCommand()
DEBUG: Master Volume (Post Attenuation): 1.00
DEBUG: BEGIN altsound_preprocess_commands()
DEBUG: MAME_GEN: 0x0000000004000
DEBUG: Hardware Generation: DEDMD16, DEDMD32, DEDMD64, DE
DEBUG: END altsound_preprocess_commands()
DEBUG: Command complete. Processing...
    DEBUG: BEGIN GSoundProcessor::handleCmd()
        DEBUG: Acquiring mutex
        DEBUG: BEGIN GSoundProcessor::getSample()
        INFO: Found 1 sample(s) for ID: 000E
        INFO: Sample: gnr_300/0x000e-end_of_ball.ogg
        DEBUG: END GSoundProcessor::getSample()
        DEBUG: BEGIN GSoundProcessor::processStream()
            DEBUG: BEGIN AltsoundProcessorBase::createStream()
                INFO: BEGIN: AltsoundProcessorBase::findFreeChannel()
                    INFO: Found free channel: 00
                DEBUG: END: AltsoundProcessorBase::findFreeChannel()
                INFO: Successfully created stream(2147483769) on channel(00)
            DEBUG: END: AltsoundProcessorBase::createStream()
        DEBUG: BEGIN: GSoundProcessor::processBehaviors()
            DEBUG: Processing SFX behaviors on OVERLAY streams
            DEBUG: Processing SFX behaviors on SOLO streams
            DEBUG: Processing SFX behaviors on SFX streams
            DEBUG: Processing SFX behaviors on CALLOUT streams
            DEBUG: Processing SFX behaviors on MUSIC streams
        DEBUG: BEGIN GSoundProcessor::printBehaviorData()
        DEBUG: Printing duck_vol_map:
        DEBUG: Stream Type: OVERLAY
        DEBUG: Stream Type: SOLO
        DEBUG: Stream Type: SFX
        DEBUG: Stream Type: CALLOUT
        DEBUG: Stream Type: MUSIC
        DEBUG: Stream ID: 2147483769, Duck Volume: 0.850000
        DEBUG: Printing paused_status_map:
        DEBUG: Stream Type: OVERLAY
        DEBUG: Stream Type: SOLO
        DEBUG: Stream Type: SFX
        DEBUG: Stream Type: CALLOUT
        DEBUG: Stream Type: MUSIC
        DEBUG: END GSoundProcessor::printBehaviorData()
        DEBUG: END GSoundProcessor::processBehaviors()
        DEBUG: END GSoundProcessor::processStream()
        INFO: BEGIN GSoundProcessor::adjustStreamVolumes()
        DEBUG: BEGIN GSoundProcessor::findLowestDuckVolume()
            DEBUG: SFX duck_vol_map is empty()
        DEBUG: END GSoundProcessor::findLowestDuckVolume()
            DEBUG: SFX ducking volume: 1.00
        DEBUG: BEGIN: AltsoundProcessorBase::setVolume()
            INFO: Setting volume for stream 2147483769
            DEBUG: SAMPLE_VOL:0.68  GLOBAL_VOL:1.00  MASTER_VOL:1.00
            INFO: SUCCESS BASS_ChannelSetAttribute(BASS_ATTRIB_VOL)
        DEBUG: END: AltsoundProcessorBase::setVolume()
            DEBUG: SFX stream 2147483769 gain:  0.80  group_vol:  0.85 ducked_vol:  1.00
            INFO: Num active streams: 1
        DEBUG: END GSoundProcessor::adjustStreamVolumes()
        INFO: Playing SFX stream: gnr_300/0x000e-end_of_ball.ogg
        DEBUG: HSTREAM(2147483769)  CH(00)  CMD(000E)  SAMPLE(gnr_300/0x000e-end_of_ball.ogg)
            INFO: SUCCESS SFX stream playback
    DEBUG: END GSoundProcessor::handleCmd()
INFO: SUCCESS processor::handleCmd()
DEBUG: BEGIN altsound_postprocess_commands()
DEBUG: MAME_GEN: 0x0000000004000
DEBUG: END postprocess_commands()
DEBUG: END AltsoundProcessCommand()
DEBUG: 
DEBUG: BEGIN AltsoundProcessCommand()
DEBUG: Master Volume (Post Attenuation): 1.00
DEBUG: BEGIN altsound_preprocess_commands()
DEBUG: MAME_GEN: 0x0000000004000
DEBUG: Hardware Generation: DEDMD16, DEDMD32, DEDMD64, DE
DEBUG: END altsound_preprocess_commands()
DEBUG: Command complete. Processing...
    DEBUG: BEGIN GSoundProcessor::handleCmd()
        DEBUG: Acquiring mutex
        DEBUG: BEGIN GSoundProcessor::getSample()
        INFO: No sample(s) found for ID: 0019
        DEBUG: END GSoundProcessor::getSample()
        ERROR: FAILED GSoundProcessor::get_sample()
    DEBUG: END GSoundProcessor::handleCmd()
WARNING: FAILED processor::handleCmd()
DEBUG: BEGIN altsound_postprocess_commands()
DEBUG: MAME_GEN: 0x0000000004000
DEBUG: END postprocess_commands()
DEBUG: END alt_sound_handle()
DEBUG: BEGIN AltsoundProcessCommand()
DEBUG: Master Volume (Post Attenuation): 1.00
DEBUG: BEGIN altsound_preprocess_commands()
DEBUG: MAME_GEN: 0x0000000004000
DEBUG: Hardware Generation: DEDMD16, DEDMD32, DEDMD64, DE
DEBUG: END altsound_preprocess_commands()
DEBUG: Command complete. Processing...
    DEBUG: BEGIN GSoundProcessor::handleCmd()
        DEBUG: Acquiring mutex
        DEBUG: BEGIN GSoundProcessor::getSample()
        INFO: No sample(s) found for ID: 00DD
        DEBUG: END GSoundProcessor::getSample()
        ERROR: FAILED GSoundProcessor::get_sample()
    DEBUG: END GSoundProcessor::handleCmd()
WARNING: FAILED processor::handleCmd()
DEBUG: BEGIN altsound_postprocess_commands()
DEBUG: MAME_GEN: 0x0000000004000
DEBUG: END postprocess_commands()
DEBUG: END alt_sound_handle()
DEBUG: BEGIN AltsoundProcessCommand()
DEBUG: Master Volume (Post Attenuation): 1.00
DEBUG: BEGIN altsound_preprocess_commands()
DEBUG: MAME_GEN: 0x0000000004000
DEBUG: Hardware Generation: DEDMD16, DEDMD32, DEDMD64, DE
DEBUG: END altsound_preprocess_commands()
DEBUG: Command complete. Processing...
    DEBUG: BEGIN GSoundProcessor::handleCmd()
        DEBUG: Acquiring mutex
        DEBUG: BEGIN GSoundProcessor::getSample()
        INFO: No sample(s) found for ID: 00DD
        DEBUG: END GSoundProcessor::getSample()
        ERROR: FAILED GSoundProcessor::get_sample()
    DEBUG: END GSoundProcessor::handleCmd()
WARNING: FAILED processor::handleCmd()
DEBUG: BEGIN altsound_postprocess_commands()
DEBUG: MAME_GEN: 0x0000000004000
DEBUG: END postprocess_commands()
DEBUG: END alt_sound_handle()
DEBUG: BEGIN AltsoundProcessCommand()
DEBUG: Master Volume (Post Attenuation): 1.00
DEBUG: BEGIN altsound_preprocess_commands()
DEBUG: MAME_GEN: 0x0000000004000
DEBUG: Hardware Generation: DEDMD16, DEDMD32, DEDMD64, DE
DEBUG: END altsound_preprocess_commands()
DEBUG: Command complete. Processing...
    DEBUG: BEGIN GSoundProcessor::handleCmd()
        DEBUG: Acquiring mutex
        DEBUG: BEGIN GSoundProcessor::getSample()
        INFO: No sample(s) found for ID: 0019
        DEBUG: END GSoundProcessor::getSample()
        ERROR: FAILED GSoundProcessor::get_sample()
    DEBUG: END GSoundProcessor::handleCmd()
WARNING: FAILED processor::handleCmd()
DEBUG: BEGIN altsound_postprocess_commands()
DEBUG: MAME_GEN: 0x0000000004000
DEBUG: END postprocess_commands()
DEBUG: END alt_sound_handle()
DEBUG: BEGIN AltsoundProcessCommand()
DEBUG: Master Volume (Post Attenuation): 1.00
DEBUG: BEGIN altsound_preprocess_commands()
DEBUG: MAME_GEN: 0x0000000004000
DEBUG: Hardware Generation: DEDMD16, DEDMD32, DEDMD64, DE
DEBUG: END altsound_preprocess_commands()
DEBUG: Command complete. Processing...
    DEBUG: BEGIN GSoundProcessor::handleCmd()
        DEBUG: Acquiring mutex
        DEBUG: BEGIN GSoundProcessor::getSample()
        INFO: No sample(s) found for ID: 0018
        DEBUG: END GSoundProcessor::getSample()
        ERROR: FAILED GSoundProcessor::get_sample()
    DEBUG: END GSoundProcessor::handleCmd()
WARNING: FAILED processor::handleCmd()
DEBUG: BEGIN altsound_postprocess_commands()
DEBUG: MAME_GEN: 0x0000000004000
INFO: Stopping MUSIC(3)
DEBUG: BEGIN GSoundProcessor::stopMusic()
DEBUG: BEGIN: GSoundProcessor::stopExclusiveStream()
    INFO: No active MUSIC stream
DEBUG: END: GSoundProcessor::stopExclusiveStream()
INFO: BEGIN GSoundProcessor::adjustStreamVolumes()
DEBUG: BEGIN GSoundProcessor::findLowestDuckVolume()
    DEBUG: SFX duck_vol_map is empty()
DEBUG: END GSoundProcessor::findLowestDuckVolume()
    DEBUG: SFX ducking volume: 1.00
DEBUG: BEGIN: AltsoundProcessorBase::setVolume()
    INFO: Setting volume for stream 2147483769
    DEBUG: SAMPLE_VOL:0.68  GLOBAL_VOL:1.00  MASTER_VOL:1.00
    INFO: SUCCESS BASS_ChannelSetAttribute(BASS_ATTRIB_VOL)
DEBUG: END: AltsoundProcessorBase::setVolume()
    DEBUG: SFX stream 2147483769 gain:  0.80  group_vol:  0.85 ducked_vol:  1.00
    INFO: Num active streams: 1
DEBUG: END GSoundProcessor::adjustStreamVolumes()
DEBUG: BEGIN GSoundProcessor::processPausedStreams()
DEBUG: BEGIN GSoundProcessor::tryResumeStream()
DEBUG: END GSoundProcessor::tryResumeStream()
DEBUG: END GSoundProcessor::processPausedStreams()
DEBUG: END GSoundProcessor::stopMusic()
DEBUG: END postprocess_commands()
DEBUG: END alt_sound_handle()
DEBUG: BEGIN AltsoundProcessCommand()
DEBUG: Master Volume (Post Attenuation): 1.00
DEBUG: BEGIN altsound_preprocess_commands()
DEBUG: MAME_GEN: 0x0000000004000
DEBUG: Hardware Generation: DEDMD16, DEDMD32, DEDMD64, DE
DEBUG: END altsound_preprocess_commands()
DEBUG: Command complete. Processing...
    DEBUG: BEGIN GSoundProcessor::handleCmd()
        DEBUG: Acquiring mutex
        DEBUG: BEGIN GSoundProcessor::getSample()
        INFO: Found 1 sample(s) for ID: 0006
        INFO: Sample: gnr_300/0x0006-welcome_to_the_jungle_music_waiting_launch_ball_.ogg
        DEBUG: END GSoundProcessor::getSample()
        DEBUG: BEGIN GSoundProcessor::processStream()
            DEBUG: BEGIN AltsoundProcessorBase::createStream()
                INFO: BEGIN: AltsoundProcessorBase::findFreeChannel()
                    INFO: Found free channel: 01
                DEBUG: END: AltsoundProcessorBase::findFreeChannel()
                INFO: Successfully created stream(2147483771) on channel(01)
            DEBUG: END: AltsoundProcessorBase::createStream()
        DEBUG: BEGIN: GSoundProcessor::processBehaviors()
            DEBUG: Processing MUSIC behaviors on OVERLAY streams
            DEBUG: Processing MUSIC behaviors on SOLO streams
            DEBUG: Processing MUSIC behaviors on SFX streams
            DEBUG: Processing MUSIC behaviors on CALLOUT streams
            DEBUG: Processing MUSIC behaviors on MUSIC streams
        DEBUG: BEGIN: GSoundProcessor::stopExclusiveStream()
            INFO: No active MUSIC stream
        DEBUG: END: GSoundProcessor::stopExclusiveStream()
        DEBUG: BEGIN GSoundProcessor::printBehaviorData()
        DEBUG: Printing duck_vol_map:
        DEBUG: Stream Type: OVERLAY
        DEBUG: Stream Type: SOLO
        DEBUG: Stream Type: SFX
        DEBUG: Stream Type: CALLOUT
        DEBUG: Stream Type: MUSIC
        DEBUG: Stream ID: 2147483769, Duck Volume: 0.850000
        DEBUG: Printing paused_status_map:
        DEBUG: Stream Type: OVERLAY
        DEBUG: Stream Type: SOLO
        DEBUG: Stream Type: SFX
        DEBUG: Stream Type: CALLOUT
        DEBUG: Stream Type: MUSIC
        DEBUG: END GSoundProcessor::printBehaviorData()
        DEBUG: END GSoundProcessor::processBehaviors()
        DEBUG: END GSoundProcessor::processStream()
        INFO: BEGIN GSoundProcessor::adjustStreamVolumes()
        DEBUG: BEGIN GSoundProcessor::findLowestDuckVolume()
            DEBUG: SFX duck_vol_map is empty()
        DEBUG: END GSoundProcessor::findLowestDuckVolume()
            DEBUG: SFX ducking volume: 1.00
        DEBUG: BEGIN: AltsoundProcessorBase::setVolume()
            INFO: Setting volume for stream 2147483769
            DEBUG: SAMPLE_VOL:0.68  GLOBAL_VOL:1.00  MASTER_VOL:1.00
            INFO: SUCCESS BASS_ChannelSetAttribute(BASS_ATTRIB_VOL)
        DEBUG: END: AltsoundProcessorBase::setVolume()
            DEBUG: SFX stream 2147483769 gain:  0.80  group_vol:  0.85 ducked_vol:  1.00
        DEBUG: BEGIN GSoundProcessor::findLowestDuckVolume()
            DEBUG: Min ducking value for MUSIC streams: 0.85
        DEBUG: END GSoundProcessor::findLowestDuckVolume()
            DEBUG: MUSIC ducking volume: 0.85
        DEBUG: BEGIN: AltsoundProcessorBase::setVolume()
            INFO: Setting volume for stream 2147483771
            DEBUG: SAMPLE_VOL:0.76  GLOBAL_VOL:1.00  MASTER_VOL:1.00
            INFO: SUCCESS BASS_ChannelSetAttribute(BASS_ATTRIB_VOL)
        DEBUG: END: AltsoundProcessorBase::setVolume()
            DEBUG: MUSIC stream 2147483771 gain:  0.90  group_vol:  1.00 ducked_vol:  0.85
            INFO: Num active streams: 2
        DEBUG: END GSoundProcessor::adjustStreamVolumes()
        INFO: Playing MUSIC stream: gnr_300/0x0006-welcome_to_the_jungle_music_waiting_launch_ball_.ogg
        DEBUG: HSTREAM(2147483771)  CH(01)  CMD(0006)  SAMPLE(gnr_300/0x0006-welcome_to_the_jungle_music_waiting_launch_ball_.ogg)
            INFO: SUCCESS MUSIC stream playback
    DEBUG: END GSoundProcessor::handleCmd()
INFO: SUCCESS processor::handleCmd()
DEBUG: BEGIN altsound_postprocess_commands()
DEBUG: MAME_GEN: 0x0000000004000
DEBUG: END postprocess_commands()
DEBUG: END AltsoundProcessCommand()
DEBUG: 
DEBUG: 
BEGIN: GSoundProcessor::common_callback()
    INFO: HSYNC: 2147483770  HSTREAM: 2147483769
    DEBUG: Acquiring mutex
DEBUG: BEGIN: GSoundProcessor::postProcessBehaviors()
    DEBUG: Post-processing SFX behaviors on OVERLAY streams
    DEBUG: Post-processing SFX ducking impact on OVERLAY streams
    DEBUG: Post-processing SFX behaviors on SOLO streams
    DEBUG: Post-processing SFX ducking impact on SOLO streams
    DEBUG: Post-processing SFX behaviors on SFX streams
    DEBUG: Post-processing SFX ducking impact on SFX streams
    DEBUG: Post-processing SFX behaviors on CALLOUT streams
    DEBUG: Post-processing SFX ducking impact on CALLOUT streams
    DEBUG: Post-processing SFX behaviors on MUSIC streams
    DEBUG: Post-processing SFX ducking impact on MUSIC streams
    DEBUG: Erasing ducking impact from SFX stream: 2147483769
DEBUG: BEGIN GSoundProcessor::printBehaviorData()
DEBUG: Printing duck_vol_map:
DEBUG: Stream Type: OVERLAY
DEBUG: Stream Type: SOLO
DEBUG: Stream Type: SFX
DEBUG: Stream Type: CALLOUT
DEBUG: Stream Type: MUSIC
DEBUG: Printing paused_status_map:
DEBUG: Stream Type: OVERLAY
DEBUG: Stream Type: SOLO
DEBUG: Stream Type: SFX
DEBUG: Stream Type: CALLOUT
DEBUG: Stream Type: MUSIC
DEBUG: END GSoundProcessor::printBehaviorData()
DEBUG: END GSoundProcessor::postProcessBehaviors()
    INFO: BEGIN AltsoundProcessorBase::freeStream()
        INFO: Successfully free'd stream(2147483769)
    DEBUG: END AltsoundProcessorBase::freeStream()
INFO: BEGIN GSoundProcessor::adjustStreamVolumes()
DEBUG: BEGIN GSoundProcessor::findLowestDuckVolume()
    DEBUG: MUSIC duck_vol_map is empty()
DEBUG: END GSoundProcessor::findLowestDuckVolume()
    DEBUG: MUSIC ducking volume: 1.00
DEBUG: BEGIN: AltsoundProcessorBase::setVolume()
    INFO: Setting volume for stream 2147483771
    DEBUG: SAMPLE_VOL:0.90  GLOBAL_VOL:1.00  MASTER_VOL:1.00
    INFO: SUCCESS BASS_ChannelSetAttribute(BASS_ATTRIB_VOL)
DEBUG: END: AltsoundProcessorBase::setVolume()
    DEBUG: MUSIC stream 2147483771 gain:  0.90  group_vol:  1.00 ducked_vol:  1.00
    INFO: Num active streams: 1
DEBUG: END GSoundProcessor::adjustStreamVolumes()
DEBUG: BEGIN GSoundProcessor::processPausedStreams()
DEBUG: BEGIN GSoundProcessor::tryResumeStream()
DEBUG: END GSoundProcessor::tryResumeStream()
DEBUG: END GSoundProcessor::processPausedStreams()
    INFO: SFX stream(2147483769) finished on ch(00)
DEBUG: END GSoundProcessor::common_callback()
DEBUG: BEGIN AltsoundShutdown()
DEBUG: BEGIN AltsoundProcessorBase::stopAllStreams()
DEBUG: BEGIN: AltsoundProcessorBase::stopStream()
INFO: BEGIN AltsoundProcessorBase::freeStream()
    INFO: Successfully free'd stream(2147483771)
DEBUG: END AltsoundProcessorBase::freeStream()
INFO: Successfully stopped stream(2147483771)
DEBUG: END: AltsoundProcessorBase::stopStream()
DEBUG: END AltsoundProcessorBase::stopAllStreams()
DEBUG: END AltsoundShutdown()
